URL,Version,Status,OIDs,Name,Title,Description,Used
http://hl7.org/fhir/administrative-gender,4.0.1,active,"2.16.840.1.113883.4.642.4.2",AdministrativeGender,AdministrativeGender,"The gender of a person used for administrative purposes.","ValueSet/administrative-gender"
http://loinc.org,3.1.0,active,"2.16.840.1.113883.6.1",LOINC,Logical Observation Identifiers, Names and Codes (LOINC),"LOINC provides a set of universal names and ID codes for identifying laboratory and clinical test results.1,2 LOINC facilitates the exchange and pooling of results, such as blood hemoglobin, serum potassium, or vital signs, for clinical care, outcomes management, and research. LOINC's universal identifiers (names and codes) can be used in the context of order and observation exchanges between information systems that use syntax standards such as HL73, CEN TC251, ISO TC215, ASTM4, and DICOM. Specifically, the identifier can be used as the coded value for an observation in any other standard that uses the observation/observation value paradigm, whether messages, documents, application programming interface (API), etc. For example, LOINC codes are used widely in the OBX segment Observation Identifier field (OBX-3) of an ORU HL7 (HL7 version 2.x or ASTM 1238-9410) message that may be sent between a Clinical Laboratory Information Management Systems (LIMS) and Electronic Health Record Systems (EHR).5, 6 In this way, LOINC codes provide universal identifiers that allow the exchange of clinical data between heterogeneous computing environments.","ValueSet/SILPH-TransportAccidentCollisionorNoncollisionVS,ValueSet/SILPH-GCSVerbalVS,ValueSet/SILPH-GCSMotorVS,ValueSet/SILPH-ElementTerminologyVS,ValueSet/SILPH-TypeofPatientVS,ValueSet/SILPH-SafetyDevicesVS,ValueSet/SILPH-TriageVS,ValueSet/SILPH-ModeofTransportVS,ValueSet/SILPH-GCSEyesVS,ValueSet/a451137e-f7ff-4fb3-af03-e2bae290ea22"
http://snomed.info/sct,null,active,"2.16.840.1.113883.6.96",SNOMED_CT,SNOMED CT (all versions),"SNOMED CT is the most comprehensive and precise clinical health terminology product in the world, owned and distributed around the world by The International Health Terminology Standards Development Organisation (IHTSDO).","ValueSet/SILPH-PR-RhythmVS,ValueSet/SILPH-ElementTerminologyVS,ValueSet/SILPH-ActivityVS,ValueSet/SILPH-PupilsVS,ValueSet/SILPH-SafetyDevicesVS,ValueSet/SILPH-RR-BreathSoundsVS,ValueSet/SILPH-RR-RhythmVS,ValueSet/SILPH-TriageVS,ValueSet/SILPH-StatusifAliveVS,ValueSet/SILPH-PositionofPatientVS,ValueSet/SILPH-LevelofConsciousnessVS,ValueSet/SILPH-InpatientDispositionVS,ValueSet/SILPH-FractureTypeVS,ValueSet/SILPH-OutpatientERDispositionVS,ValueSet/SILPH-OtherVehicleVS,ValueSet/SILPH-StatusVS,ValueSet/SILPH-PR-QualityVS,ValueSet/SILPH-ExternalCauseofDrowningVS,ValueSet/SILPH-BurnsVS,ValueSet/SILPH-InjuryIntentVS,ValueSet/SILPH-RiskFactorsVS,ValueSet/SILPH-ExternalCauseofBurnsVS,ValueSet/SILPH-ModeofTransportVS,ValueSet/SILPH-ListofBodySitesVS,ValueSet/SILPH-GeneralDispositionVS,ValueSet/SILPH-TransportAccidentTypeVS,ValueSet/SILPH-OutcomeVS,ValueSet/SILPH-PatientsVehicleVS,ValueSet/SILPH-SexVS,ValueSet/SILPH-PlaceofOccurrenceVS,ValueSet/SILPH-Cyanosis,ValueSet/a451137e-f7ff-4fb3-af03-e2bae290ea22"
http://terminology.hl7.org/CodeSystem/v3-ParticipationType,5.0.0,active,"2.16.840.1.113883.5.90",ParticipationType,ParticipationType,"A code specifying the meaning and purpose of every Participation instance. Each of its values implies specific constraints on the Roles undertaking the participation.","ValueSet/a451137e-f7ff-4fb3-af03-e2bae290ea22"
http://www.roadsafetyph.doh.gov.ph/CodeSystem,0.3.0,draft,,SILPH_Road_Safety_Local_Codes,SILPH Road Safety Local Codes,"Compilation of local codes for SILPH Road Safety Project. Includes local codes for data element terminology mapping and local codes for value sets","ValueSet/SILPH-TransportAccidentCollisionorNoncollisionVS,ValueSet/SILPH-InjuryIntentVS,ValueSet/SILPH-ElementTerminologyVS,ValueSet/SILPH-ActivityVS,ValueSet/SILPH-TypeofPatientVS,ValueSet/SILPH-OtherVehicleVS,ValueSet/SILPH-TransportAccidentTypeVS,ValueSet/SILPH-OutcomeVS,ValueSet/SILPH-PatientsVehicleVS,ValueSet/SILPH-PlaceofOccurrenceVS,ValueSet/SILPH-LocalCodesVS"
urn://example.com/ph-core/fhir/CodeSystem/PSGC,0.1.0,draft,,PSGC,Mock PSGC,"Mock of the Philippine Standard Geographic Code.","ValueSet/vs-psgc-barangay,ValueSet/vs-psgc-region,ValueSet/vs-psgc-province,ValueSet/vs-psgc-city"
