URL,Version,Status,OIDs,Name,Title,Descriptino,Uses,Used,Sources
http://hl7.org/fhir/ValueSet/administrative-gender,4.0.1,active,"2.16.840.1.113883.4.642.3.1",AdministrativeGender,AdministrativeGender,"The gender of a person used for administrative purposes.","StructureDefinition/ph-road-safety-logical-model","hl7.fhir.r4.core"
http://hl7.org/fhir/ValueSet/allergyintolerance-code,4.0.1,draft,"2.16.840.1.113883.4.642.3.137",AllergyIntoleranceSubstance/Product,ConditionAndNegationCodes,AllergyIntolerance Substance/Product, Condition and Negation Codes,"This value set includes concept codes for specific substances/pharmaceutical products, allergy or intolerance conditions, and negation/exclusion codes to specify the absence of specific types of allergies or intolerances.","StructureDefinition/rs-allergy-intolerance","SCT"
http://terminology.hl7.org/ValueSet/v3-ServiceDeliveryLocationRoleType,3.0.0,active,"2.16.840.1.113883.1.11.17660",ServiceDeliveryLocationRoleType,ServiceDeliveryLocationRoleType,"A role of a place that further classifies the setting (e.g., accident site, road side, work site, community location) in which services are delivered.","StructureDefinition/rs-location-service","THO (V3)"
https://build.fhir.org/ig/UPM-NTHC/PH-RoadSafetyIG/ValueSet/vs-activity,0.1.9,draft,,VSActivity,RS VS - Activity at Time of Incident,"Activity at time of incident (prefer SNOMED CT).","StructureDefinition/rs-observation-activity-at-incident","SCT,Internal"
https://build.fhir.org/ig/UPM-NTHC/PH-RoadSafetyIG/ValueSet/vs-bites-agent,0.1.9,draft,,VSBitesAgent,RS VS - Bites/Stings Agent,"Type of animal/insect/plant causing bite or sting; use LOINC code where provided in mappings.","StructureDefinition/rs-observation-ec-bites-stings","LOINC"
https://build.fhir.org/ig/UPM-NTHC/PH-RoadSafetyIG/ValueSet/vs-breath-sounds,0.1.9,draft,,VSBreathSounds,RS VS - Breath Sounds,"Breath sounds options (prefer SNOMED CT).","StructureDefinition/rs-observation-breath-sounds","SCT"
https://build.fhir.org/ig/UPM-NTHC/PH-RoadSafetyIG/ValueSet/vs-burn-degrees,0.1.9,draft,,VSBurnDegrees,RS VS - Burn Degrees,"Burn degree/severity (1st, 2nd, 3rd, 4th) as mapped from ONEISS/CSV (SNOMED CT).","StructureDefinition/rs-observation-nature-burns","SCT"
https://build.fhir.org/ig/UPM-NTHC/PH-RoadSafetyIG/ValueSet/vs-burns-agent,0.1.9,draft,,VSBurnsAgent,RS VS - Burns Agent,"Agent causing burn (prefer SNOMED CT).","StructureDefinition/rs-observation-ec-burns","SCT"
https://build.fhir.org/ig/UPM-NTHC/PH-RoadSafetyIG/ValueSet/vs-collision-category,0.1.9,draft,,VSCollisionCategory,RS VS - Collision Category,"Collision vs non-collision category.","StructureDefinition/rs-observation-collision-vs-noncollision","Internal,LOINC"
https://build.fhir.org/ig/UPM-NTHC/PH-RoadSafetyIG/ValueSet/vs-cyanosis,0.1.9,draft,,VSCyanosis,RS VS - Cyanosis,"Cyanosis assessment options (prefer SNOMED CT).","StructureDefinition/rs-observation-cyanosis","SCT"
https://build.fhir.org/ig/UPM-NTHC/PH-RoadSafetyIG/ValueSet/vs-disposition-er,0.1.9,draft,,VSDispositionER,RS VS - Disposition (ER/OPD/BHS/RHU),"Patient disposition at ER/OPD/BHS/RHU.",,"SCT"
https://build.fhir.org/ig/UPM-NTHC/PH-RoadSafetyIG/ValueSet/vs-disposition-ip,0.1.9,draft,,VSDispositionIP,RS VS - Disposition (In-Patient),"Patient disposition for in-patient cases.",,"SCT"
https://build.fhir.org/ig/UPM-NTHC/PH-RoadSafetyIG/ValueSet/vs-drowning-type,0.1.9,draft,,VSDrowningType,RS VS - Drowning Type/Body of Water,"Type/body of water for drowning incidents.","StructureDefinition/rs-observation-ec-drowning","SCT"
https://build.fhir.org/ig/UPM-NTHC/PH-RoadSafetyIG/ValueSet/vs-gcs-eyes,0.1.9,draft,,VSGCSEyes,RS VS - GCS Eyes,"Glasgow Coma Scale eye opening responses (LOINC LA codes).",,"LOINC"
https://build.fhir.org/ig/UPM-NTHC/PH-RoadSafetyIG/ValueSet/vs-gcs-motor,0.1.9,draft,,VSGCSMotor,RS VS - GCS Motor,"Glasgow Coma Scale motor responses (LOINC LA codes).",,"LOINC"
https://build.fhir.org/ig/UPM-NTHC/PH-RoadSafetyIG/ValueSet/vs-gcs-verbal,0.1.9,draft,,VSGCSVerbal,RS VS - GCS Verbal,"Glasgow Coma Scale verbal responses (LOINC LA codes).",,"LOINC"
https://build.fhir.org/ig/UPM-NTHC/PH-RoadSafetyIG/ValueSet/vs-injury-intent,0.1.9,draft,,VSInjuryIntent,RS VS - Injury Intent,"Injury intent options mapped from ONEISS (prefer SNOMED CT).","StructureDefinition/rs-observation-injury-intent","SCT,Internal"
https://build.fhir.org/ig/UPM-NTHC/PH-RoadSafetyIG/ValueSet/vs-level-of-consciousness,0.1.9,draft,,VSLevelOfConsciousness,RS VS - Level of Consciousness (AVPU),"AVPU options for level of consciousness (prefer SNOMED CT).","StructureDefinition/rs-observation-level-of-consciousness","SCT"
https://build.fhir.org/ig/UPM-NTHC/PH-RoadSafetyIG/ValueSet/vs-mode-of-transport,0.1.9,draft,,VSModeOfTransport,RS VS - Mode of Transport to Facility,"Mode of transport to the hospital/facility.","StructureDefinition/rs-observation-mode-of-transport","SCT,LOINC"
https://build.fhir.org/ig/UPM-NTHC/PH-RoadSafetyIG/ValueSet/vs-other-risk-factors,0.1.9,draft,,VSOtherRiskFactors,RS VS - Other Risk Factors,"Other risk factors at time of incident (prefer SNOMED CT).","StructureDefinition/rs-observation-other-risk-factors","SCT"
https://build.fhir.org/ig/UPM-NTHC/PH-RoadSafetyIG/ValueSet/vs-other-vehicle,0.1.9,draft,,VSOtherVehicle,RS VS - Other Vehicle in Collision,"Other vehicle/object involved in collision.","StructureDefinition/rs-observation-other-vehicle","SCT,Internal"
https://build.fhir.org/ig/UPM-NTHC/PH-RoadSafetyIG/ValueSet/vs-outcome,0.1.9,draft,,VSOutcome,RS VS - Outcome,"Outcome: Improved, Unimproved, Died.","StructureDefinition/rs-observation-outcome-discharge,StructureDefinition/rs-observation-outcome-release","SCT,Internal"
https://build.fhir.org/ig/UPM-NTHC/PH-RoadSafetyIG/ValueSet/vs-patients-vehicle,0.1.9,draft,,VSPatientsVehicle,RS VS - Patient's Vehicle,"Vehicle used by patient (prefer SNOMED CT; local additions where specified).","StructureDefinition/rs-observation-patients-vehicle","SCT,Internal"
https://build.fhir.org/ig/UPM-NTHC/PH-RoadSafetyIG/ValueSet/vs-place-of-occurrence,0.1.9,draft,,VSPlaceOfOccurrence,RS VS - Place of Occurrence,"Place of occurrence (prefer SNOMED CT; local additions where specified).","StructureDefinition/rs-observation-place-of-occurrence","SCT,Internal"
https://build.fhir.org/ig/UPM-NTHC/PH-RoadSafetyIG/ValueSet/vs-position-of-patient,0.1.9,draft,,VSPositionOfPatient,RS VS - Position of Patient,"Position/role of patient in transport incidents (prefer SNOMED CT).","StructureDefinition/rs-observation-position-of-patient","SCT"
https://build.fhir.org/ig/UPM-NTHC/PH-RoadSafetyIG/ValueSet/vs-psgc-barangay,0.1.9,draft,,VSPSGCBarangay,RS VS - PSGC Barangay,"PSGC Barangay codes (managed externally).",,"Other"
https://build.fhir.org/ig/UPM-NTHC/PH-RoadSafetyIG/ValueSet/vs-psgc-city,0.1.9,draft,,VSPSGCCityMunicipality,RS VS - PSGC City/Municipality,"PSGC City/Municipality codes (managed externally).",,"Other"
https://build.fhir.org/ig/UPM-NTHC/PH-RoadSafetyIG/ValueSet/vs-psgc-province,0.1.9,draft,,VSPSGCProvince,RS VS - PSGC Province,"PSGC Province codes (managed externally).",,"Other"
https://build.fhir.org/ig/UPM-NTHC/PH-RoadSafetyIG/ValueSet/vs-psgc-region,0.1.9,draft,,VSPSGCRegion,RS VS - PSGC Region,"PSGC Region codes (managed externally).",,"Other"
https://build.fhir.org/ig/UPM-NTHC/PH-RoadSafetyIG/ValueSet/vs-pulse-quality,0.1.9,draft,,VSPulseQuality,RS VS - Pulse Quality,"Pulse quality options (prefer SNOMED CT).","StructureDefinition/rs-observation-pulse-quality","SCT"
https://build.fhir.org/ig/UPM-NTHC/PH-RoadSafetyIG/ValueSet/vs-pulse-rhythm,0.1.9,draft,,VSPulseRhythm,RS VS - Pulse Rhythm,"Pulse rhythm options (prefer SNOMED CT).","StructureDefinition/rs-observation-pulse-rhythm","SCT"
https://build.fhir.org/ig/UPM-NTHC/PH-RoadSafetyIG/ValueSet/vs-pupils,0.1.9,draft,,VSPupils,RS VS - Pupils,"Pupil size/reactivity options (prefer SNOMED CT).","StructureDefinition/rs-observation-pupils","SCT"
https://build.fhir.org/ig/UPM-NTHC/PH-RoadSafetyIG/ValueSet/vs-respiratory-rhythm,0.1.9,draft,,VSRespiratoryRhythm,RS VS - Respiratory Rhythm,"Respiratory rhythm options (prefer SNOMED CT).","StructureDefinition/rs-observation-respiratory-rhythm","SCT"
https://build.fhir.org/ig/UPM-NTHC/PH-RoadSafetyIG/ValueSet/vs-safety-devices,0.1.9,draft,,VSSafetyDevices,RS VS - Safety Devices,"Safety devices present/used (prefer SNOMED CT).","StructureDefinition/rs-observation-safety-accessories","SCT,LOINC"
https://build.fhir.org/ig/UPM-NTHC/PH-RoadSafetyIG/ValueSet/vs-status-alive-detail,0.1.9,draft,,VSStatusAliveDetail,RS VS - Alive Detail (Consciousness),"If alive on arrival: conscious vs unconscious.","StructureDefinition/rs-observation-status-on-arrival-alive","SCT"
https://build.fhir.org/ig/UPM-NTHC/PH-RoadSafetyIG/ValueSet/vs-status-on-arrival,0.1.9,draft,,VSStatusOnArrival,RS VS - Status on Arrival,"Status upon reaching facility/hospital.","StructureDefinition/rs-observation-status-on-arrival","SCT"
https://build.fhir.org/ig/UPM-NTHC/PH-RoadSafetyIG/ValueSet/vs-transport-accident-mode,0.1.9,draft,,VSTransportAccidentMode,RS VS - Transport Accident: Land/Water/Air,"Exposure context for transport accident: land, water, air (ICD-11).",,"hl7.terminology.r4"
https://build.fhir.org/ig/UPM-NTHC/PH-RoadSafetyIG/ValueSet/vs-type-of-patient,0.1.9,draft,,VSTypeOfPatient,RS VS - Type of Patient,"Type of patient (ER/OPD/RHU/BHS context).","StructureDefinition/rs-encounter","SCT,Internal"
