URL,Version,Status,OIDs,Name,Title,Descriptino,Uses,Used,Sources
http://hl7.org/fhir/ValueSet/PH-RoadSafety-AVPU,0.1.0,draft,,MDSAVPUVS,MDS AVPU Level of Consciousness,"AVPU scale coded in SNOMED CT.","StructureDefinition/ObservationLevelOfConsciousness","SCT"
http://hl7.org/fhir/ValueSet/PH-RoadSafety-BreathSounds,0.1.0,draft,,MDSBreathSoundsVS,MDS Breath Sounds,"Breath sounds by auscultation.",,"SCT"
http://hl7.org/fhir/ValueSet/PH-RoadSafety-ConditionOfPatient,0.1.0,draft,,MDSConditionOfPatientVS,MDS Condition of Patient,"Overall condition assertion (Alive/Dead).","StructureDefinition/ObservationConditionOfPatient","SCT"
http://hl7.org/fhir/ValueSet/PH-RoadSafety-Cyanosis,0.1.0,draft,,MDSCyanosisVS,MDS Cyanosis,"Cyanosis presence/type.","StructureDefinition/ObservationCyanosis","SCT"
http://hl7.org/fhir/ValueSet/PH-RoadSafety-DrowningWaterBody,0.1.0,draft,,MDSDrowningWaterBodyVS,MDS Drowning Body of Water,"Type/body of water involved in drowning.",,"SCT"
http://hl7.org/fhir/ValueSet/PH-RoadSafety-GCSEyes,0.1.0,draft,,MDSGCSEyesVS,MDS GCS Eyes,"GCS Eye opening (LOINC answers).","StructureDefinition/ObservationGCS","LOINC"
http://hl7.org/fhir/ValueSet/PH-RoadSafety-GCSMotor,0.1.0,draft,,MDSGCSMotorVS,MDS GCS Motor,"GCS Motor response (LOINC answers).","StructureDefinition/ObservationGCS","LOINC"
http://hl7.org/fhir/ValueSet/PH-RoadSafety-GCSVerbal,0.1.0,draft,,MDSGCSVerbalVS,MDS GCS Verbal,"GCS Verbal response (LOINC answers).","StructureDefinition/ObservationGCS","LOINC"
http://hl7.org/fhir/ValueSet/PH-RoadSafety-InjuryIntent,0.1.0,draft,,MDSInjuryIntentVS,MDS Injury Intent,"Intent of injury.",,"SCT"
http://hl7.org/fhir/ValueSet/PH-RoadSafety-InjuryType,0.1.0,draft,,MDSInjuryTypeVS,MDS Injury Types,"Common injury morphology/types.","StructureDefinition/ObservationExtentOfInjury","SCT"
http://hl7.org/fhir/ValueSet/PH-RoadSafety-MDSRoadSafety,0.1.0,draft,,MDSRoadSafetyVS,MDSRoadSafety ValueSet,"Aggregated ValueSet of coded options from the MDS Road Safety dataset, prioritizing SNOMED CT first, then LOINC. One code per sheet row is retained based on this priority.",,"SCT,LOINC,Other"
http://hl7.org/fhir/ValueSet/PH-RoadSafety-ModeOfTransport,0.1.0,draft,,MDSModeOfTransportVS,MDS Mode of Transport to Facility,"Transport mode answer list (LOINC answers).","StructureDefinition/ObservationModeOfTransport","LOINC"
http://hl7.org/fhir/ValueSet/PH-RoadSafety-Outcome,0.1.0,draft,,MDSOutcomeVS,MDS Outcome,"Outcome at discharge/release.","StructureDefinition/ObservationOutcomeAtDischarge","SCT"
http://hl7.org/fhir/ValueSet/PH-RoadSafety-PulseQuality,0.1.0,draft,,MDSPulseQualityVS,MDS Pulse Quality,"Pulse quality (normal/thready/bounding).",,"SCT"
http://hl7.org/fhir/ValueSet/PH-RoadSafety-PulseRhythm,0.1.0,draft,,MDSPulseRhythmVS,MDS Pulse Rhythm,"Pulse rhythm (regular/irregular).",,"SCT"
http://hl7.org/fhir/ValueSet/PH-RoadSafety-Pupils,0.1.0,draft,,MDSPupilsVS,MDS Pupils,"Pupil findings.","StructureDefinition/ObservationPupils","SCT"
http://hl7.org/fhir/ValueSet/PH-RoadSafety-RespiratoryRhythm,0.1.0,draft,,MDSRespiratoryRhythmVS,MDS Respiratory Rhythm,"Respiratory rhythm findings.",,"SCT"
http://hl7.org/fhir/ValueSet/PH-RoadSafety-StatusOnArrival,0.1.0,draft,,MDSStatusOnArrivalVS,MDS Status on Arrival,"Status upon reaching facility.","StructureDefinition/ObservationStatusOnArrival","SCT"
http://hl7.org/fhir/ValueSet/address-type,4.0.1,active,"2.16.840.1.113883.4.642.3.69",AddressType,AddressType,"The type of an address (physical / postal).","StructureDefinition/PH-RoadSafetyLogicalModel","hl7.fhir.r4.core"
http://hl7.org/fhir/ValueSet/address-use,4.0.1,active,"2.16.840.1.113883.4.642.3.67",AddressUse,AddressUse,"The use of an address.","StructureDefinition/PH-RoadSafetyLogicalModel","hl7.fhir.r4.core"
http://hl7.org/fhir/ValueSet/administrative-gender,4.0.1,active,"2.16.840.1.113883.4.642.3.1",AdministrativeGender,AdministrativeGender,"The gender of a person used for administrative purposes.","StructureDefinition/PH-RoadSafetyLogicalModel","hl7.fhir.r4.core"
http://hl7.org/fhir/ValueSet/body-site,4.0.1,draft,"2.16.840.1.113883.4.642.3.141",SNOMEDCTBodyStructures,SNOMED CT Body Structures,"This value set includes all codes from [SNOMED CT](http://snomed.info/sct) where concept is-a 442083009 (Anatomical or acquired body site (body structure)).","StructureDefinition/ObservationEDHeartRate,StructureDefinition/ObservationVehiclesInvolved,StructureDefinition/ObservationPatientsInvolved,StructureDefinition/ObservationDateReceived,StructureDefinition/ObservationTimeOnScene,StructureDefinition/ObservationEDBloodPressure,StructureDefinition/ObservationExternalCause,StructureDefinition/ObservationConditionOfPatient,StructureDefinition/ConditionInitialImpression,StructureDefinition/ObservationTransportVehicularFlag,StructureDefinition/ObservationPupils,StructureDefinition/ObservationGCS,StructureDefinition/ConditionICD10NatureOfInjury,StructureDefinition/ObservationBloodPressure,StructureDefinition/ObservationCollisionType,StructureDefinition/ObservationRespiratoryRate,StructureDefinition/ObservationExtentOfInjury,StructureDefinition/ObservationTimeDeparted,StructureDefinition/ConditionICD10ExternalCause,StructureDefinition/ObservationCyanosis,StructureDefinition/ObservationTimeReceived,StructureDefinition/ObservationTemperature,StructureDefinition/ObservationCCTVAvailable,StructureDefinition/ObservationModeOfTransport,StructureDefinition/ConditionProblem,StructureDefinition/ConditionRoadSafety,StructureDefinition/ObservationTimeEnroute,StructureDefinition/ObservationScene,StructureDefinition/ObservationTimeHospitalArrival,StructureDefinition/ObservationHeartRate,StructureDefinition/ObservationTimeStationArrival,StructureDefinition/ObservationOutcomeAtDischarge,StructureDefinition/ObservationStatusOnArrival,StructureDefinition/ObservationLevelOfConsciousness,StructureDefinition/ObservationTriageCategory,StructureDefinition/ObservationFacility","SCT"
http://hl7.org/fhir/ValueSet/bundle-type,4.0.1,active,"2.16.840.1.113883.4.642.3.620",BundleType,BundleType,"Indicates the purpose of a bundle - how it is intended to be used.","StructureDefinition/FacilityBundle,StructureDefinition/RunReportBundle","hl7.fhir.r4.core"
http://hl7.org/fhir/ValueSet/c80-doc-typecodes,4.0.1,active,"2.16.840.1.113883.3.88.12.80.47",DocumentTypeValueSet,Document Type Value Set,"This is the code specifying the precise type of document (e.g. Pulmonary History and  Physical, Discharge Summary, Ultrasound Report, etc.). The Document Type value set includes all LOINC  values listed in HITSP C80 Table 2-144 Document Class Value Set Definition above used for Document Class,  and all LOINC values whose SCALE is DOC in the LOINC database.","StructureDefinition/DocumentReferenceRoadNetworkShapes,StructureDefinition/DocumentReferenceOneissRunForm,StructureDefinition/DocumentReferenceCauseOfCrash,StructureDefinition/DocumentReferenceVehicleCondition,StructureDefinition/DocumentReferenceFacilityReport,StructureDefinition/DocumentReferenceIncidentManagement,StructureDefinition/DocumentReferencePartyAtFault","LOINC"
http://hl7.org/fhir/ValueSet/c80-facilitycodes,4.0.1,active,"2.16.840.1.113883.3.88.12.80.67",FacilityTypeCodeValueSet,Facility Type Code Value Set,"This is the code representing the type of organizational setting where the clinical encounter, service, interaction, or treatment occurred. The value set used for Healthcare Facility Type has been defined by HITSP to be the value set reproduced from HITSP C80 Table 2-147.","StructureDefinition/DocumentReferenceRoadNetworkShapes,StructureDefinition/DocumentReferenceOneissRunForm,StructureDefinition/DocumentReferenceCauseOfCrash,StructureDefinition/DocumentReferenceVehicleCondition,StructureDefinition/DocumentReferenceFacilityReport,StructureDefinition/DocumentReferenceIncidentManagement,StructureDefinition/DocumentReferencePartyAtFault","SCT"
http://hl7.org/fhir/ValueSet/c80-practice-codes,4.0.1,active,"2.16.840.1.113883.3.88.12.80.72",PracticeSettingCodeValueSet,Practice Setting Code Value Set,"This is the code representing the clinical specialty of the clinician or provider who interacted with, treated, or provided a service to/for the patient. The value set used for clinical specialty has been limited by HITSP to the value set reproduced from HITSP C80 Table 2-149 Clinical Specialty Value Set Definition.","StructureDefinition/DocumentReferenceRoadNetworkShapes,StructureDefinition/DocumentReferenceOneissRunForm,StructureDefinition/DocumentReferenceCauseOfCrash,StructureDefinition/DocumentReferenceVehicleCondition,StructureDefinition/DocumentReferenceFacilityReport,StructureDefinition/DocumentReferenceIncidentManagement,StructureDefinition/DocumentReferencePartyAtFault","SCT"
http://hl7.org/fhir/ValueSet/composition-attestation-mode,4.0.1,draft,"2.16.840.1.113883.4.642.3.238",CompositionAttestationMode,CompositionAttestationMode,"The way in which a person authenticated a composition.","StructureDefinition/CompositionRunReport,StructureDefinition/CompositionFacility","hl7.fhir.r4.core"
http://hl7.org/fhir/ValueSet/composition-status,4.0.1,draft,"2.16.840.1.113883.4.642.3.241",CompositionStatus,CompositionStatus,"The workflow/clinical status of the composition.","StructureDefinition/DocumentReferenceRoadNetworkShapes,StructureDefinition/DocumentReferenceOneissRunForm,StructureDefinition/DocumentReferenceCauseOfCrash,StructureDefinition/DocumentReferenceVehicleCondition,StructureDefinition/CompositionRunReport,StructureDefinition/CompositionFacility,StructureDefinition/DocumentReferenceFacilityReport,StructureDefinition/DocumentReferenceIncidentManagement,StructureDefinition/DocumentReferencePartyAtFault","hl7.fhir.r4.core"
http://hl7.org/fhir/ValueSet/condition-category,4.0.1,draft,"2.16.840.1.113883.4.642.3.162",ConditionCategoryCodes,Condition Category Codes,"Preferred value set for Condition Categories.","StructureDefinition/ConditionICD10NatureOfInjury,StructureDefinition/ConditionInitialImpression,StructureDefinition/ConditionProblem,StructureDefinition/ConditionRoadSafety,StructureDefinition/ConditionICD10ExternalCause","THO"
http://hl7.org/fhir/ValueSet/condition-clinical,4.0.1,draft,"2.16.840.1.113883.4.642.3.164",ConditionClinicalStatusCodes,Condition Clinical Status Codes,"Preferred value set for Condition Clinical Status.","StructureDefinition/ConditionICD10NatureOfInjury,StructureDefinition/ConditionInitialImpression,StructureDefinition/ConditionProblem,StructureDefinition/ConditionRoadSafety,StructureDefinition/ConditionICD10ExternalCause","THO"
http://hl7.org/fhir/ValueSet/condition-code,4.0.1,draft,"2.16.840.1.113883.4.642.3.161",Condition/Problem/DiagnosisCodes,Condition/Problem/Diagnosis Codes,"Example value set for Condition/Problem/Diagnosis codes.","StructureDefinition/ConditionProblem","SCT"
http://hl7.org/fhir/ValueSet/condition-severity,4.0.1,draft,"2.16.840.1.113883.4.642.3.168",Condition/DiagnosisSeverity,Condition/Diagnosis Severity,"Preferred value set for Condition/Diagnosis severity grading.","StructureDefinition/ConditionICD10NatureOfInjury,StructureDefinition/ConditionInitialImpression,StructureDefinition/ConditionProblem,StructureDefinition/ConditionRoadSafety,StructureDefinition/ConditionICD10ExternalCause","SCT"
http://hl7.org/fhir/ValueSet/condition-stage,4.0.1,draft,"2.16.840.1.113883.4.642.3.170",ConditionStage,Condition Stage,"Example value set for stages of cancer and other conditions.","StructureDefinition/ConditionICD10NatureOfInjury,StructureDefinition/ConditionInitialImpression,StructureDefinition/ConditionProblem,StructureDefinition/ConditionRoadSafety,StructureDefinition/ConditionICD10ExternalCause","SCT"
http://hl7.org/fhir/ValueSet/condition-stage-type,4.0.1,draft,"2.16.840.1.113883.4.642.3.171",ConditionStageType,Condition Stage Type,"Example value set for the type of stages of cancer and other conditions","StructureDefinition/ConditionICD10NatureOfInjury,StructureDefinition/ConditionInitialImpression,StructureDefinition/ConditionProblem,StructureDefinition/ConditionRoadSafety,StructureDefinition/ConditionICD10ExternalCause","SCT"
http://hl7.org/fhir/ValueSet/condition-ver-status,4.0.1,draft,"2.16.840.1.113883.4.642.3.166",ConditionVerificationStatus,ConditionVerificationStatus,"The verification status to support or decline the clinical status of the condition or diagnosis.","StructureDefinition/ConditionICD10NatureOfInjury,StructureDefinition/ConditionInitialImpression,StructureDefinition/ConditionProblem,StructureDefinition/ConditionRoadSafety,StructureDefinition/ConditionICD10ExternalCause","THO"
http://hl7.org/fhir/ValueSet/data-absent-reason,4.0.1,active,"2.16.840.1.113883.4.642.3.5",DataAbsentReason,DataAbsentReason,"Used to specify why the normally expected content of the data element is missing.","StructureDefinition/ObservationEDHeartRate,StructureDefinition/ObservationVehiclesInvolved,StructureDefinition/ObservationPatientsInvolved,StructureDefinition/ObservationDateReceived,StructureDefinition/ObservationTimeOnScene,StructureDefinition/ObservationEDBloodPressure,StructureDefinition/ObservationExternalCause,StructureDefinition/ObservationConditionOfPatient,StructureDefinition/ObservationTransportVehicularFlag,StructureDefinition/ObservationPupils,StructureDefinition/ObservationGCS,StructureDefinition/ObservationBloodPressure,StructureDefinition/ObservationCollisionType,StructureDefinition/ObservationRespiratoryRate,StructureDefinition/ObservationExtentOfInjury,StructureDefinition/ObservationTimeDeparted,StructureDefinition/ObservationCyanosis,StructureDefinition/ObservationTimeReceived,StructureDefinition/ObservationTemperature,StructureDefinition/ObservationCCTVAvailable,StructureDefinition/ObservationModeOfTransport,StructureDefinition/ObservationTimeEnroute,StructureDefinition/ObservationScene,StructureDefinition/ObservationTimeHospitalArrival,StructureDefinition/ObservationHeartRate,StructureDefinition/ObservationTimeStationArrival,StructureDefinition/ObservationOutcomeAtDischarge,StructureDefinition/ObservationStatusOnArrival,StructureDefinition/ObservationLevelOfConsciousness,StructureDefinition/ObservationTriageCategory,StructureDefinition/ObservationFacility","THO"
http://hl7.org/fhir/ValueSet/days-of-week,4.0.1,active,"2.16.840.1.113883.4.642.3.512",DaysOfWeek,DaysOfWeek,"The days of the week.","StructureDefinition/LocationIncident","hl7.fhir.r4.core"
http://hl7.org/fhir/ValueSet/diagnosis-role,4.0.1,draft,"2.16.840.1.113883.4.642.3.49",DiagnosisRole,DiagnosisRole,"This value set defines a set of codes that can be used to express the role of a diagnosis on the Encounter or EpisodeOfCare record.","StructureDefinition/EncounterTransportRunReport,StructureDefinition/EncounterFacility","THO"
http://hl7.org/fhir/ValueSet/doc-section-codes,4.0.1,draft,"2.16.840.1.113883.4.642.3.237",DocumentSectionCodes,Document Section Codes,"Document section codes (LOINC codes used in CCDA sections).","StructureDefinition/CompositionRunReport,StructureDefinition/CompositionFacility","LOINC"
http://hl7.org/fhir/ValueSet/doc-typecodes,4.0.1,draft,"2.16.840.1.113883.4.642.3.240",FHIRDocumentTypeCodes,FHIR Document Type Codes,"FHIR Document Codes - all LOINC codes where scale type = 'DOC'.","StructureDefinition/CompositionRunReport,StructureDefinition/CompositionFacility","LOINC"
http://hl7.org/fhir/ValueSet/document-classcodes,4.0.1,active,"2.16.840.1.113883.3.88.12.80.46",DocumentClassValueSet,Document Class Value Set,"This is the code specifying the high-level kind of document (e.g. Prescription, Discharge Summary, Report, etc.). Note: Class code for documents comes from LOINC, and is based upon one of the following:The type of service described by the document. It is described at a very high level in Section 7.3 of the LOINC Manual. The type study performed. It was determined by identifying modalities for study reports. The section of the chart where the document is placed. It was determined from the SETs created for Claims Attachment requests.","StructureDefinition/DocumentReferenceRoadNetworkShapes,StructureDefinition/DocumentReferenceOneissRunForm,StructureDefinition/DocumentReferenceCauseOfCrash,StructureDefinition/DocumentReferenceVehicleCondition,StructureDefinition/CompositionRunReport,StructureDefinition/CompositionFacility,StructureDefinition/DocumentReferenceFacilityReport,StructureDefinition/DocumentReferenceIncidentManagement,StructureDefinition/DocumentReferencePartyAtFault","LOINC"
http://hl7.org/fhir/ValueSet/document-reference-status,4.0.1,draft,"2.16.840.1.113883.4.642.3.7",DocumentReferenceStatus,DocumentReferenceStatus,"The status of the document reference.","StructureDefinition/DocumentReferenceRoadNetworkShapes,StructureDefinition/DocumentReferenceOneissRunForm,StructureDefinition/DocumentReferenceCauseOfCrash,StructureDefinition/DocumentReferenceVehicleCondition,StructureDefinition/DocumentReferenceFacilityReport,StructureDefinition/DocumentReferenceIncidentManagement,StructureDefinition/DocumentReferencePartyAtFault","hl7.fhir.r4.core"
http://hl7.org/fhir/ValueSet/document-relationship-type,4.0.1,draft,"2.16.840.1.113883.4.642.3.244",DocumentRelationshipType,DocumentRelationshipType,"The type of relationship between documents.","StructureDefinition/DocumentReferenceRoadNetworkShapes,StructureDefinition/DocumentReferenceOneissRunForm,StructureDefinition/DocumentReferenceCauseOfCrash,StructureDefinition/DocumentReferenceVehicleCondition,StructureDefinition/CompositionRunReport,StructureDefinition/CompositionFacility,StructureDefinition/DocumentReferenceFacilityReport,StructureDefinition/DocumentReferenceIncidentManagement,StructureDefinition/DocumentReferencePartyAtFault","hl7.fhir.r4.core"
http://hl7.org/fhir/ValueSet/encounter-admit-source,4.0.1,draft,"2.16.840.1.113883.4.642.3.257",AdmitSource,Admit source,"This value set defines a set of codes that can be used to indicate from where the patient came in.","StructureDefinition/EncounterTransportRunReport,StructureDefinition/EncounterFacility","THO"
http://hl7.org/fhir/ValueSet/encounter-diet,4.0.1,draft,"2.16.840.1.113883.4.642.3.255",Diet,Diet,"This value set defines a set of codes that can be used to indicate dietary preferences or restrictions a patient may have.","StructureDefinition/EncounterTransportRunReport,StructureDefinition/EncounterFacility","THO"
http://hl7.org/fhir/ValueSet/encounter-discharge-disposition,4.0.1,draft,"2.16.840.1.113883.4.642.3.259",DischargeDisposition,Discharge disposition,"This value set defines a set of codes that can be used to where the patient left the hospital.","StructureDefinition/EncounterTransportRunReport","THO"
http://hl7.org/fhir/ValueSet/encounter-location-status,4.0.1,draft,"2.16.840.1.113883.4.642.3.262",EncounterLocationStatus,EncounterLocationStatus,"The status of the location.","StructureDefinition/EncounterTransportRunReport,StructureDefinition/EncounterFacility","hl7.fhir.r4.core"
http://hl7.org/fhir/ValueSet/encounter-participant-type,4.0.1,draft,"2.16.840.1.113883.4.642.3.250",ParticipantType,Participant type,"This value set defines a set of codes that can be used to indicate how an individual participates in an encounter.","StructureDefinition/EncounterTransportRunReport,StructureDefinition/EncounterFacility","THO (V3),THO"
http://hl7.org/fhir/ValueSet/encounter-reason,4.0.1,draft,"2.16.840.1.113883.4.642.3.261",EncounterReasonCodes,Encounter Reason Codes,"This examples value set defines the set of codes that can be used to indicate reasons for an encounter.","StructureDefinition/EncounterTransportRunReport,StructureDefinition/EncounterFacility","SCT"
http://hl7.org/fhir/ValueSet/encounter-special-arrangements,4.0.1,draft,"2.16.840.1.113883.4.642.3.253",SpecialArrangements,Special arrangements,"This value set defines a set of codes that can be used to indicate the kinds of special arrangements in place for a patients visit.","StructureDefinition/EncounterTransportRunReport,StructureDefinition/EncounterFacility","THO"
http://hl7.org/fhir/ValueSet/encounter-special-courtesy,4.0.1,draft,"2.16.840.1.113883.4.642.3.252",SpecialCourtesy,Special courtesy,"This value set defines a set of codes that can be used to indicate special courtesies provided to the patient.","StructureDefinition/EncounterTransportRunReport,StructureDefinition/EncounterFacility","THO (V3)"
http://hl7.org/fhir/ValueSet/encounter-status,4.0.1,draft,"2.16.840.1.113883.4.642.3.246",EncounterStatus,EncounterStatus,"Current state of the encounter.","StructureDefinition/EncounterTransportRunReport,StructureDefinition/EncounterFacility","hl7.fhir.r4.core"
http://hl7.org/fhir/ValueSet/encounter-type,4.0.1,draft,"2.16.840.1.113883.4.642.3.248",EncounterType,Encounter type,"This example value set defines a set of codes that can be used to indicate the type of encounter: a specific code indicating type of service provided.","StructureDefinition/EncounterTransportRunReport,StructureDefinition/EncounterFacility","THO"
http://hl7.org/fhir/ValueSet/formatcodes,4.0.1,active,"1.3.6.1.4.1.19376.1.2.7.1",DocumentReferenceFormatCodeSet,DocumentReference Format Code Set,"The value set is defined to be the set of format codes defined by the IHE Technical Framework, and also including additional format codes defined by the    HL7. The value set is listed in HITSP C80 Table 2-153 Format Code Value Set Definition,    with additions published later by IHE as published    at http://wiki.ihe.net/index.php?title=IHE_Format_Codes   and with additions published later by HL7 as published at https://confluence.hl7.org/display/SD/Format+Codes+for+IHE+XDS.   This is the code specifying the technical format of the document. Along with the typeCode,    it should provide sufficient information to allow any potential document consumer to know    if it will be able to process the document. The code shall be sufficiently specific to    ensure processing/display by identifying a document encoding, structure and template. The actual list of codes here is incomplete","StructureDefinition/DocumentReferenceRoadNetworkShapes,StructureDefinition/DocumentReferenceCauseOfCrash,StructureDefinition/DocumentReferenceVehicleCondition,StructureDefinition/DocumentReferenceIncidentManagement,StructureDefinition/DocumentReferencePartyAtFault","Other"
http://hl7.org/fhir/ValueSet/http-verb,4.0.1,active,"2.16.840.1.113883.4.642.3.624",HTTPVerb,HTTPVerb,"HTTP verbs (in the HTTP command line). See [HTTP rfc](https://tools.ietf.org/html/rfc7231) for details.","StructureDefinition/FacilityBundle,StructureDefinition/RunReportBundle","hl7.fhir.r4.core"
http://hl7.org/fhir/ValueSet/identifier-type,4.0.1,active,"2.16.840.1.113883.4.642.3.45",Identifier Type Codes,IdentifierType,"A coded type for an identifier that can be used to determine which identifier to use for a specific purpose.","StructureDefinition/PH-RoadSafetyLogicalModel,StructureDefinition/EncounterFacility","THO (V2)"
http://hl7.org/fhir/ValueSet/identifier-use,4.0.1,active,"2.16.840.1.113883.4.642.3.57",IdentifierUse,IdentifierUse,"Identifies the purpose for this identifier, if known .","StructureDefinition/PH-RoadSafetyLogicalModel,StructureDefinition/EncounterFacility","hl7.fhir.r4.core"
http://hl7.org/fhir/ValueSet/languages,4.0.1,draft,"2.16.840.1.113883.4.642.3.20",CommonLanguages,Common Languages,"This value set includes common codes from BCP-47 (http://tools.ietf.org/html/bcp47)","StructureDefinition/ObservationPatientsInvolved,StructureDefinition/ObservationEDHeartRate,StructureDefinition/ObservationEDBloodPressure,StructureDefinition/ObservationConditionOfPatient,StructureDefinition/ConditionInitialImpression,StructureDefinition/ObservationTransportVehicularFlag,StructureDefinition/ObservationGCS,StructureDefinition/DocumentReferenceRoadNetworkShapes,StructureDefinition/EncounterFacility,StructureDefinition/ObservationExtentOfInjury,StructureDefinition/CompositionFacility,StructureDefinition/DocumentReferenceFacilityReport,StructureDefinition/ObservationTimeReceived,StructureDefinition/ObservationCCTVAvailable,StructureDefinition/ObservationModeOfTransport,StructureDefinition/DocumentReferenceIncidentManagement,StructureDefinition/ObservationHeartRate,StructureDefinition/ObservationTimeStationArrival,StructureDefinition/ObservationStatusOnArrival,StructureDefinition/TaskDelayReporting,StructureDefinition/DocumentReferenceCauseOfCrash,StructureDefinition/ObservationTriageCategory,StructureDefinition/DocumentReferencePartyAtFault,StructureDefinition/ObservationVehiclesInvolved,StructureDefinition/ObservationDateReceived,StructureDefinition/ObservationTimeOnScene,StructureDefinition/FacilityBundle,StructureDefinition/TaskRoadSafety,StructureDefinition/ObservationExternalCause,StructureDefinition/EncounterTransportRunReport,StructureDefinition/CompositionRunReport,StructureDefinition/ObservationPupils,StructureDefinition/ConditionICD10NatureOfInjury,StructureDefinition/ObservationBloodPressure,StructureDefinition/ObservationRespiratoryRate,StructureDefinition/ObservationCollisionType,StructureDefinition/RunReportBundle,StructureDefinition/ObservationTimeDeparted,StructureDefinition/ConditionICD10ExternalCause,StructureDefinition/ObservationCyanosis,StructureDefinition/ObservationTemperature,StructureDefinition/DocumentReferenceOneissRunForm,StructureDefinition/ConditionProblem,StructureDefinition/DocumentReferenceVehicleCondition,StructureDefinition/ConditionRoadSafety,StructureDefinition/ObservationTimeEnroute,StructureDefinition/ObservationScene,StructureDefinition/ObservationTimeHospitalArrival,StructureDefinition/LocationIncident,StructureDefinition/ObservationOutcomeAtDischarge,StructureDefinition/ObservationLevelOfConsciousness,StructureDefinition/ObservationFacility","hl7.terminology.r4"
http://hl7.org/fhir/ValueSet/list-empty-reason,4.0.1,draft,"2.16.840.1.113883.4.642.3.322",ListEmptyReasons,List Empty Reasons,"General reasons for a list to be empty. Reasons are either related to a summary list (i.e. problem or medication list) or to a workflow related list (i.e. consultation list).","StructureDefinition/CompositionRunReport,StructureDefinition/CompositionFacility","THO"
http://hl7.org/fhir/ValueSet/list-mode,4.0.1,draft,"2.16.840.1.113883.4.642.3.318",ListMode,ListMode,"The processing mode that applies to this list.","StructureDefinition/CompositionRunReport,StructureDefinition/CompositionFacility","hl7.fhir.r4.core"
http://hl7.org/fhir/ValueSet/list-order,4.0.1,draft,"2.16.840.1.113883.4.642.3.324",ListOrderCodes,List Order Codes,"Base values for the order of the items in a list resource.","StructureDefinition/CompositionRunReport,StructureDefinition/CompositionFacility","THO"
http://hl7.org/fhir/ValueSet/location-mode,4.0.1,draft,"2.16.840.1.113883.4.642.3.330",LocationMode,LocationMode,"Indicates whether a resource instance represents a specific location or a class of locations.","StructureDefinition/LocationIncident","hl7.fhir.r4.core"
http://hl7.org/fhir/ValueSet/location-physical-type,4.0.1,draft,"2.16.840.1.113883.4.642.3.328",LocationType,Location type,"This example value set defines a set of codes that can be used to indicate the physical form of the Location.","StructureDefinition/LocationIncident,StructureDefinition/EncounterTransportRunReport,StructureDefinition/EncounterFacility","THO"
http://hl7.org/fhir/ValueSet/location-status,4.0.1,draft,"2.16.840.1.113883.4.642.3.332",LocationStatus,LocationStatus,"Indicates whether the location is still in use.","StructureDefinition/LocationIncident","hl7.fhir.r4.core"
http://hl7.org/fhir/ValueSet/manifestation-or-symptom,4.0.1,draft,"2.16.840.1.113883.4.642.3.169",ManifestationAndSymptomCodes,Manifestation and Symptom Codes,"Example value set for Manifestation and Symptom codes.","StructureDefinition/ConditionICD10NatureOfInjury,StructureDefinition/ConditionInitialImpression,StructureDefinition/ConditionProblem,StructureDefinition/ConditionRoadSafety,StructureDefinition/ConditionICD10ExternalCause","SCT"
http://hl7.org/fhir/ValueSet/mimetypes,4.0.1,active,"2.16.840.1.113883.4.642.3.1024",Mime Types,MimeType,"This value set includes all possible codes from BCP-13 (http://tools.ietf.org/html/bcp13)","StructureDefinition/DocumentReferenceRoadNetworkShapes,StructureDefinition/DocumentReferenceOneissRunForm,StructureDefinition/DocumentReferenceCauseOfCrash,StructureDefinition/DocumentReferenceFacilityReport,StructureDefinition/DocumentReferenceIncidentManagement,StructureDefinition/DocumentReferencePartyAtFault","Other"
http://hl7.org/fhir/ValueSet/name-use,4.0.1,active,"2.16.840.1.113883.4.642.3.65",NameUse,NameUse,"The use of a human name.","StructureDefinition/PH-RoadSafetyLogicalModel","hl7.fhir.r4.core"
http://hl7.org/fhir/ValueSet/observation-category,4.0.1,draft,"2.16.840.1.113883.4.642.3.403",ObservationCategoryCodes,Observation Category Codes,"Observation Category codes.","StructureDefinition/ObservationEDHeartRate,StructureDefinition/ObservationVehiclesInvolved,StructureDefinition/ObservationPatientsInvolved,StructureDefinition/ObservationDateReceived,StructureDefinition/ObservationTimeOnScene,StructureDefinition/ObservationEDBloodPressure,StructureDefinition/ObservationExternalCause,StructureDefinition/ObservationConditionOfPatient,StructureDefinition/ObservationTransportVehicularFlag,StructureDefinition/ObservationPupils,StructureDefinition/ObservationGCS,StructureDefinition/ObservationBloodPressure,StructureDefinition/ObservationCollisionType,StructureDefinition/ObservationRespiratoryRate,StructureDefinition/ObservationExtentOfInjury,StructureDefinition/ObservationTimeDeparted,StructureDefinition/ObservationCyanosis,StructureDefinition/ObservationTimeReceived,StructureDefinition/ObservationTemperature,StructureDefinition/ObservationCCTVAvailable,StructureDefinition/ObservationModeOfTransport,StructureDefinition/ObservationTimeEnroute,StructureDefinition/ObservationScene,StructureDefinition/ObservationTimeHospitalArrival,StructureDefinition/ObservationHeartRate,StructureDefinition/ObservationTimeStationArrival,StructureDefinition/ObservationOutcomeAtDischarge,StructureDefinition/ObservationStatusOnArrival,StructureDefinition/ObservationLevelOfConsciousness,StructureDefinition/ObservationTriageCategory,StructureDefinition/ObservationFacility","THO"
http://hl7.org/fhir/ValueSet/observation-codes,4.0.1,draft,"2.16.840.1.113883.4.642.3.396",LOINCCodes,LOINC Codes,"This value set includes all LOINC codes","StructureDefinition/ObservationEDHeartRate,StructureDefinition/ObservationVehiclesInvolved,StructureDefinition/ObservationPatientsInvolved,StructureDefinition/ObservationDateReceived,StructureDefinition/ObservationTimeOnScene,StructureDefinition/ObservationEDBloodPressure,StructureDefinition/ObservationExternalCause,StructureDefinition/ObservationConditionOfPatient,StructureDefinition/ObservationTransportVehicularFlag,StructureDefinition/ObservationPupils,StructureDefinition/ObservationGCS,StructureDefinition/ObservationBloodPressure,StructureDefinition/ObservationCollisionType,StructureDefinition/ObservationRespiratoryRate,StructureDefinition/ObservationExtentOfInjury,StructureDefinition/ObservationTimeDeparted,StructureDefinition/ObservationCyanosis,StructureDefinition/ObservationTimeReceived,StructureDefinition/ObservationTemperature,StructureDefinition/ObservationCCTVAvailable,StructureDefinition/ObservationModeOfTransport,StructureDefinition/ObservationTimeEnroute,StructureDefinition/ObservationScene,StructureDefinition/ObservationTimeHospitalArrival,StructureDefinition/ObservationHeartRate,StructureDefinition/ObservationTimeStationArrival,StructureDefinition/ObservationOutcomeAtDischarge,StructureDefinition/ObservationStatusOnArrival,StructureDefinition/ObservationLevelOfConsciousness,StructureDefinition/ObservationTriageCategory,StructureDefinition/ObservationFacility","LOINC"
http://hl7.org/fhir/ValueSet/observation-interpretation,4.0.1,active,"2.16.840.1.113883.4.642.3.399",ObservationInterpretationCodes,Observation Interpretation Codes,"A categorical assessment, providing a rough qualitative interpretation of the observation value,    such as “normal”/ “abnormal”,”low” / “high”, “better” / “worse”, “susceptible” / “resistant”, “expected”/ “not expected”.    The value set is intended to be for ANY use where coded representation of an interpretation is needed.             Notes:          This is being communicated in v2.x in OBX-8 (Observation Interpretation), in v3 in ObservationInterpretation (CWE) in R1 (Representative Realm) and in FHIR in    Observation.interpretation. Historically these values come from the laboratory domain, and these codes are extensively    used. The value set binding is extensible, so codes outside the value set that are needed for interpretation concepts    (i.e. particular meanings) that are not included in the value set can be used, and these new codes may also be added to    the value set and published in a future version.","StructureDefinition/ObservationEDHeartRate,StructureDefinition/ObservationVehiclesInvolved,StructureDefinition/ObservationPatientsInvolved,StructureDefinition/ObservationDateReceived,StructureDefinition/ObservationTimeOnScene,StructureDefinition/ObservationEDBloodPressure,StructureDefinition/ObservationExternalCause,StructureDefinition/ObservationConditionOfPatient,StructureDefinition/ObservationTransportVehicularFlag,StructureDefinition/ObservationPupils,StructureDefinition/ObservationGCS,StructureDefinition/ObservationBloodPressure,StructureDefinition/ObservationCollisionType,StructureDefinition/ObservationRespiratoryRate,StructureDefinition/ObservationExtentOfInjury,StructureDefinition/ObservationTimeDeparted,StructureDefinition/ObservationCyanosis,StructureDefinition/ObservationTimeReceived,StructureDefinition/ObservationTemperature,StructureDefinition/ObservationCCTVAvailable,StructureDefinition/ObservationModeOfTransport,StructureDefinition/ObservationTimeEnroute,StructureDefinition/ObservationScene,StructureDefinition/ObservationTimeHospitalArrival,StructureDefinition/ObservationHeartRate,StructureDefinition/ObservationTimeStationArrival,StructureDefinition/ObservationOutcomeAtDischarge,StructureDefinition/ObservationStatusOnArrival,StructureDefinition/ObservationLevelOfConsciousness,StructureDefinition/ObservationTriageCategory,StructureDefinition/ObservationFacility","THO (V3)"
http://hl7.org/fhir/ValueSet/observation-methods,4.0.1,draft,"2.16.840.1.113883.4.642.3.395",ObservationMethods,Observation Methods,"Observation Method codes from [SNOMED CT](http://snomed.info/sct) where concept is-a 272394005 (Technique (qualifier value)) or is-a 129264002 (Action (qualifier value)) or is-a 386053000 (Evaluation procedure(procedure))","StructureDefinition/ObservationEDHeartRate,StructureDefinition/ObservationVehiclesInvolved,StructureDefinition/ObservationPatientsInvolved,StructureDefinition/ObservationDateReceived,StructureDefinition/ObservationTimeOnScene,StructureDefinition/ObservationEDBloodPressure,StructureDefinition/ObservationExternalCause,StructureDefinition/ObservationConditionOfPatient,StructureDefinition/ObservationTransportVehicularFlag,StructureDefinition/ObservationPupils,StructureDefinition/ObservationGCS,StructureDefinition/ObservationBloodPressure,StructureDefinition/ObservationCollisionType,StructureDefinition/ObservationRespiratoryRate,StructureDefinition/ObservationExtentOfInjury,StructureDefinition/ObservationTimeDeparted,StructureDefinition/ObservationCyanosis,StructureDefinition/ObservationTimeReceived,StructureDefinition/ObservationTemperature,StructureDefinition/ObservationCCTVAvailable,StructureDefinition/ObservationModeOfTransport,StructureDefinition/ObservationTimeEnroute,StructureDefinition/ObservationScene,StructureDefinition/ObservationTimeHospitalArrival,StructureDefinition/ObservationHeartRate,StructureDefinition/ObservationTimeStationArrival,StructureDefinition/ObservationOutcomeAtDischarge,StructureDefinition/ObservationStatusOnArrival,StructureDefinition/ObservationLevelOfConsciousness,StructureDefinition/ObservationTriageCategory,StructureDefinition/ObservationFacility","SCT"
http://hl7.org/fhir/ValueSet/observation-status,4.0.1,active,"2.16.840.1.113883.4.642.3.400",ObservationStatus,ObservationStatus,"Codes providing the status of an observation.","StructureDefinition/ObservationEDHeartRate,StructureDefinition/ObservationVehiclesInvolved,StructureDefinition/ObservationPatientsInvolved,StructureDefinition/ObservationDateReceived,StructureDefinition/ObservationTimeOnScene,StructureDefinition/ObservationEDBloodPressure,StructureDefinition/ObservationExternalCause,StructureDefinition/ObservationConditionOfPatient,StructureDefinition/ObservationTransportVehicularFlag,StructureDefinition/ObservationPupils,StructureDefinition/ObservationGCS,StructureDefinition/ObservationBloodPressure,StructureDefinition/ObservationCollisionType,StructureDefinition/ObservationRespiratoryRate,StructureDefinition/ObservationExtentOfInjury,StructureDefinition/ObservationTimeDeparted,StructureDefinition/ObservationCyanosis,StructureDefinition/ObservationTimeReceived,StructureDefinition/ObservationTemperature,StructureDefinition/ObservationCCTVAvailable,StructureDefinition/ObservationModeOfTransport,StructureDefinition/ObservationTimeEnroute,StructureDefinition/ObservationScene,StructureDefinition/ObservationTimeHospitalArrival,StructureDefinition/ObservationHeartRate,StructureDefinition/ObservationTimeStationArrival,StructureDefinition/ObservationOutcomeAtDischarge,StructureDefinition/ObservationStatusOnArrival,StructureDefinition/ObservationLevelOfConsciousness,StructureDefinition/ObservationTriageCategory,StructureDefinition/ObservationFacility","hl7.fhir.r4.core"
http://hl7.org/fhir/ValueSet/performer-role,4.0.1,draft,"2.16.840.1.113883.4.642.3.433",ProcedurePerformerRoleCodes,Procedure Performer Role Codes,"This example value set defines the set of codes that can be used to indicate a role of a procedure performer.","StructureDefinition/TaskRoadSafety,StructureDefinition/TaskDelayReporting","SCT"
http://hl7.org/fhir/ValueSet/referencerange-appliesto,4.0.1,draft,"2.16.840.1.113883.4.642.3.407",ObservationReferenceRangeAppliesToCodes,Observation Reference Range Applies To Codes,"This value set defines a set of codes that can be used to indicate the particular target population the reference range applies to.","StructureDefinition/ObservationEDHeartRate,StructureDefinition/ObservationVehiclesInvolved,StructureDefinition/ObservationPatientsInvolved,StructureDefinition/ObservationDateReceived,StructureDefinition/ObservationTimeOnScene,StructureDefinition/ObservationEDBloodPressure,StructureDefinition/ObservationExternalCause,StructureDefinition/ObservationConditionOfPatient,StructureDefinition/ObservationTransportVehicularFlag,StructureDefinition/ObservationPupils,StructureDefinition/ObservationGCS,StructureDefinition/ObservationBloodPressure,StructureDefinition/ObservationCollisionType,StructureDefinition/ObservationRespiratoryRate,StructureDefinition/ObservationExtentOfInjury,StructureDefinition/ObservationTimeDeparted,StructureDefinition/ObservationCyanosis,StructureDefinition/ObservationTimeReceived,StructureDefinition/ObservationTemperature,StructureDefinition/ObservationCCTVAvailable,StructureDefinition/ObservationModeOfTransport,StructureDefinition/ObservationTimeEnroute,StructureDefinition/ObservationScene,StructureDefinition/ObservationTimeHospitalArrival,StructureDefinition/ObservationHeartRate,StructureDefinition/ObservationTimeStationArrival,StructureDefinition/ObservationOutcomeAtDischarge,StructureDefinition/ObservationStatusOnArrival,StructureDefinition/ObservationLevelOfConsciousness,StructureDefinition/ObservationTriageCategory,StructureDefinition/ObservationFacility","SCT"
http://hl7.org/fhir/ValueSet/referencerange-meaning,4.0.1,draft,"2.16.840.1.113883.4.642.3.397",ObservationReferenceRangeMeaningCodes,Observation Reference Range Meaning Codes,"This value set defines a set of codes that can be used to indicate the meaning/use of a reference range for a particular target population.","StructureDefinition/ObservationEDHeartRate,StructureDefinition/ObservationVehiclesInvolved,StructureDefinition/ObservationPatientsInvolved,StructureDefinition/ObservationDateReceived,StructureDefinition/ObservationTimeOnScene,StructureDefinition/ObservationEDBloodPressure,StructureDefinition/ObservationExternalCause,StructureDefinition/ObservationConditionOfPatient,StructureDefinition/ObservationTransportVehicularFlag,StructureDefinition/ObservationPupils,StructureDefinition/ObservationGCS,StructureDefinition/ObservationBloodPressure,StructureDefinition/ObservationCollisionType,StructureDefinition/ObservationRespiratoryRate,StructureDefinition/ObservationExtentOfInjury,StructureDefinition/ObservationTimeDeparted,StructureDefinition/ObservationCyanosis,StructureDefinition/ObservationTimeReceived,StructureDefinition/ObservationTemperature,StructureDefinition/ObservationCCTVAvailable,StructureDefinition/ObservationModeOfTransport,StructureDefinition/ObservationTimeEnroute,StructureDefinition/ObservationScene,StructureDefinition/ObservationTimeHospitalArrival,StructureDefinition/ObservationHeartRate,StructureDefinition/ObservationTimeStationArrival,StructureDefinition/ObservationOutcomeAtDischarge,StructureDefinition/ObservationStatusOnArrival,StructureDefinition/ObservationLevelOfConsciousness,StructureDefinition/ObservationTriageCategory,StructureDefinition/ObservationFacility","THO"
http://hl7.org/fhir/ValueSet/request-priority,4.0.1,draft,"2.16.840.1.113883.4.642.3.115",RequestPriority,Request priority,"The clinical priority of a diagnostic order.","StructureDefinition/TaskRoadSafety,StructureDefinition/TaskDelayReporting","hl7.fhir.r4.core"
http://hl7.org/fhir/ValueSet/search-entry-mode,4.0.1,active,"2.16.840.1.113883.4.642.3.622",SearchEntryMode,SearchEntryMode,"Why an entry is in the result set - whether it's included as a match or because of an _include requirement, or to convey information or warning information about the search process.","StructureDefinition/FacilityBundle,StructureDefinition/RunReportBundle","hl7.fhir.r4.core"
http://hl7.org/fhir/ValueSet/security-labels,4.0.1,active,"2.16.840.1.113883.4.642.3.47",All Security Labels,SecurityLabels,"A single value set for all security labels defined by FHIR.","StructureDefinition/DocumentReferenceRoadNetworkShapes,StructureDefinition/DocumentReferenceOneissRunForm,StructureDefinition/DocumentReferenceCauseOfCrash,StructureDefinition/DocumentReferenceVehicleCondition,StructureDefinition/DocumentReferenceFacilityReport,StructureDefinition/DocumentReferenceIncidentManagement,StructureDefinition/DocumentReferencePartyAtFault",
http://hl7.org/fhir/ValueSet/service-type,4.0.1,draft,"2.16.840.1.113883.4.642.3.518",ServiceType,Service type,"This value set defines an example set of codes of service-types.","StructureDefinition/EncounterTransportRunReport,StructureDefinition/EncounterFacility","THO"
http://hl7.org/fhir/ValueSet/task-code,4.0.1,active,"2.16.840.1.113883.4.642.3.1396",TaskCode,Task Codes,"Codes indicating the type of action that is expected to be performed","StructureDefinition/TaskRoadSafety,StructureDefinition/TaskDelayReporting","hl7.fhir.r4.core"
http://hl7.org/fhir/ValueSet/task-intent,4.0.1,draft,"2.16.840.1.113883.4.642.3.1240",TaskIntent,TaskIntent,"Distinguishes whether the task is a proposal, plan or full order.","StructureDefinition/TaskRoadSafety,StructureDefinition/TaskDelayReporting","hl7.fhir.r4.core"
http://hl7.org/fhir/ValueSet/task-status,4.0.1,draft,"2.16.840.1.113883.4.642.3.790",TaskStatus,TaskStatus,"The current status of the task.","StructureDefinition/TaskRoadSafety,StructureDefinition/TaskDelayReporting","hl7.fhir.r4.core"
http://terminology.hl7.org/ValueSet/v2-0092,2.0.0,active,"2.16.840.1.113883.21.40",Hl7VSReAdmissionIndicator,hl7VS-re-admissionIndicator,"Value Set of codes which are used to specify that a patient is being re-admitted to a healthcare facility from which they were discharged, and indicates the circumstances around such re-admission.","StructureDefinition/EncounterTransportRunReport,StructureDefinition/EncounterFacility","THO (V2)"
http://terminology.hl7.org/ValueSet/v2-0116,2.0.0,active,"2.16.840.1.113883.21.51",Hl7VSBedStatus,hl7VS-bedStatus,"Value Set of codes that specify the state of a bed in an inpatient setting, and is used to determine if a patient may be assigned to it or not.","StructureDefinition/LocationIncident","THO (V2)"
http://terminology.hl7.org/ValueSet/v3-ActCode,3.0.0,active,,ActCode,v3 Code System ActCode,"A code specifying the particular kind of Act that the Act-instance represents within its class.  Constraints:  The kind of Act (e.g. physical examination, serum potassium, inpatient encounter, charge financial transaction, etc.) is specified with a code from one of several, typically external, coding systems.  The coding system will depend on the class of Act, such as LOINC for observations, etc. Conceptually, the Act.code must be a specialization of the Act.classCode. This is why the structure of ActClass domain should be reflected in the superstructure of the ActCode domain and then individual codes or externally referenced vocabularies subordinated under these domains that reflect the ActClass structure. Act.classCode and Act.code are not modifiers of each other but the Act.code concept should really imply the Act.classCode concept. For a negative example, it is not appropriate to use an Act.code ""potassium"" together with and Act.classCode for ""laboratory observation"" to somehow mean ""potassium laboratory observation"" and then use the same Act.code for ""potassium"" together with Act.classCode for ""medication"" to mean ""substitution of potassium"". This mutually modifying use of Act.code and Act.classCode is not permitted.","StructureDefinition/DocumentReferenceRoadNetworkShapes,StructureDefinition/DocumentReferenceOneissRunForm,StructureDefinition/DocumentReferenceCauseOfCrash,StructureDefinition/DocumentReferenceVehicleCondition,StructureDefinition/CompositionRunReport,StructureDefinition/CompositionFacility,StructureDefinition/DocumentReferenceFacilityReport,StructureDefinition/DocumentReferenceIncidentManagement,StructureDefinition/DocumentReferencePartyAtFault","THO (V3)"
http://terminology.hl7.org/ValueSet/v3-ActEncounterCode,3.0.0,active,"2.16.840.1.113883.1.11.13955",ActEncounterCode,ActEncounterCode,"Domain provides codes that qualify the ActEncounterClass (ENC)","StructureDefinition/EncounterTransportRunReport,StructureDefinition/EncounterFacility","THO (V3)"
http://terminology.hl7.org/ValueSet/v3-ActPriority,3.0.0,active,"2.16.840.1.113883.1.11.16866",ActPriority,ActPriority,"A code or set of codes (e.g., for routine, emergency,) specifying the urgency under which the Act happened, can happen, is happening, is intended to happen, or is requested/demanded to happen.    *Discussion:* This attribute is used in orders to indicate the ordered priority, and in event documentation it indicates the actual priority used to perform the act. In definition mood it indicates the available priorities.","StructureDefinition/EncounterTransportRunReport,StructureDefinition/EncounterFacility","THO (V3)"
http://terminology.hl7.org/ValueSet/v3-ConfidentialityClassification,2014-03-26,active,"2.16.840.1.113883.1.11.10228",v3.ConfidentialityClassification,V3 Value SetConfidentialityClassification," Set of codes used to value Act.Confidentiality and Role.Confidentiality attribute in accordance with the definition for concept domain ""Confidentiality"".","StructureDefinition/CompositionRunReport,StructureDefinition/CompositionFacility","THO (V3)"
http://terminology.hl7.org/ValueSet/v3-ServiceDeliveryLocationRoleType,3.0.0,active,"2.16.840.1.113883.1.11.17660",ServiceDeliveryLocationRoleType,ServiceDeliveryLocationRoleType,"A role of a place that further classifies the setting (e.g., accident site, road side, work site, community location) in which services are delivered.","StructureDefinition/LocationIncident","THO (V3)"
https://build.fhir.org/ig/UPM-NTHC/PH-RoadSafetyIG/ValueSet/CollisionTypeVS,0.1.0,draft,,CollisionTypeVS,Collision types (sample),"","StructureDefinition/ObservationCollisionType","Internal"
https://build.fhir.org/ig/UPM-NTHC/PH-RoadSafetyIG/ValueSet/DispositionVS,0.1.0,draft,,DispositionVS,Disposition values (sample),"","StructureDefinition/EncounterFacility",
https://build.fhir.org/ig/UPM-NTHC/PH-RoadSafetyIG/ValueSet/DocumentFormatVS,0.1.0,draft,,DocumentFormatVS,Document formats (sample),"","StructureDefinition/DocumentReferenceOneissRunForm,StructureDefinition/DocumentReferenceFacilityReport","THO (V3)"
https://build.fhir.org/ig/UPM-NTHC/PH-RoadSafetyIG/ValueSet/ICD10ExternalCauseVS,0.1.0,draft,,ICD10ExternalCauseVS,ICD-10 External Cause (sample),"",,"hl7.terminology.r4"
https://build.fhir.org/ig/UPM-NTHC/PH-RoadSafetyIG/ValueSet/ICD10NatureOfInjuryVS,0.1.0,draft,,ICD10NatureOfInjuryVS,ICD-10 Nature of Injury (sample),"","StructureDefinition/ConditionICD10NatureOfInjury,StructureDefinition/ConditionInitialImpression,StructureDefinition/ConditionRoadSafety,StructureDefinition/ConditionICD10ExternalCause","hl7.terminology.r4"
https://build.fhir.org/ig/UPM-NTHC/PH-RoadSafetyIG/ValueSet/TriageCategoryVS,0.1.0,draft,,TriageCategoryVS,Triage categories (sample),"","StructureDefinition/ObservationTriageCategory","Other"
