<?xml version="1.0" encoding="UTF-8"?>

<Bundle xmlns="http://hl7.org/fhir">
  <id value="rs-minimum-example-bundle"/>
  <meta>
    <profile value="https://build.fhir.org/ig/UPM-NTHC/PH-RoadSafetyIG/StructureDefinition/rs-bundle-minimum"/>
  </meta>
  <identifier>
    <system value="urn:fdc:roadsafetyph.doh.gov.ph:bundle"/>
    <value value="MINIMUM-20251108-001"/>
  </identifier>
  <type value="transaction"/>
  <timestamp value="2025-11-08T17:00:00+08:00"/>
  <entry>
    <fullUrl value="urn:uuid:aaaa1111-bbbb-cccc-dddd-eeeeffff0001"/>
    <resource>
      <Patient>
        <id value="rs-minimum-example-patient"/>
        <meta>
          <profile value="https://build.fhir.org/ig/UPM-NTHC/PH-RoadSafetyIG/StructureDefinition/rs-patient"/>
        </meta>
        <text>
          <status value="generated"/><div xmlns="http://www.w3.org/1999/xhtml"><a name="Patient_rs-minimum-example-patient"> </a><p class="res-header-id"><b>Generated Narrative: Patient rs-minimum-example-patient</b></p><a name="rs-minimum-example-patient"> </a><a name="hcrs-minimum-example-patient"> </a><div style="display: inline-block; background-color: #d9e0e7; padding: 6px; margin: 4px; border: 1px solid #8da1b4; border-radius: 5px; line-height: 60%"><p style="margin-bottom: 0px"/><p style="margin-bottom: 0px">Profile: <a href="StructureDefinition-rs-patient.html">RS Patient</a></p></div><p style="border: 1px #661aff solid; background-color: #e6e6ff; padding: 10px;">Thomas Niccolo Filamor Reyes (official) Male, DoB: 1990-01-01</p><hr/><table class="grid"><tr><td style="background-color: #f3f5da" title="Record is active">Active:</td><td colspan="3">true</td></tr><tr><td style="background-color: #f3f5da" title="Ways to contact the Patient">Contact Detail</td><td colspan="3"><ul><li><a href="tel:+63-912-345-6789">+63-912-345-6789</a></li><li>123 Sampaloc Street Manila 1008 PH (home)</li></ul></td></tr><tr><td style="background-color: #f3f5da" title="If the patient is a member of an indigenous group."><a href="https://build.fhir.org/ig/UP-Manila-SILab/ph-core/StructureDefinition-indigenous-people.html">Indigenous People</a></td><td colspan="3">false</td></tr></table></div>
        </text>
        <extension url="urn://example.com/ph-core/fhir/StructureDefinition/indigenous-people">
          <valueBoolean value="false"/>
        </extension>
        <active value="true"/>
        <name>
          <use value="official"/>
          <family value="Reyes"/>
          <given value="Thomas Niccolo"/>
          <given value="Filamor"/>
        </name>
        <telecom>
          <system value="phone"/>
          <value value="+63-912-345-6789"/>
        </telecom>
        <gender value="male"/>
        <birthDate value="1990-01-01"/>
        <address>
          <use value="home"/>
          <line value="123 Sampaloc Street"/>
          <city value="Manila"/>
          <postalCode value="1008"/>
          <country value="PH"/>
        </address>
      </Patient>
    </resource>
    <request>
      <method value="POST"/>
      <url value="Patient"/>
    </request>
  </entry>
  <entry>
    <fullUrl value="urn:uuid:aaaa1111-bbbb-cccc-dddd-eeeeffff0002"/>
    <resource>
      <Encounter>
        <id value="rs-minimum-example-encounter"/>
        <meta>
          <profile value="https://build.fhir.org/ig/UPM-NTHC/PH-RoadSafetyIG/StructureDefinition/rs-encounter"/>
        </meta>
        <text>
          <status value="generated"/><div xmlns="http://www.w3.org/1999/xhtml"><a name="Encounter_rs-minimum-example-encounter"> </a><p class="res-header-id"><b>Generated Narrative: Encounter rs-minimum-example-encounter</b></p><a name="rs-minimum-example-encounter"> </a><a name="hcrs-minimum-example-encounter"> </a><div style="display: inline-block; background-color: #d9e0e7; padding: 6px; margin: 4px; border: 1px solid #8da1b4; border-radius: 5px; line-height: 60%"><p style="margin-bottom: 0px"/><p style="margin-bottom: 0px">Profile: <a href="StructureDefinition-rs-encounter.html">RS Encounter</a></p></div><p><b>identifier</b>: <code>http://doh.incident.system/</code>/INC-2025-0102, <code>http://doh.hospitalno.system/</code>/HCN-2025-1120</p><p><b>status</b>: Finished</p><p><b>class</b>: <a href="https://loinc.org/LA10268-3">LOINC: LA10268-3</a> (ER)</p><p><b>subject</b>: <a href="Bundle-rs-minimum-example-bundle.html#urn-uuid-aaaa1111-bbbb-cccc-dddd-eeeeffff0001">Thomas Niccolo Filamor Reyes (official) Male, DoB: 1990-01-01</a></p><p><b>period</b>: 2025-11-08 14:30:00+0800 --&gt; 2025-11-08 16:45:00+0800</p></div>
        </text>
        <identifier>
          <system value="http://doh.incident.system/"/>
          <value value="INC-2025-0102"/>
        </identifier>
        <identifier>
          <system value="http://doh.hospitalno.system/"/>
          <value value="HCN-2025-1120"/>
        </identifier>
        <status value="finished"/>
        <class>
          <system value="http://loinc.org"/>
          <code value="LA10268-3"/>
          <display value="ER"/>
        </class>
        <subject>
          <reference value="urn:uuid:aaaa1111-bbbb-cccc-dddd-eeeeffff0001"/>
        </subject>
        <period>
          <start value="2025-11-08T14:30:00+08:00"/>
          <end value="2025-11-08T16:45:00+08:00"/>
        </period>
      </Encounter>
    </resource>
    <request>
      <method value="POST"/>
      <url value="Encounter"/>
    </request>
  </entry>
  <entry>
    <fullUrl value="urn:uuid:aaaa1111-bbbb-cccc-dddd-eeeeffff0011"/>
    <resource>
      <AllergyIntolerance>
        <id value="rs-minimum-example-allergy"/>
        <meta>
          <profile value="https://build.fhir.org/ig/UPM-NTHC/PH-RoadSafetyIG/StructureDefinition/rs-allergy-intolerance"/>
        </meta>
        <text>
          <status value="generated"/><div xmlns="http://www.w3.org/1999/xhtml"><a name="AllergyIntolerance_rs-minimum-example-allergy"> </a><p class="res-header-id"><b>Generated Narrative: AllergyIntolerance rs-minimum-example-allergy</b></p><a name="rs-minimum-example-allergy"> </a><a name="hcrs-minimum-example-allergy"> </a><div style="display: inline-block; background-color: #d9e0e7; padding: 6px; margin: 4px; border: 1px solid #8da1b4; border-radius: 5px; line-height: 60%"><p style="margin-bottom: 0px"/><p style="margin-bottom: 0px">Profile: <a href="StructureDefinition-rs-allergy-intolerance.html">RS AllergyIntolerance</a></p></div><p><b>clinicalStatus</b>: <span title="Codes:{http://terminology.hl7.org/CodeSystem/allergyintolerance-clinical active}">Active</span></p><p><b>verificationStatus</b>: <span title="Codes:{http://terminology.hl7.org/CodeSystem/allergyintolerance-verification confirmed}">Confirmed</span></p><p><b>type</b>: Allergy</p><p><b>category</b>: Food</p><p><b>criticality</b>: Low Risk</p><p><b>code</b>: <span title="Codes:">Peanuts</span></p><p><b>patient</b>: <a href="Bundle-rs-minimum-example-bundle.html#urn-uuid-aaaa1111-bbbb-cccc-dddd-eeeeffff0001">Thomas Niccolo Filamor Reyes (official) Male, DoB: 1990-01-01</a></p></div>
        </text>
        <clinicalStatus>
          <coding>
            <system value="http://terminology.hl7.org/CodeSystem/allergyintolerance-clinical"/>
            <code value="active"/>
          </coding>
        </clinicalStatus>
        <verificationStatus>
          <coding>
            <system value="http://terminology.hl7.org/CodeSystem/allergyintolerance-verification"/>
            <code value="confirmed"/>
          </coding>
        </verificationStatus>
        <type value="allergy"/>
        <category value="food"/>
        <criticality value="low"/>
        <code>
          <text value="Peanuts"/>
        </code>
        <patient>
          <reference value="urn:uuid:aaaa1111-bbbb-cccc-dddd-eeeeffff0001"/>
        </patient>
      </AllergyIntolerance>
    </resource>
    <request>
      <method value="POST"/>
      <url value="AllergyIntolerance"/>
    </request>
  </entry>
  <entry>
    <fullUrl value="urn:uuid:aaaa1111-bbbb-cccc-dddd-eeeeffff0012"/>
    <resource>
      <MedicationStatement>
        <id value="rs-minimum-example-medication"/>
        <meta>
          <profile value="https://build.fhir.org/ig/UPM-NTHC/PH-RoadSafetyIG/StructureDefinition/rs-medication-statement"/>
        </meta>
        <text>
          <status value="generated"/><div xmlns="http://www.w3.org/1999/xhtml"><a name="MedicationStatement_rs-minimum-example-medication"> </a><p class="res-header-id"><b>Generated Narrative: MedicationStatement rs-minimum-example-medication</b></p><a name="rs-minimum-example-medication"> </a><a name="hcrs-minimum-example-medication"> </a><div style="display: inline-block; background-color: #d9e0e7; padding: 6px; margin: 4px; border: 1px solid #8da1b4; border-radius: 5px; line-height: 60%"><p style="margin-bottom: 0px"/><p style="margin-bottom: 0px">Profile: <a href="StructureDefinition-rs-medication-statement.html">RS MedicationStatement</a></p></div><p><b>status</b>: Active</p><p><b>medication</b>: <span title="Codes:">Aspirin</span></p><p><b>subject</b>: <a href="Bundle-rs-minimum-example-bundle.html#urn-uuid-aaaa1111-bbbb-cccc-dddd-eeeeffff0001">Thomas Niccolo Filamor Reyes (official) Male, DoB: 1990-01-01</a></p></div>
        </text>
        <status value="active"/>
        <medicationCodeableConcept>
          <text value="Aspirin"/>
        </medicationCodeableConcept>
        <subject>
          <reference value="urn:uuid:aaaa1111-bbbb-cccc-dddd-eeeeffff0001"/>
        </subject>
      </MedicationStatement>
    </resource>
    <request>
      <method value="POST"/>
      <url value="MedicationStatement"/>
    </request>
  </entry>
  <entry>
    <fullUrl value="urn:uuid:aaaa1111-bbbb-cccc-dddd-eeeeffff0013"/>
    <resource>
      <Task>
        <id value="rs-minimum-example-task-delays"/>
        <meta>
          <profile value="https://build.fhir.org/ig/UPM-NTHC/PH-RoadSafetyIG/StructureDefinition/rs-task"/>
        </meta>
        <text>
          <status value="generated"/><div xmlns="http://www.w3.org/1999/xhtml"><a name="Task_rs-minimum-example-task-delays"> </a><p class="res-header-id"><b>Generated Narrative: Task rs-minimum-example-task-delays</b></p><a name="rs-minimum-example-task-delays"> </a><a name="hcrs-minimum-example-task-delays"> </a><div style="display: inline-block; background-color: #d9e0e7; padding: 6px; margin: 4px; border: 1px solid #8da1b4; border-radius: 5px; line-height: 60%"><p style="margin-bottom: 0px"/><p style="margin-bottom: 0px">Profile: <a href="StructureDefinition-rs-task.html">RS Task</a></p></div><p><b>status</b>: Completed</p><p><b>intent</b>: order</p><p><b>description</b>: Delay in transport due to heavy traffic</p><p><b>for</b>: <a href="Bundle-rs-minimum-example-bundle.html#urn-uuid-aaaa1111-bbbb-cccc-dddd-eeeeffff0001">Thomas Niccolo Filamor Reyes (official) Male, DoB: 1990-01-01</a></p></div>
        </text>
        <status value="completed"/>
        <intent value="order"/>
        <description value="Delay in transport due to heavy traffic"/>
        <for>
          <reference value="urn:uuid:aaaa1111-bbbb-cccc-dddd-eeeeffff0001"/>
        </for>
      </Task>
    </resource>
    <request>
      <method value="POST"/>
      <url value="Task"/>
    </request>
  </entry>
  <entry>
    <fullUrl value="urn:uuid:aaaa1111-bbbb-cccc-dddd-eeeeffff0014"/>
    <resource>
      <Location>
        <id value="rs-minimum-example-location"/>
        <meta>
          <profile value="https://build.fhir.org/ig/UPM-NTHC/PH-RoadSafetyIG/StructureDefinition/rs-incident-location-incident"/>
        </meta>
        <text>
          <status value="generated"/><div xmlns="http://www.w3.org/1999/xhtml"><a name="Location_rs-minimum-example-location"> </a><p class="res-header-id"><b>Generated Narrative: Location rs-minimum-example-location</b></p><a name="rs-minimum-example-location"> </a><a name="hcrs-minimum-example-location"> </a><div style="display: inline-block; background-color: #d9e0e7; padding: 6px; margin: 4px; border: 1px solid #8da1b4; border-radius: 5px; line-height: 60%"><p style="margin-bottom: 0px"/><p style="margin-bottom: 0px">Profile: <a href="StructureDefinition-rs-incident-location-incident.html">RS Incident Location</a></p></div><p><b>description</b>: Incident at the corner of EDSA and Ayala Avenue</p><p><b>address</b>: EDSA corner Ayala Avenue Makati PH </p></div>
        </text>
        <description value="Incident at the corner of EDSA and Ayala Avenue"/>
        <address>
          <line value="EDSA corner Ayala Avenue"/>
          <city value="Makati"/>
          <country value="PH"/>
        </address>
      </Location>
    </resource>
    <request>
      <method value="POST"/>
      <url value="Location"/>
    </request>
  </entry>
  <entry>
    <fullUrl value="urn:uuid:aaaa1111-bbbb-cccc-dddd-eeeeffff0015"/>
    <resource>
      <DocumentReference>
        <id value="rs-minimum-example-doc-ref"/>
        <meta>
          <profile value="https://build.fhir.org/ig/UPM-NTHC/PH-RoadSafetyIG/StructureDefinition/rs-document-reference"/>
        </meta>
        <text>
          <status value="generated"/><div xmlns="http://www.w3.org/1999/xhtml"><a name="DocumentReference_rs-minimum-example-doc-ref"> </a><p class="res-header-id"><b>Generated Narrative: DocumentReference rs-minimum-example-doc-ref</b></p><a name="rs-minimum-example-doc-ref"> </a><a name="hcrs-minimum-example-doc-ref"> </a><div style="display: inline-block; background-color: #d9e0e7; padding: 6px; margin: 4px; border: 1px solid #8da1b4; border-radius: 5px; line-height: 60%"><p style="margin-bottom: 0px"/><p style="margin-bottom: 0px">Profile: <a href="StructureDefinition-rs-document-reference.html">RS DocumentReference (Evidence)</a></p></div><p><b>status</b>: Current</p><p><b>docStatus</b>: Final</p><p><b>subject</b>: <a href="Bundle-rs-minimum-example-bundle.html#urn-uuid-aaaa1111-bbbb-cccc-dddd-eeeeffff0001">Thomas Niccolo Filamor Reyes (official) Male, DoB: 1990-01-01</a></p><blockquote><p><b>content</b></p><h3>Attachments</h3><table class="grid"><tr><td style="display: none">-</td><td><b>ContentType</b></td><td><b>Url</b></td></tr><tr><td style="display: none">*</td><td>video/mp4</td><td><a href="http://example.com/cctv.mp4">http://example.com/cctv.mp4</a></td></tr></table></blockquote></div>
        </text>
        <status value="current"/>
        <docStatus value="final"/>
        <subject>
          <reference value="urn:uuid:aaaa1111-bbbb-cccc-dddd-eeeeffff0001"/>
        </subject>
        <content>
          <attachment>
            <contentType value="video/mp4"/>
            <url value="http://example.com/cctv.mp4"/>
          </attachment>
        </content>
      </DocumentReference>
    </resource>
    <request>
      <method value="POST"/>
      <url value="DocumentReference"/>
    </request>
  </entry>
  <entry>
    <fullUrl value="urn:uuid:aaaa1111-bbbb-cccc-dddd-eeeeffff0007"/>
    <resource>
      <Observation>
        <id value="rs-minimum-example-observation-injury-datetime"/>
        <meta>
          <profile value="https://build.fhir.org/ig/UPM-NTHC/PH-RoadSafetyIG/StructureDefinition/rs-observation-injury-datetime"/>
        </meta>
        <text>
          <status value="generated"/><div xmlns="http://www.w3.org/1999/xhtml"><a name="Observation_rs-minimum-example-observation-injury-datetime"> </a><p class="res-header-id"><b>Generated Narrative: Observation rs-minimum-example-observation-injury-datetime</b></p><a name="rs-minimum-example-observation-injury-datetime"> </a><a name="hcrs-minimum-example-observation-injury-datetime"> </a><div style="display: inline-block; background-color: #d9e0e7; padding: 6px; margin: 4px; border: 1px solid #8da1b4; border-radius: 5px; line-height: 60%"><p style="margin-bottom: 0px"/><p style="margin-bottom: 0px">Profile: <a href="StructureDefinition-rs-observation-injury-datetime.html">RS Observation - Date/Time of Injury</a></p></div><p><b>status</b>: Final</p><p><b>code</b>: <span title="Codes:{http://snomed.info/sct 439771001}">Date of event (observable entity)</span></p><p><b>subject</b>: <a href="Bundle-rs-minimum-example-bundle.html#urn-uuid-aaaa1111-bbbb-cccc-dddd-eeeeffff0001">Thomas Niccolo Filamor Reyes (official) Male, DoB: 1990-01-01</a></p><p><b>encounter</b>: <a href="Bundle-rs-minimum-example-bundle.html#urn-uuid-aaaa1111-bbbb-cccc-dddd-eeeeffff0002">Encounter: identifier = http://doh.incident.system/#INC-2025-0102,http://doh.hospitalno.system/#HCN-2025-1120; status = finished; class = ER (LOINC#LA10268-3); period = 2025-11-08 14:30:00+0800 --&gt; 2025-11-08 16:45:00+0800</a></p><p><b>effective</b>: 2025-11-08 14:15:00+0800</p><p><b>value</b>: 2025-11-08 14:15:00+0800</p></div>
        </text>
        <status value="final"/>
        <code>
          <coding>
            <system value="http://snomed.info/sct"/>
            <version value="http://snomed.info/sct/900000000000207008/version/20241001"/>
            <code value="439771001"/>
            <display value="Date of event (observable entity)"/>
          </coding>
        </code>
        <subject>
          <reference value="urn:uuid:aaaa1111-bbbb-cccc-dddd-eeeeffff0001"/>
        </subject>
        <encounter>
          <reference value="urn:uuid:aaaa1111-bbbb-cccc-dddd-eeeeffff0002"/>
        </encounter>
        <effectiveDateTime value="2025-11-08T14:15:00+08:00"/>
        <valueDateTime value="2025-11-08T14:15:00+08:00"/>
      </Observation>
    </resource>
    <request>
      <method value="POST"/>
      <url value="Observation"/>
    </request>
  </entry>
  <entry>
    <fullUrl value="urn:uuid:aaaa1111-bbbb-cccc-dddd-eeeeffff0008"/>
    <resource>
      <Observation>
        <id value="rs-minimum-example-observation-transport-accident"/>
        <meta>
          <profile value="https://build.fhir.org/ig/UPM-NTHC/PH-RoadSafetyIG/StructureDefinition/rs-observation-transport-vehicular-accident"/>
        </meta>
        <text>
          <status value="generated"/><div xmlns="http://www.w3.org/1999/xhtml"><a name="Observation_rs-minimum-example-observation-transport-accident"> </a><p class="res-header-id"><b>Generated Narrative: Observation rs-minimum-example-observation-transport-accident</b></p><a name="rs-minimum-example-observation-transport-accident"> </a><a name="hcrs-minimum-example-observation-transport-accident"> </a><div style="display: inline-block; background-color: #d9e0e7; padding: 6px; margin: 4px; border: 1px solid #8da1b4; border-radius: 5px; line-height: 60%"><p style="margin-bottom: 0px"/><p style="margin-bottom: 0px">Profile: <a href="StructureDefinition-rs-observation-transport-vehicular-accident.html">RS Observation - Transport/Vehicular Accident</a></p></div><p><b>status</b>: Final</p><p><b>code</b>: <span title="Codes:{http://snomed.info/sct 274215009}">Transport accident (event)</span></p><p><b>subject</b>: <a href="Bundle-rs-minimum-example-bundle.html#urn-uuid-aaaa1111-bbbb-cccc-dddd-eeeeffff0001">Thomas Niccolo Filamor Reyes (official) Male, DoB: 1990-01-01</a></p><p><b>encounter</b>: <a href="Bundle-rs-minimum-example-bundle.html#urn-uuid-aaaa1111-bbbb-cccc-dddd-eeeeffff0002">Encounter: identifier = http://doh.incident.system/#INC-2025-0102,http://doh.hospitalno.system/#HCN-2025-1120; status = finished; class = ER (LOINC#LA10268-3); period = 2025-11-08 14:30:00+0800 --&gt; 2025-11-08 16:45:00+0800</a></p><p><b>effective</b>: 2025-11-08 14:15:00+0800</p><p><b>value</b>: true</p></div>
        </text>
        <status value="final"/>
        <code>
          <coding>
            <system value="http://snomed.info/sct"/>
            <version value="http://snomed.info/sct/900000000000207008/version/20241001"/>
            <code value="274215009"/>
            <display value="Transport accident (event)"/>
          </coding>
        </code>
        <subject>
          <reference value="urn:uuid:aaaa1111-bbbb-cccc-dddd-eeeeffff0001"/>
        </subject>
        <encounter>
          <reference value="urn:uuid:aaaa1111-bbbb-cccc-dddd-eeeeffff0002"/>
        </encounter>
        <effectiveDateTime value="2025-11-08T14:15:00+08:00"/>
        <valueBoolean value="true"/>
      </Observation>
    </resource>
    <request>
      <method value="POST"/>
      <url value="Observation"/>
    </request>
  </entry>
  <entry>
    <fullUrl value="urn:uuid:aaaa1111-bbbb-cccc-dddd-eeeeffff0009"/>
    <resource>
      <Observation>
        <id value="rs-minimum-example-observation-mode-transport"/>
        <meta>
          <profile value="https://build.fhir.org/ig/UPM-NTHC/PH-RoadSafetyIG/StructureDefinition/rs-observation-mode-of-transport"/>
        </meta>
        <text>
          <status value="generated"/><div xmlns="http://www.w3.org/1999/xhtml"><a name="Observation_rs-minimum-example-observation-mode-transport"> </a><p class="res-header-id"><b>Generated Narrative: Observation rs-minimum-example-observation-mode-transport</b></p><a name="rs-minimum-example-observation-mode-transport"> </a><a name="hcrs-minimum-example-observation-mode-transport"> </a><div style="display: inline-block; background-color: #d9e0e7; padding: 6px; margin: 4px; border: 1px solid #8da1b4; border-radius: 5px; line-height: 60%"><p style="margin-bottom: 0px"/><p style="margin-bottom: 0px">Profile: <a href="StructureDefinition-rs-observation-mode-of-transport.html">RS Observation - Mode of Transport to Facility</a></p></div><p><b>status</b>: Final</p><p><b>code</b>: <span title="Codes:{http://loinc.org 74286-6}">Transport mode to hospital [NTDS]</span></p><p><b>subject</b>: <a href="Bundle-rs-minimum-example-bundle.html#urn-uuid-aaaa1111-bbbb-cccc-dddd-eeeeffff0001">Thomas Niccolo Filamor Reyes (official) Male, DoB: 1990-01-01</a></p><p><b>encounter</b>: <a href="Bundle-rs-minimum-example-bundle.html#urn-uuid-aaaa1111-bbbb-cccc-dddd-eeeeffff0002">Encounter: identifier = http://doh.incident.system/#INC-2025-0102,http://doh.hospitalno.system/#HCN-2025-1120; status = finished; class = ER (LOINC#LA10268-3); period = 2025-11-08 14:30:00+0800 --&gt; 2025-11-08 16:45:00+0800</a></p><p><b>effective</b>: 2025-11-08 14:30:00+0800</p><p><b>value</b>: <span title="Codes:{http://snomed.info/sct 49122002}">Ambulance</span></p></div>
        </text>
        <status value="final"/>
        <code>
          <coding>
            <system value="http://loinc.org"/>
            <code value="74286-6"/>
            <display value="Transport mode to hospital [NTDS]"/>
          </coding>
        </code>
        <subject>
          <reference value="urn:uuid:aaaa1111-bbbb-cccc-dddd-eeeeffff0001"/>
        </subject>
        <encounter>
          <reference value="urn:uuid:aaaa1111-bbbb-cccc-dddd-eeeeffff0002"/>
        </encounter>
        <effectiveDateTime value="2025-11-08T14:30:00+08:00"/>
        <valueCodeableConcept>
          <coding>
            <system value="http://snomed.info/sct"/>
            <version value="http://snomed.info/sct/900000000000207008/version/20241001"/>
            <code value="49122002"/>
            <display value="Ambulance"/>
          </coding>
        </valueCodeableConcept>
      </Observation>
    </resource>
    <request>
      <method value="POST"/>
      <url value="Observation"/>
    </request>
  </entry>
  <entry>
    <fullUrl value="urn:uuid:aaaa1111-bbbb-cccc-dddd-eeeeffff0010"/>
    <resource>
      <Observation>
        <id value="rs-minimum-example-observation-outcome"/>
        <meta>
          <profile value="https://build.fhir.org/ig/UPM-NTHC/PH-RoadSafetyIG/StructureDefinition/rs-observation-outcome-release"/>
        </meta>
        <text>
          <status value="generated"/><div xmlns="http://www.w3.org/1999/xhtml"><a name="Observation_rs-minimum-example-observation-outcome"> </a><p class="res-header-id"><b>Generated Narrative: Observation rs-minimum-example-observation-outcome</b></p><a name="rs-minimum-example-observation-outcome"> </a><a name="hcrs-minimum-example-observation-outcome"> </a><div style="display: inline-block; background-color: #d9e0e7; padding: 6px; margin: 4px; border: 1px solid #8da1b4; border-radius: 5px; line-height: 60%"><p style="margin-bottom: 0px"/><p style="margin-bottom: 0px">Profile: <a href="StructureDefinition-rs-observation-outcome-release.html">RS Observation - Outcome at Release</a></p></div><p><b>status</b>: Final</p><p><b>code</b>: <span title="Codes:{http://snomed.info/sct 418138009}">Patient condition finding (finding)</span></p><p><b>subject</b>: <a href="Bundle-rs-minimum-example-bundle.html#urn-uuid-aaaa1111-bbbb-cccc-dddd-eeeeffff0001">Thomas Niccolo Filamor Reyes (official) Male, DoB: 1990-01-01</a></p><p><b>encounter</b>: <a href="Bundle-rs-minimum-example-bundle.html#urn-uuid-aaaa1111-bbbb-cccc-dddd-eeeeffff0002">Encounter: identifier = http://doh.incident.system/#INC-2025-0102,http://doh.hospitalno.system/#HCN-2025-1120; status = finished; class = ER (LOINC#LA10268-3); period = 2025-11-08 14:30:00+0800 --&gt; 2025-11-08 16:45:00+0800</a></p><p><b>effective</b>: 2025-11-08 16:45:00+0800</p><p><b>value</b>: <span title="Codes:{http://snomed.info/sct 268910001}">Improved</span></p></div>
        </text>
        <status value="final"/>
        <code>
          <coding>
            <system value="http://snomed.info/sct"/>
            <version value="http://snomed.info/sct/900000000000207008/version/20241001"/>
            <code value="418138009"/>
            <display value="Patient condition finding (finding)"/>
          </coding>
        </code>
        <subject>
          <reference value="urn:uuid:aaaa1111-bbbb-cccc-dddd-eeeeffff0001"/>
        </subject>
        <encounter>
          <reference value="urn:uuid:aaaa1111-bbbb-cccc-dddd-eeeeffff0002"/>
        </encounter>
        <effectiveDateTime value="2025-11-08T16:45:00+08:00"/>
        <valueCodeableConcept>
          <coding>
            <system value="http://snomed.info/sct"/>
            <version value="http://snomed.info/sct/900000000000207008/version/20241001"/>
            <code value="268910001"/>
            <display value="Improved"/>
          </coding>
        </valueCodeableConcept>
      </Observation>
    </resource>
    <request>
      <method value="POST"/>
      <url value="Observation"/>
    </request>
  </entry>
  <entry>
    <fullUrl value="urn:uuid:aaaa1111-bbbb-cccc-dddd-eeeeffff0016"/>
    <resource>
      <Observation>
        <id value="rs-minimum-example-obs-bp"/>
        <meta>
          <profile value="https://build.fhir.org/ig/UPM-NTHC/PH-RoadSafetyIG/StructureDefinition/rs-observation-blood-pressure"/>
        </meta>
        <text>
          <status value="generated"/><div xmlns="http://www.w3.org/1999/xhtml"><a name="Observation_rs-minimum-example-obs-bp"> </a><p class="res-header-id"><b>Generated Narrative: Observation rs-minimum-example-obs-bp</b></p><a name="rs-minimum-example-obs-bp"> </a><a name="hcrs-minimum-example-obs-bp"> </a><div style="display: inline-block; background-color: #d9e0e7; padding: 6px; margin: 4px; border: 1px solid #8da1b4; border-radius: 5px; line-height: 60%"><p style="margin-bottom: 0px"/><p style="margin-bottom: 0px">Profile: <a href="StructureDefinition-rs-observation-blood-pressure.html">RS Observation - Blood Pressure</a></p></div><p><b>status</b>: Final</p><p><b>code</b>: <span title="Codes:{http://loinc.org 85354-9}">Blood pressure panel with all children optional</span></p><p><b>subject</b>: <a href="Bundle-rs-minimum-example-bundle.html#urn-uuid-aaaa1111-bbbb-cccc-dddd-eeeeffff0001">Thomas Niccolo Filamor Reyes (official) Male, DoB: 1990-01-01</a></p><p><b>encounter</b>: <a href="Bundle-rs-minimum-example-bundle.html#urn-uuid-aaaa1111-bbbb-cccc-dddd-eeeeffff0002">Encounter: identifier = http://doh.incident.system/#INC-2025-0102,http://doh.hospitalno.system/#HCN-2025-1120; status = finished; class = ER (LOINC#LA10268-3); period = 2025-11-08 14:30:00+0800 --&gt; 2025-11-08 16:45:00+0800</a></p><p><b>effective</b>: 2025-11-08 14:35:00+0800</p><blockquote><p><b>component</b></p><p><b>code</b>: <span title="Codes:{http://snomed.info/sct 271649006}">Systolic blood pressure (observable entity)</span></p><p><b>value</b>: 120 mm[Hg]<span style="background: LightGoldenRodYellow"> (Details: UCUM  codemm[Hg] = 'mm[Hg]')</span></p></blockquote><blockquote><p><b>component</b></p><p><b>code</b>: <span title="Codes:{http://snomed.info/sct 271650006}">Diastolic blood pressure (observable entity)</span></p><p><b>value</b>: 80 mm[Hg]<span style="background: LightGoldenRodYellow"> (Details: UCUM  codemm[Hg] = 'mm[Hg]')</span></p></blockquote></div>
        </text>
        <status value="final"/>
        <code>
          <coding>
            <system value="http://loinc.org"/>
            <code value="85354-9"/>
            <display value="Blood pressure panel with all children optional"/>
          </coding>
        </code>
        <subject>
          <reference value="urn:uuid:aaaa1111-bbbb-cccc-dddd-eeeeffff0001"/>
        </subject>
        <encounter>
          <reference value="urn:uuid:aaaa1111-bbbb-cccc-dddd-eeeeffff0002"/>
        </encounter>
        <effectiveDateTime value="2025-11-08T14:35:00+08:00"/>
        <component>
          <code>
            <coding>
              <system value="http://snomed.info/sct"/>
              <version value="http://snomed.info/sct/900000000000207008/version/20241001"/>
              <code value="271649006"/>
              <display value="Systolic blood pressure (observable entity)"/>
            </coding>
          </code>
          <valueQuantity>
            <value value="120"/>
            <system value="http://unitsofmeasure.org"/>
            <code value="mm[Hg]"/>
          </valueQuantity>
        </component>
        <component>
          <code>
            <coding>
              <system value="http://snomed.info/sct"/>
              <version value="http://snomed.info/sct/900000000000207008/version/20241001"/>
              <code value="271650006"/>
              <display value="Diastolic blood pressure (observable entity)"/>
            </coding>
          </code>
          <valueQuantity>
            <value value="80"/>
            <system value="http://unitsofmeasure.org"/>
            <code value="mm[Hg]"/>
          </valueQuantity>
        </component>
      </Observation>
    </resource>
    <request>
      <method value="POST"/>
      <url value="Observation"/>
    </request>
  </entry>
  <entry>
    <fullUrl value="urn:uuid:aaaa1111-bbbb-cccc-dddd-eeeeffff0017"/>
    <resource>
      <Observation>
        <id value="rs-minimum-example-obs-pulse"/>
        <meta>
          <profile value="https://build.fhir.org/ig/UPM-NTHC/PH-RoadSafetyIG/StructureDefinition/rs-observation-pulse-rate"/>
        </meta>
        <text>
          <status value="generated"/><div xmlns="http://www.w3.org/1999/xhtml"><a name="Observation_rs-minimum-example-obs-pulse"> </a><p class="res-header-id"><b>Generated Narrative: Observation rs-minimum-example-obs-pulse</b></p><a name="rs-minimum-example-obs-pulse"> </a><a name="hcrs-minimum-example-obs-pulse"> </a><div style="display: inline-block; background-color: #d9e0e7; padding: 6px; margin: 4px; border: 1px solid #8da1b4; border-radius: 5px; line-height: 60%"><p style="margin-bottom: 0px"/><p style="margin-bottom: 0px">Profile: <a href="StructureDefinition-rs-observation-pulse-rate.html">RS Observation - Pulse Rate</a></p></div><p><b>status</b>: Final</p><p><b>code</b>: <span title="Codes:{http://snomed.info/sct 78564009}">Heart rate measured at systemic artery (observable entity)</span></p><p><b>subject</b>: <a href="Bundle-rs-minimum-example-bundle.html#urn-uuid-aaaa1111-bbbb-cccc-dddd-eeeeffff0001">Thomas Niccolo Filamor Reyes (official) Male, DoB: 1990-01-01</a></p><p><b>encounter</b>: <a href="Bundle-rs-minimum-example-bundle.html#urn-uuid-aaaa1111-bbbb-cccc-dddd-eeeeffff0002">Encounter: identifier = http://doh.incident.system/#INC-2025-0102,http://doh.hospitalno.system/#HCN-2025-1120; status = finished; class = ER (LOINC#LA10268-3); period = 2025-11-08 14:30:00+0800 --&gt; 2025-11-08 16:45:00+0800</a></p><p><b>effective</b>: 2025-11-08 14:35:00+0800</p><p><b>value</b>: 88 /min<span style="background: LightGoldenRodYellow"> (Details: UCUM  code/min = '/min')</span></p></div>
        </text>
        <status value="final"/>
        <code>
          <coding>
            <system value="http://snomed.info/sct"/>
            <version value="http://snomed.info/sct/900000000000207008/version/20241001"/>
            <code value="78564009"/>
            <display value="Heart rate measured at systemic artery (observable entity)"/>
          </coding>
        </code>
        <subject>
          <reference value="urn:uuid:aaaa1111-bbbb-cccc-dddd-eeeeffff0001"/>
        </subject>
        <encounter>
          <reference value="urn:uuid:aaaa1111-bbbb-cccc-dddd-eeeeffff0002"/>
        </encounter>
        <effectiveDateTime value="2025-11-08T14:35:00+08:00"/>
        <valueQuantity>
          <value value="88"/>
          <system value="http://unitsofmeasure.org"/>
          <code value="/min"/>
        </valueQuantity>
      </Observation>
    </resource>
    <request>
      <method value="POST"/>
      <url value="Observation"/>
    </request>
  </entry>
  <entry>
    <fullUrl value="urn:uuid:aaaa1111-bbbb-cccc-dddd-eeeeffff0018"/>
    <resource>
      <Observation>
        <id value="rs-minimum-example-obs-resp"/>
        <meta>
          <profile value="https://build.fhir.org/ig/UPM-NTHC/PH-RoadSafetyIG/StructureDefinition/rs-observation-respiratory-rate"/>
        </meta>
        <text>
          <status value="generated"/><div xmlns="http://www.w3.org/1999/xhtml"><a name="Observation_rs-minimum-example-obs-resp"> </a><p class="res-header-id"><b>Generated Narrative: Observation rs-minimum-example-obs-resp</b></p><a name="rs-minimum-example-obs-resp"> </a><a name="hcrs-minimum-example-obs-resp"> </a><div style="display: inline-block; background-color: #d9e0e7; padding: 6px; margin: 4px; border: 1px solid #8da1b4; border-radius: 5px; line-height: 60%"><p style="margin-bottom: 0px"/><p style="margin-bottom: 0px">Profile: <a href="StructureDefinition-rs-observation-respiratory-rate.html">RS Observation - Respiratory Rate</a></p></div><p><b>status</b>: Final</p><p><b>code</b>: <span title="Codes:{http://snomed.info/sct 86290005}">Respiratory rate (observable entity)</span></p><p><b>subject</b>: <a href="Bundle-rs-minimum-example-bundle.html#urn-uuid-aaaa1111-bbbb-cccc-dddd-eeeeffff0001">Thomas Niccolo Filamor Reyes (official) Male, DoB: 1990-01-01</a></p><p><b>encounter</b>: <a href="Bundle-rs-minimum-example-bundle.html#urn-uuid-aaaa1111-bbbb-cccc-dddd-eeeeffff0002">Encounter: identifier = http://doh.incident.system/#INC-2025-0102,http://doh.hospitalno.system/#HCN-2025-1120; status = finished; class = ER (LOINC#LA10268-3); period = 2025-11-08 14:30:00+0800 --&gt; 2025-11-08 16:45:00+0800</a></p><p><b>effective</b>: 2025-11-08 14:35:00+0800</p><p><b>value</b>: 18 /min<span style="background: LightGoldenRodYellow"> (Details: UCUM  code/min = '/min')</span></p></div>
        </text>
        <status value="final"/>
        <code>
          <coding>
            <system value="http://snomed.info/sct"/>
            <version value="http://snomed.info/sct/900000000000207008/version/20241001"/>
            <code value="86290005"/>
            <display value="Respiratory rate (observable entity)"/>
          </coding>
        </code>
        <subject>
          <reference value="urn:uuid:aaaa1111-bbbb-cccc-dddd-eeeeffff0001"/>
        </subject>
        <encounter>
          <reference value="urn:uuid:aaaa1111-bbbb-cccc-dddd-eeeeffff0002"/>
        </encounter>
        <effectiveDateTime value="2025-11-08T14:35:00+08:00"/>
        <valueQuantity>
          <value value="18"/>
          <system value="http://unitsofmeasure.org"/>
          <code value="/min"/>
        </valueQuantity>
      </Observation>
    </resource>
    <request>
      <method value="POST"/>
      <url value="Observation"/>
    </request>
  </entry>
  <entry>
    <fullUrl value="urn:uuid:aaaa1111-bbbb-cccc-dddd-eeeeffff0019"/>
    <resource>
      <Observation>
        <id value="rs-minimum-example-obs-temp"/>
        <meta>
          <profile value="https://build.fhir.org/ig/UPM-NTHC/PH-RoadSafetyIG/StructureDefinition/rs-observation-body-temperature"/>
        </meta>
        <text>
          <status value="generated"/><div xmlns="http://www.w3.org/1999/xhtml"><a name="Observation_rs-minimum-example-obs-temp"> </a><p class="res-header-id"><b>Generated Narrative: Observation rs-minimum-example-obs-temp</b></p><a name="rs-minimum-example-obs-temp"> </a><a name="hcrs-minimum-example-obs-temp"> </a><div style="display: inline-block; background-color: #d9e0e7; padding: 6px; margin: 4px; border: 1px solid #8da1b4; border-radius: 5px; line-height: 60%"><p style="margin-bottom: 0px"/><p style="margin-bottom: 0px">Profile: <a href="StructureDefinition-rs-observation-body-temperature.html">RS Observation - Body Temperature</a></p></div><p><b>status</b>: Final</p><p><b>code</b>: <span title="Codes:{http://snomed.info/sct 386725007}">Body temperature (observable entity)</span></p><p><b>subject</b>: <a href="Bundle-rs-minimum-example-bundle.html#urn-uuid-aaaa1111-bbbb-cccc-dddd-eeeeffff0001">Thomas Niccolo Filamor Reyes (official) Male, DoB: 1990-01-01</a></p><p><b>encounter</b>: <a href="Bundle-rs-minimum-example-bundle.html#urn-uuid-aaaa1111-bbbb-cccc-dddd-eeeeffff0002">Encounter: identifier = http://doh.incident.system/#INC-2025-0102,http://doh.hospitalno.system/#HCN-2025-1120; status = finished; class = ER (LOINC#LA10268-3); period = 2025-11-08 14:30:00+0800 --&gt; 2025-11-08 16:45:00+0800</a></p><p><b>effective</b>: 2025-11-08 14:35:00+0800</p><p><b>value</b>: 37 Cel<span style="background: LightGoldenRodYellow"> (Details: UCUM  codeCel = 'Cel')</span></p></div>
        </text>
        <status value="final"/>
        <code>
          <coding>
            <system value="http://snomed.info/sct"/>
            <version value="http://snomed.info/sct/900000000000207008/version/20241001"/>
            <code value="386725007"/>
            <display value="Body temperature (observable entity)"/>
          </coding>
        </code>
        <subject>
          <reference value="urn:uuid:aaaa1111-bbbb-cccc-dddd-eeeeffff0001"/>
        </subject>
        <encounter>
          <reference value="urn:uuid:aaaa1111-bbbb-cccc-dddd-eeeeffff0002"/>
        </encounter>
        <effectiveDateTime value="2025-11-08T14:35:00+08:00"/>
        <valueQuantity>
          <value value="37"/>
          <system value="http://unitsofmeasure.org"/>
          <code value="Cel"/>
        </valueQuantity>
      </Observation>
    </resource>
    <request>
      <method value="POST"/>
      <url value="Observation"/>
    </request>
  </entry>
  <entry>
    <fullUrl value="urn:uuid:aaaa1111-bbbb-cccc-dddd-eeeeffff0020"/>
    <resource>
      <Observation>
        <id value="rs-minimum-example-obs-gcs"/>
        <meta>
          <profile value="https://build.fhir.org/ig/UPM-NTHC/PH-RoadSafetyIG/StructureDefinition/rs-observation-gcs"/>
        </meta>
        <text>
          <status value="generated"/><div xmlns="http://www.w3.org/1999/xhtml"><a name="Observation_rs-minimum-example-obs-gcs"> </a><p class="res-header-id"><b>Generated Narrative: Observation rs-minimum-example-obs-gcs</b></p><a name="rs-minimum-example-obs-gcs"> </a><a name="hcrs-minimum-example-obs-gcs"> </a><div style="display: inline-block; background-color: #d9e0e7; padding: 6px; margin: 4px; border: 1px solid #8da1b4; border-radius: 5px; line-height: 60%"><p style="margin-bottom: 0px"/><p style="margin-bottom: 0px">Profile: <a href="StructureDefinition-rs-observation-gcs.html">RS Observation - Glasgow Coma Scale</a></p></div><p><b>status</b>: Final</p><p><b>code</b>: <span title="Codes:{http://snomed.info/sct 248241002}">Glasgow coma score (observable entity)</span></p><p><b>subject</b>: <a href="Bundle-rs-minimum-example-bundle.html#urn-uuid-aaaa1111-bbbb-cccc-dddd-eeeeffff0001">Thomas Niccolo Filamor Reyes (official) Male, DoB: 1990-01-01</a></p><p><b>encounter</b>: <a href="Bundle-rs-minimum-example-bundle.html#urn-uuid-aaaa1111-bbbb-cccc-dddd-eeeeffff0002">Encounter: identifier = http://doh.incident.system/#INC-2025-0102,http://doh.hospitalno.system/#HCN-2025-1120; status = finished; class = ER (LOINC#LA10268-3); period = 2025-11-08 14:30:00+0800 --&gt; 2025-11-08 16:45:00+0800</a></p><p><b>effective</b>: 2025-11-08 14:35:00+0800</p><p><b>value</b>: 15</p><blockquote><p><b>component</b></p><p><b>code</b>: <span title="Codes:{http://snomed.info/sct 281395000}">Glasgow Coma Score eye opening subscore (observable entity)</span></p><p><b>value</b>: <span title="Codes:{http://loinc.org LA6562-8}">4</span></p></blockquote><blockquote><p><b>component</b></p><p><b>code</b>: <span title="Codes:{http://snomed.info/sct 281397008}">Glasgow Coma Scale verbal response subscore (observable entity)</span></p><p><b>value</b>: <span title="Codes:{http://loinc.org LA6560-2}">5</span></p></blockquote><blockquote><p><b>component</b></p><p><b>code</b>: <span title="Codes:{http://snomed.info/sct 281396004}">Glasgow Coma Scale motor response subscore (observable entity)</span></p><p><b>value</b>: <span title="Codes:{http://loinc.org LA6558-6}">6</span></p></blockquote></div>
        </text>
        <status value="final"/>
        <code>
          <coding>
            <system value="http://snomed.info/sct"/>
            <version value="http://snomed.info/sct/900000000000207008/version/20241001"/>
            <code value="248241002"/>
            <display value="Glasgow coma score (observable entity)"/>
          </coding>
        </code>
        <subject>
          <reference value="urn:uuid:aaaa1111-bbbb-cccc-dddd-eeeeffff0001"/>
        </subject>
        <encounter>
          <reference value="urn:uuid:aaaa1111-bbbb-cccc-dddd-eeeeffff0002"/>
        </encounter>
        <effectiveDateTime value="2025-11-08T14:35:00+08:00"/>
        <valueInteger value="15"/>
        <component>
          <code>
            <coding>
              <system value="http://snomed.info/sct"/>
              <version value="http://snomed.info/sct/900000000000207008/version/20241001"/>
              <code value="281395000"/>
              <display value="Glasgow Coma Score eye opening subscore (observable entity)"/>
            </coding>
          </code>
          <valueCodeableConcept>
            <coding>
              <system value="http://loinc.org"/>
              <code value="LA6562-8"/>
              <display value="4"/>
            </coding>
          </valueCodeableConcept>
        </component>
        <component>
          <code>
            <coding>
              <system value="http://snomed.info/sct"/>
              <version value="http://snomed.info/sct/900000000000207008/version/20241001"/>
              <code value="281397008"/>
              <display value="Glasgow Coma Scale verbal response subscore (observable entity)"/>
            </coding>
          </code>
          <valueCodeableConcept>
            <coding>
              <system value="http://loinc.org"/>
              <code value="LA6560-2"/>
              <display value="5"/>
            </coding>
          </valueCodeableConcept>
        </component>
        <component>
          <code>
            <coding>
              <system value="http://snomed.info/sct"/>
              <version value="http://snomed.info/sct/900000000000207008/version/20241001"/>
              <code value="281396004"/>
              <display value="Glasgow Coma Scale motor response subscore (observable entity)"/>
            </coding>
          </code>
          <valueCodeableConcept>
            <coding>
              <system value="http://loinc.org"/>
              <code value="LA6558-6"/>
              <display value="6"/>
            </coding>
          </valueCodeableConcept>
        </component>
      </Observation>
    </resource>
    <request>
      <method value="POST"/>
      <url value="Observation"/>
    </request>
  </entry>
  <entry>
    <fullUrl value="urn:uuid:aaaa1111-bbbb-cccc-dddd-eeeeffff0003"/>
    <resource>
      <Condition>
        <id value="rs-minimum-example-condition-initial"/>
        <meta>
          <profile value="https://build.fhir.org/ig/UPM-NTHC/PH-RoadSafetyIG/StructureDefinition/rs-condition-initial-impression"/>
        </meta>
        <text>
          <status value="generated"/><div xmlns="http://www.w3.org/1999/xhtml"><a name="Condition_rs-minimum-example-condition-initial"> </a><p class="res-header-id"><b>Generated Narrative: Condition rs-minimum-example-condition-initial</b></p><a name="rs-minimum-example-condition-initial"> </a><a name="hcrs-minimum-example-condition-initial"> </a><div style="display: inline-block; background-color: #d9e0e7; padding: 6px; margin: 4px; border: 1px solid #8da1b4; border-radius: 5px; line-height: 60%"><p style="margin-bottom: 0px"/><p style="margin-bottom: 0px">Profile: <a href="StructureDefinition-rs-condition-initial-impression.html">RS Condition — Initial Impression</a></p></div><p><b>clinicalStatus</b>: <span title="Codes:{http://terminology.hl7.org/CodeSystem/condition-clinical active}">Active</span></p><p><b>verificationStatus</b>: <span title="Codes:{http://terminology.hl7.org/CodeSystem/condition-ver-status provisional}">Provisional</span></p><p><b>code</b>: <span title="Codes:{http://snomed.info/sct 125605004}">Injury of multiple body regions (disorder)</span></p><p><b>subject</b>: <a href="Bundle-rs-minimum-example-bundle.html#urn-uuid-aaaa1111-bbbb-cccc-dddd-eeeeffff0001">Thomas Niccolo Filamor Reyes (official) Male, DoB: 1990-01-01</a></p><p><b>encounter</b>: <a href="Bundle-rs-minimum-example-bundle.html#urn-uuid-aaaa1111-bbbb-cccc-dddd-eeeeffff0002">Encounter: identifier = http://doh.incident.system/#INC-2025-0102,http://doh.hospitalno.system/#HCN-2025-1120; status = finished; class = ER (LOINC#LA10268-3); period = 2025-11-08 14:30:00+0800 --&gt; 2025-11-08 16:45:00+0800</a></p><p><b>onset</b>: 2025-11-08 14:30:00+0800</p></div>
        </text>
        <clinicalStatus>
          <coding>
            <system value="http://terminology.hl7.org/CodeSystem/condition-clinical"/>
            <code value="active"/>
          </coding>
        </clinicalStatus>
        <verificationStatus>
          <coding>
            <system value="http://terminology.hl7.org/CodeSystem/condition-ver-status"/>
            <code value="provisional"/>
          </coding>
        </verificationStatus>
        <code>
          <coding>
            <system value="http://snomed.info/sct"/>
            <version value="http://snomed.info/sct/900000000000207008/version/20241001"/>
            <code value="125605004"/>
            <display value="Injury of multiple body regions (disorder)"/>
          </coding>
        </code>
        <subject>
          <reference value="urn:uuid:aaaa1111-bbbb-cccc-dddd-eeeeffff0001"/>
        </subject>
        <encounter>
          <reference value="urn:uuid:aaaa1111-bbbb-cccc-dddd-eeeeffff0002"/>
        </encounter>
        <onsetDateTime value="2025-11-08T14:30:00+08:00"/>
      </Condition>
    </resource>
    <request>
      <method value="POST"/>
      <url value="Condition"/>
    </request>
  </entry>
  <entry>
    <fullUrl value="urn:uuid:aaaa1111-bbbb-cccc-dddd-eeeeffff0004"/>
    <resource>
      <Condition>
        <id value="rs-minimum-example-condition-final"/>
        <meta>
          <profile value="https://build.fhir.org/ig/UPM-NTHC/PH-RoadSafetyIG/StructureDefinition/rs-condition-final-diagnosis"/>
        </meta>
        <text>
          <status value="generated"/><div xmlns="http://www.w3.org/1999/xhtml"><a name="Condition_rs-minimum-example-condition-final"> </a><p class="res-header-id"><b>Generated Narrative: Condition rs-minimum-example-condition-final</b></p><a name="rs-minimum-example-condition-final"> </a><a name="hcrs-minimum-example-condition-final"> </a><div style="display: inline-block; background-color: #d9e0e7; padding: 6px; margin: 4px; border: 1px solid #8da1b4; border-radius: 5px; line-height: 60%"><p style="margin-bottom: 0px"/><p style="margin-bottom: 0px">Profile: <a href="StructureDefinition-rs-condition-final-diagnosis.html">RS Condition — Final Diagnosis</a></p></div><p><b>clinicalStatus</b>: <span title="Codes:{http://terminology.hl7.org/CodeSystem/condition-clinical active}">Active</span></p><p><b>verificationStatus</b>: <span title="Codes:{http://terminology.hl7.org/CodeSystem/condition-ver-status confirmed}">Confirmed</span></p><p><b>code</b>: <span title="Codes:{http://snomed.info/sct 29718003}">Closed fracture of shaft of femur (disorder)</span></p><p><b>subject</b>: <a href="Bundle-rs-minimum-example-bundle.html#urn-uuid-aaaa1111-bbbb-cccc-dddd-eeeeffff0001">Thomas Niccolo Filamor Reyes (official) Male, DoB: 1990-01-01</a></p><p><b>encounter</b>: <a href="Bundle-rs-minimum-example-bundle.html#urn-uuid-aaaa1111-bbbb-cccc-dddd-eeeeffff0002">Encounter: identifier = http://doh.incident.system/#INC-2025-0102,http://doh.hospitalno.system/#HCN-2025-1120; status = finished; class = ER (LOINC#LA10268-3); period = 2025-11-08 14:30:00+0800 --&gt; 2025-11-08 16:45:00+0800</a></p><p><b>recordedDate</b>: 2025-11-08 16:45:00+0800</p></div>
        </text>
        <clinicalStatus>
          <coding>
            <system value="http://terminology.hl7.org/CodeSystem/condition-clinical"/>
            <code value="active"/>
          </coding>
        </clinicalStatus>
        <verificationStatus>
          <coding>
            <system value="http://terminology.hl7.org/CodeSystem/condition-ver-status"/>
            <code value="confirmed"/>
          </coding>
        </verificationStatus>
        <code>
          <coding>
            <system value="http://snomed.info/sct"/>
            <version value="http://snomed.info/sct/900000000000207008/version/20241001"/>
            <code value="29718003"/>
            <display value="Closed fracture of shaft of femur (disorder)"/>
          </coding>
        </code>
        <subject>
          <reference value="urn:uuid:aaaa1111-bbbb-cccc-dddd-eeeeffff0001"/>
        </subject>
        <encounter>
          <reference value="urn:uuid:aaaa1111-bbbb-cccc-dddd-eeeeffff0002"/>
        </encounter>
        <recordedDate value="2025-11-08T16:45:00+08:00"/>
      </Condition>
    </resource>
    <request>
      <method value="POST"/>
      <url value="Condition"/>
    </request>
  </entry>
  <entry>
    <fullUrl value="urn:uuid:aaaa1111-bbbb-cccc-dddd-eeeeffff0005"/>
    <resource>
      <Condition>
        <id value="rs-minimum-example-condition-nature-of-injury"/>
        <meta>
          <profile value="https://build.fhir.org/ig/UPM-NTHC/PH-RoadSafetyIG/StructureDefinition/rs-condition-nature-of-injury"/>
        </meta>
        <text>
          <status value="generated"/><div xmlns="http://www.w3.org/1999/xhtml"><a name="Condition_rs-minimum-example-condition-nature-of-injury"> </a><p class="res-header-id"><b>Generated Narrative: Condition rs-minimum-example-condition-nature-of-injury</b></p><a name="rs-minimum-example-condition-nature-of-injury"> </a><a name="hcrs-minimum-example-condition-nature-of-injury"> </a><div style="display: inline-block; background-color: #d9e0e7; padding: 6px; margin: 4px; border: 1px solid #8da1b4; border-radius: 5px; line-height: 60%"><p style="margin-bottom: 0px"/><p style="margin-bottom: 0px">Profile: <a href="StructureDefinition-rs-condition-nature-of-injury.html">RS Condition — Nature of Injury (category)</a></p></div><p><b>clinicalStatus</b>: <span title="Codes:{http://terminology.hl7.org/CodeSystem/condition-clinical active}">Active</span></p><p><b>verificationStatus</b>: <span title="Codes:{http://terminology.hl7.org/CodeSystem/condition-ver-status confirmed}">Confirmed</span></p><p><b>category</b>: <span title="Codes:{http://hl7.org/fhir/sid/icd-10 S72.3}">Fracture of shaft of femur</span></p><p><b>code</b>: <span title="Codes:{http://snomed.info/sct 29718003}">Closed fracture of shaft of femur (disorder)</span></p><p><b>subject</b>: <a href="Bundle-rs-minimum-example-bundle.html#urn-uuid-aaaa1111-bbbb-cccc-dddd-eeeeffff0001">Thomas Niccolo Filamor Reyes (official) Male, DoB: 1990-01-01</a></p><p><b>encounter</b>: <a href="Bundle-rs-minimum-example-bundle.html#urn-uuid-aaaa1111-bbbb-cccc-dddd-eeeeffff0002">Encounter: identifier = http://doh.incident.system/#INC-2025-0102,http://doh.hospitalno.system/#HCN-2025-1120; status = finished; class = ER (LOINC#LA10268-3); period = 2025-11-08 14:30:00+0800 --&gt; 2025-11-08 16:45:00+0800</a></p></div>
        </text>
        <clinicalStatus>
          <coding>
            <system value="http://terminology.hl7.org/CodeSystem/condition-clinical"/>
            <code value="active"/>
          </coding>
        </clinicalStatus>
        <verificationStatus>
          <coding>
            <system value="http://terminology.hl7.org/CodeSystem/condition-ver-status"/>
            <code value="confirmed"/>
          </coding>
        </verificationStatus>
        <category>
          <coding>
            <system value="http://hl7.org/fhir/sid/icd-10"/>
            <code value="S72.3"/>
            <display value="Fracture of shaft of femur"/>
          </coding>
        </category>
        <code>
          <coding>
            <system value="http://snomed.info/sct"/>
            <version value="http://snomed.info/sct/900000000000207008/version/20241001"/>
            <code value="29718003"/>
            <display value="Closed fracture of shaft of femur (disorder)"/>
          </coding>
        </code>
        <subject>
          <reference value="urn:uuid:aaaa1111-bbbb-cccc-dddd-eeeeffff0001"/>
        </subject>
        <encounter>
          <reference value="urn:uuid:aaaa1111-bbbb-cccc-dddd-eeeeffff0002"/>
        </encounter>
      </Condition>
    </resource>
    <request>
      <method value="POST"/>
      <url value="Condition"/>
    </request>
  </entry>
  <entry>
    <fullUrl value="urn:uuid:aaaa1111-bbbb-cccc-dddd-eeeeffff0006"/>
    <resource>
      <Condition>
        <id value="rs-minimum-example-condition-external-cause"/>
        <meta>
          <profile value="https://build.fhir.org/ig/UPM-NTHC/PH-RoadSafetyIG/StructureDefinition/rs-condition-external-cause"/>
        </meta>
        <text>
          <status value="generated"/><div xmlns="http://www.w3.org/1999/xhtml"><a name="Condition_rs-minimum-example-condition-external-cause"> </a><p class="res-header-id"><b>Generated Narrative: Condition rs-minimum-example-condition-external-cause</b></p><a name="rs-minimum-example-condition-external-cause"> </a><a name="hcrs-minimum-example-condition-external-cause"> </a><div style="display: inline-block; background-color: #d9e0e7; padding: 6px; margin: 4px; border: 1px solid #8da1b4; border-radius: 5px; line-height: 60%"><p style="margin-bottom: 0px"/><p style="margin-bottom: 0px">Profile: <a href="StructureDefinition-rs-condition-external-cause.html">RS Condition — External Cause (category)</a></p></div><p><b>clinicalStatus</b>: <span title="Codes:{http://terminology.hl7.org/CodeSystem/condition-clinical active}">Active</span></p><p><b>verificationStatus</b>: <span title="Codes:{http://terminology.hl7.org/CodeSystem/condition-ver-status confirmed}">Confirmed</span></p><p><b>category</b>: <span title="Codes:{http://hl7.org/fhir/sid/icd-10 V29.9}">Motorcycle rider injured in unspecified traffic accident</span></p><p><b>code</b>: <span title="Codes:{http://snomed.info/sct 274215009}">Transport accident (event)</span></p><p><b>subject</b>: <a href="Bundle-rs-minimum-example-bundle.html#urn-uuid-aaaa1111-bbbb-cccc-dddd-eeeeffff0001">Thomas Niccolo Filamor Reyes (official) Male, DoB: 1990-01-01</a></p><p><b>encounter</b>: <a href="Bundle-rs-minimum-example-bundle.html#urn-uuid-aaaa1111-bbbb-cccc-dddd-eeeeffff0002">Encounter: identifier = http://doh.incident.system/#INC-2025-0102,http://doh.hospitalno.system/#HCN-2025-1120; status = finished; class = ER (LOINC#LA10268-3); period = 2025-11-08 14:30:00+0800 --&gt; 2025-11-08 16:45:00+0800</a></p></div>
        </text>
        <clinicalStatus>
          <coding>
            <system value="http://terminology.hl7.org/CodeSystem/condition-clinical"/>
            <code value="active"/>
          </coding>
        </clinicalStatus>
        <verificationStatus>
          <coding>
            <system value="http://terminology.hl7.org/CodeSystem/condition-ver-status"/>
            <code value="confirmed"/>
          </coding>
        </verificationStatus>
        <category>
          <coding>
            <system value="http://hl7.org/fhir/sid/icd-10"/>
            <code value="V29.9"/>
            <display value="Motorcycle rider injured in unspecified traffic accident"/>
          </coding>
        </category>
        <code>
          <coding>
            <system value="http://snomed.info/sct"/>
            <version value="http://snomed.info/sct/900000000000207008/version/20241001"/>
            <code value="274215009"/>
            <display value="Transport accident (event)"/>
          </coding>
        </code>
        <subject>
          <reference value="urn:uuid:aaaa1111-bbbb-cccc-dddd-eeeeffff0001"/>
        </subject>
        <encounter>
          <reference value="urn:uuid:aaaa1111-bbbb-cccc-dddd-eeeeffff0002"/>
        </encounter>
      </Condition>
    </resource>
    <request>
      <method value="POST"/>
      <url value="Condition"/>
    </request>
  </entry>
</Bundle>