<?xml version="1.0" encoding="UTF-8"?>

<Bundle xmlns="http://hl7.org/fhir">
  <id value="rs-bundle-example-bundle-ems"/>
  <meta>
    <profile value="https://build.fhir.org/ig/UPM-NTHC/PH-RoadSafetyIG/StructureDefinition/rs-bundle-ems"/>
  </meta>
  <identifier>
    <system value="urn:fdc:roadsafetyph.doh.gov.ph:bundle"/>
    <value value="EMS-REF-20251031-001"/>
  </identifier>
  <type value="transaction"/>
  <timestamp value="2025-10-31T18:00:00+08:00"/>
  <entry>
    <fullUrl value="urn:uuid:b09b54f6-5c21-46c9-9d03-35bb941a9eef"/>
    <resource>
      <Patient>
        <id value="rs-bundle-example-patient"/>
        <meta>
          <profile value="https://build.fhir.org/ig/UPM-NTHC/PH-RoadSafetyIG/StructureDefinition/rs-patient"/>
        </meta>
        <text>
          <status value="generated"/><div xmlns="http://www.w3.org/1999/xhtml"><a name="Patient_rs-bundle-example-patient"> </a><p class="res-header-id"><b>Generated Narrative: Patient rs-bundle-example-patient</b></p><a name="rs-bundle-example-patient"> </a><a name="hcrs-bundle-example-patient"> </a><div style="display: inline-block; background-color: #d9e0e7; padding: 6px; margin: 4px; border: 1px solid #8da1b4; border-radius: 5px; line-height: 60%"><p style="margin-bottom: 0px"/><p style="margin-bottom: 0px">Profile: <a href="StructureDefinition-rs-patient.html">RS Patient</a></p></div><p style="border: 1px #661aff solid; background-color: #e6e6ff; padding: 10px;">Thomas Niccolo Filamor Reyes (official) Male, DoB: 1990-01-01</p><hr/><table class="grid"><tr><td style="background-color: #f3f5da" title="Record is active">Active:</td><td colspan="3">true</td></tr><tr><td style="background-color: #f3f5da" title="Ways to contact the Patient">Contact Detail</td><td colspan="3"><ul><li><a href="tel:+63-912-345-6789">+63-912-345-6789</a></li><li>123 Sampaloc Street Manila 1008 PH (home)</li></ul></td></tr><tr><td style="background-color: #f3f5da" title="If the patient is a member of an indigenous group."><a href="https://build.fhir.org/ig/UP-Manila-SILab/ph-core/StructureDefinition-indigenous-people.html">Indigenous People</a></td><td colspan="3">false</td></tr></table></div>
        </text>
        <extension url="urn://example.com/ph-core/fhir/StructureDefinition/indigenous-people">
          <valueBoolean value="false"/>
        </extension>
        <active value="true"/>
        <name>
          <use value="official"/>
          <family value="Reyes"/>
          <given value="Thomas Niccolo"/>
          <given value="Filamor"/>
        </name>
        <telecom>
          <system value="phone"/>
          <value value="+63-912-345-6789"/>
        </telecom>
        <gender value="male"/>
        <birthDate value="1990-01-01"/>
        <address>
          <use value="home"/>
          <line value="123 Sampaloc Street"/>
          <city value="Manila"/>
          <postalCode value="1008"/>
          <country value="PH"/>
        </address>
      </Patient>
    </resource>
  </entry>
  <entry>
    <fullUrl value="urn:uuid:c4e1aa15-b495-46f3-8c9c-7f1d9c3bb6f1"/>
    <resource>
      <Encounter>
        <id value="rs-bundle-example-encounter"/>
        <meta>
          <profile value="https://build.fhir.org/ig/UPM-NTHC/PH-RoadSafetyIG/StructureDefinition/rs-encounter"/>
        </meta>
        <text>
          <status value="generated"/><div xmlns="http://www.w3.org/1999/xhtml"><a name="Encounter_rs-bundle-example-encounter"> </a><p class="res-header-id"><b>Generated Narrative: Encounter rs-bundle-example-encounter</b></p><a name="rs-bundle-example-encounter"> </a><a name="hcrs-bundle-example-encounter"> </a><div style="display: inline-block; background-color: #d9e0e7; padding: 6px; margin: 4px; border: 1px solid #8da1b4; border-radius: 5px; line-height: 60%"><p style="margin-bottom: 0px"/><p style="margin-bottom: 0px">Profile: <a href="StructureDefinition-rs-encounter.html">RS Encounter</a></p></div><p><b>identifier</b>: Incident number/INC-2025-0102, Patient hospital visit number (observable entity)/HCN-2025-1120</p><p><b>status</b>: Finished</p><p><b>class</b>: <a href="https://loinc.org/LA10268-3">LOINC: LA10268-3</a> (ER)</p><p><b>subject</b>: <a href="Patient-rs-bundle-example-patient.html">Thomas Niccolo Filamor Reyes (official) Male, DoB: 1990-01-01</a></p><blockquote><p><b>participant</b></p><p><b>type</b>: <span title="Codes:{http://loinc.org 90123-1}">Response team leader name</span></p><p><b>individual</b>: <a href="Practitioner-rs-bundle-example-practitioner-teamlead.html">Practitioner Joel Rivera (official)</a></p></blockquote><blockquote><p><b>participant</b></p><p><b>type</b>: <span title="Codes:{http://terminology.hl7.org/CodeSystem/v3-ParticipationType REF}">referrer</span></p><p><b>individual</b>: <a href="Practitioner-rs-bundle-example-practitioner-receiver.html">Practitioner Maria Cristina Santos (official)</a></p></blockquote><p><b>period</b>: 2025-10-31 15:18:00+0800 --&gt; 2025-10-31 16:30:00+0800</p><h3>Hospitalizations</h3><table class="grid"><tr><td style="display: none">-</td><td><b>Destination</b></td></tr><tr><td style="display: none">*</td><td><a href="Location-rs-bundle-example-service-location.html">Location DOH Central ER</a></td></tr></table><blockquote><p><b>location</b></p><p><b>location</b>: <a href="Location-rs-bundle-example-incident-location.html">Location EDSA corner Ayala Ave</a></p></blockquote><blockquote><p><b>location</b></p><p><b>location</b>: <a href="Location-rs-bundle-example-service-location.html">Location DOH Central ER</a></p></blockquote><p><b>serviceProvider</b>: <a href="Organization-rs-bundle-example-organization.html">Organization MetroCare EMS</a></p></div>
        </text>
        <identifier>
          <type>
            <coding>
              <system value="http://www.roadsafetyph.doh.gov.ph/CodeSystem/identifier-type"/>
              <code value="incident-number"/>
              <display value="Incident number"/>
            </coding>
          </type>
          <system value="http://www.roadsafetyph.doh.gov.ph/identifier/incident"/>
          <value value="INC-2025-0102"/>
        </identifier>
        <identifier>
          <type>
            <coding>
              <system value="http://snomed.info/sct"/>
              <version value="http://snomed.info/sct/900000000000207008/version/20241001"/>
              <code value="722248002"/>
              <display value="Patient hospital visit number (observable entity)"/>
            </coding>
          </type>
          <system value="http://www.roadsafetyph.doh.gov.ph/identifier/hospital-case"/>
          <value value="HCN-2025-1120"/>
        </identifier>
        <status value="finished"/>
        <class>
          <system value="http://loinc.org"/>
          <code value="LA10268-3"/>
          <display value="ER"/>
        </class>
        <subject>
          <reference value="Patient/rs-bundle-example-patient"/>
        </subject>
        <participant>
          <type>
            <coding>
              <system value="http://loinc.org"/>
              <code value="90123-1"/>
              <display value="Response team leader name"/>
            </coding>
          </type>
          <individual>
            <reference value="Practitioner/rs-bundle-example-practitioner-teamlead"/>
          </individual>
        </participant>
        <participant>
          <type>
            <coding>
              <system value="http://terminology.hl7.org/CodeSystem/v3-ParticipationType"/>
              <code value="REF"/>
              <display value="referrer"/>
            </coding>
          </type>
          <individual>
            <reference value="Practitioner/rs-bundle-example-practitioner-receiver"/>
          </individual>
        </participant>
        <period>
          <start value="2025-10-31T15:18:00+08:00"/>
          <end value="2025-10-31T16:30:00+08:00"/>
        </period>
        <hospitalization>
          <destination>
            <reference value="Location/rs-bundle-example-service-location"/>
          </destination>
        </hospitalization>
        <location>
          <location>
            <reference value="Location/rs-bundle-example-incident-location"/>
          </location>
        </location>
        <location>
          <location>
            <reference value="Location/rs-bundle-example-service-location"/>
          </location>
        </location>
        <serviceProvider>
          <reference value="Organization/rs-bundle-example-organization"/>
        </serviceProvider>
      </Encounter>
    </resource>
  </entry>
  <entry>
    <fullUrl value="urn:uuid:6a6a58ed-1a83-4d30-a9a4-4aa97d708c03"/>
    <resource>
      <Location>
        <id value="rs-bundle-example-incident-location"/>
        <meta>
          <profile value="https://build.fhir.org/ig/UPM-NTHC/PH-RoadSafetyIG/StructureDefinition/rs-incident-location-incident"/>
        </meta>
        <text>
          <status value="generated"/><div xmlns="http://www.w3.org/1999/xhtml"><a name="Location_rs-bundle-example-incident-location"> </a><p class="res-header-id"><b>Generated Narrative: Location rs-bundle-example-incident-location</b></p><a name="rs-bundle-example-incident-location"> </a><a name="hcrs-bundle-example-incident-location"> </a><div style="display: inline-block; background-color: #d9e0e7; padding: 6px; margin: 4px; border: 1px solid #8da1b4; border-radius: 5px; line-height: 60%"><p style="margin-bottom: 0px"/><p style="margin-bottom: 0px">Profile: <a href="StructureDefinition-rs-incident-location-incident.html">RS Incident Location</a></p></div><p><b>name</b>: EDSA corner Ayala Ave</p><p><b>address</b>: Epifanio de los Santos Ave Makati City NCR 1223 PH (work)</p><h3>Positions</h3><table class="grid"><tr><td style="display: none">-</td><td><b>Longitude</b></td><td><b>Latitude</b></td></tr><tr><td style="display: none">*</td><td>121.0225</td><td>14.5513</td></tr></table></div>
        </text>
        <name value="EDSA corner Ayala Ave"/>
        <address>
          <use value="work"/>
          <line value="Epifanio de los Santos Ave"/>
          <city value="Makati City"/>
          <state value="NCR"/>
          <postalCode value="1223"/>
          <country value="PH"/>
        </address>
        <position>
          <longitude value="121.0225"/>
          <latitude value="14.5513"/>
        </position>
      </Location>
    </resource>
  </entry>
  <entry>
    <fullUrl value="urn:uuid:c5d713cf-8f6a-4e54-9f19-611998c2e8c4"/>
    <resource>
      <Observation>
        <id value="rs-bundle-example-timeline-date-received"/>
        <meta>
          <profile value="https://build.fhir.org/ig/UPM-NTHC/PH-RoadSafetyIG/StructureDefinition/rs-observation-timeline-datetime"/>
        </meta>
        <text>
          <status value="generated"/><div xmlns="http://www.w3.org/1999/xhtml"><a name="Observation_rs-bundle-example-timeline-date-received"> </a><p class="res-header-id"><b>Generated Narrative: Observation rs-bundle-example-timeline-date-received</b></p><a name="rs-bundle-example-timeline-date-received"> </a><a name="hcrs-bundle-example-timeline-date-received"> </a><div style="display: inline-block; background-color: #d9e0e7; padding: 6px; margin: 4px; border: 1px solid #8da1b4; border-radius: 5px; line-height: 60%"><p style="margin-bottom: 0px"/><p style="margin-bottom: 0px">Profile: <a href="StructureDefinition-rs-observation-timeline-datetime.html">RS Observation - Timeline Date/Time</a></p></div><p><b>status</b>: Final</p><p><b>code</b>: <span title="Codes:{http://loinc.org 30976-5}">Date received Form</span></p><p><b>subject</b>: <a href="Patient-rs-bundle-example-patient.html">Thomas Niccolo Filamor Reyes (official) Male, DoB: 1990-01-01</a></p><p><b>encounter</b>: <a href="Encounter-rs-bundle-example-encounter.html">Encounter: identifier = Incident number: INC-2025-0102,Patient hospital visit number (observable entity): HCN-2025-1120; status = finished; class = ER (LOINC#LA10268-3); period = 2025-10-31 15:18:00+0800 --&gt; 2025-10-31 16:30:00+0800</a></p><p><b>effective</b>: 2025-10-31 15:02:00+0800</p><p><b>value</b>: 2025-10-31 15:02:00+0800</p></div>
        </text>
        <status value="final"/>
        <code>
          <coding>
            <system value="http://loinc.org"/>
            <code value="30976-5"/>
            <display value="Date received Form"/>
          </coding>
        </code>
        <subject>
          <reference value="Patient/rs-bundle-example-patient"/>
        </subject>
        <encounter>
          <reference value="Encounter/rs-bundle-example-encounter"/>
        </encounter>
        <effectiveDateTime value="2025-10-31T15:02:00+08:00"/>
        <valueDateTime value="2025-10-31T15:02:00+08:00"/>
      </Observation>
    </resource>
  </entry>
  <entry>
    <fullUrl value="urn:uuid:d76f6795-22fa-4a6b-bd38-6b21c41a9282"/>
    <resource>
      <Observation>
        <id value="rs-bundle-example-timeline-time-enroute"/>
        <meta>
          <profile value="https://build.fhir.org/ig/UPM-NTHC/PH-RoadSafetyIG/StructureDefinition/rs-observation-timeline-datetime"/>
        </meta>
        <text>
          <status value="generated"/><div xmlns="http://www.w3.org/1999/xhtml"><a name="Observation_rs-bundle-example-timeline-time-enroute"> </a><p class="res-header-id"><b>Generated Narrative: Observation rs-bundle-example-timeline-time-enroute</b></p><a name="rs-bundle-example-timeline-time-enroute"> </a><a name="hcrs-bundle-example-timeline-time-enroute"> </a><div style="display: inline-block; background-color: #d9e0e7; padding: 6px; margin: 4px; border: 1px solid #8da1b4; border-radius: 5px; line-height: 60%"><p style="margin-bottom: 0px"/><p style="margin-bottom: 0px">Profile: <a href="StructureDefinition-rs-observation-timeline-datetime.html">RS Observation - Timeline Date/Time</a></p></div><p><b>status</b>: Final</p><p><b>code</b>: <span title="Codes:{http://loinc.org 69472-9}">Unit responded [Date and time] Vehicle</span></p><p><b>subject</b>: <a href="Patient-rs-bundle-example-patient.html">Thomas Niccolo Filamor Reyes (official) Male, DoB: 1990-01-01</a></p><p><b>encounter</b>: <a href="Encounter-rs-bundle-example-encounter.html">Encounter: identifier = Incident number: INC-2025-0102,Patient hospital visit number (observable entity): HCN-2025-1120; status = finished; class = ER (LOINC#LA10268-3); period = 2025-10-31 15:18:00+0800 --&gt; 2025-10-31 16:30:00+0800</a></p><p><b>effective</b>: 2025-10-31 15:07:00+0800</p><p><b>value</b>: 2025-10-31 15:07:00+0800</p></div>
        </text>
        <status value="final"/>
        <code>
          <coding>
            <system value="http://loinc.org"/>
            <code value="69472-9"/>
            <display value="Unit responded [Date and time] Vehicle"/>
          </coding>
        </code>
        <subject>
          <reference value="Patient/rs-bundle-example-patient"/>
        </subject>
        <encounter>
          <reference value="Encounter/rs-bundle-example-encounter"/>
        </encounter>
        <effectiveDateTime value="2025-10-31T15:07:00+08:00"/>
        <valueDateTime value="2025-10-31T15:07:00+08:00"/>
      </Observation>
    </resource>
  </entry>
  <entry>
    <fullUrl value="urn:uuid:5d7f30dd-4c13-477f-b7ce-19b2dcaf53c3"/>
    <resource>
      <Observation>
        <id value="rs-bundle-example-timeline-time-on-scene"/>
        <meta>
          <profile value="https://build.fhir.org/ig/UPM-NTHC/PH-RoadSafetyIG/StructureDefinition/rs-observation-timeline-datetime"/>
        </meta>
        <text>
          <status value="generated"/><div xmlns="http://www.w3.org/1999/xhtml"><a name="Observation_rs-bundle-example-timeline-time-on-scene"> </a><p class="res-header-id"><b>Generated Narrative: Observation rs-bundle-example-timeline-time-on-scene</b></p><a name="rs-bundle-example-timeline-time-on-scene"> </a><a name="hcrs-bundle-example-timeline-time-on-scene"> </a><div style="display: inline-block; background-color: #d9e0e7; padding: 6px; margin: 4px; border: 1px solid #8da1b4; border-radius: 5px; line-height: 60%"><p style="margin-bottom: 0px"/><p style="margin-bottom: 0px">Profile: <a href="StructureDefinition-rs-observation-timeline-datetime.html">RS Observation - Timeline Date/Time</a></p></div><p><b>status</b>: Final</p><p><b>code</b>: <span title="Codes:{http://snomed.info/sct 405798008}">Time of arrival of emergency services (observable entity)</span></p><p><b>subject</b>: <a href="Patient-rs-bundle-example-patient.html">Thomas Niccolo Filamor Reyes (official) Male, DoB: 1990-01-01</a></p><p><b>encounter</b>: <a href="Encounter-rs-bundle-example-encounter.html">Encounter: identifier = Incident number: INC-2025-0102,Patient hospital visit number (observable entity): HCN-2025-1120; status = finished; class = ER (LOINC#LA10268-3); period = 2025-10-31 15:18:00+0800 --&gt; 2025-10-31 16:30:00+0800</a></p><p><b>effective</b>: 2025-10-31 15:18:00+0800</p><p><b>value</b>: 2025-10-31 15:18:00+0800</p></div>
        </text>
        <status value="final"/>
        <code>
          <coding>
            <system value="http://snomed.info/sct"/>
            <version value="http://snomed.info/sct/900000000000207008/version/20241001"/>
            <code value="405798008"/>
            <display value="Time of arrival of emergency services (observable entity)"/>
          </coding>
        </code>
        <subject>
          <reference value="Patient/rs-bundle-example-patient"/>
        </subject>
        <encounter>
          <reference value="Encounter/rs-bundle-example-encounter"/>
        </encounter>
        <effectiveDateTime value="2025-10-31T15:18:00+08:00"/>
        <valueDateTime value="2025-10-31T15:18:00+08:00"/>
      </Observation>
    </resource>
  </entry>
  <entry>
    <fullUrl value="urn:uuid:4a4ca5bf-6b1f-478e-9d95-6022139b9392"/>
    <resource>
      <Observation>
        <id value="rs-bundle-example-timeline-time-departed"/>
        <meta>
          <profile value="https://build.fhir.org/ig/UPM-NTHC/PH-RoadSafetyIG/StructureDefinition/rs-observation-timeline-datetime"/>
        </meta>
        <text>
          <status value="generated"/><div xmlns="http://www.w3.org/1999/xhtml"><a name="Observation_rs-bundle-example-timeline-time-departed"> </a><p class="res-header-id"><b>Generated Narrative: Observation rs-bundle-example-timeline-time-departed</b></p><a name="rs-bundle-example-timeline-time-departed"> </a><a name="hcrs-bundle-example-timeline-time-departed"> </a><div style="display: inline-block; background-color: #d9e0e7; padding: 6px; margin: 4px; border: 1px solid #8da1b4; border-radius: 5px; line-height: 60%"><p style="margin-bottom: 0px"/><p style="margin-bottom: 0px">Profile: <a href="StructureDefinition-rs-observation-timeline-datetime.html">RS Observation - Timeline Date/Time</a></p></div><p><b>status</b>: Final</p><p><b>code</b>: <span title="Codes:{http://loinc.org 69475-2}">Responding unit left the scene with a patient [Date and time] Vehicle</span></p><p><b>subject</b>: <a href="Patient-rs-bundle-example-patient.html">Thomas Niccolo Filamor Reyes (official) Male, DoB: 1990-01-01</a></p><p><b>encounter</b>: <a href="Encounter-rs-bundle-example-encounter.html">Encounter: identifier = Incident number: INC-2025-0102,Patient hospital visit number (observable entity): HCN-2025-1120; status = finished; class = ER (LOINC#LA10268-3); period = 2025-10-31 15:18:00+0800 --&gt; 2025-10-31 16:30:00+0800</a></p><p><b>effective</b>: 2025-10-31 15:42:00+0800</p><p><b>value</b>: 2025-10-31 15:42:00+0800</p></div>
        </text>
        <status value="final"/>
        <code>
          <coding>
            <system value="http://loinc.org"/>
            <code value="69475-2"/>
            <display value="Responding unit left the scene with a patient [Date and time] Vehicle"/>
          </coding>
        </code>
        <subject>
          <reference value="Patient/rs-bundle-example-patient"/>
        </subject>
        <encounter>
          <reference value="Encounter/rs-bundle-example-encounter"/>
        </encounter>
        <effectiveDateTime value="2025-10-31T15:42:00+08:00"/>
        <valueDateTime value="2025-10-31T15:42:00+08:00"/>
      </Observation>
    </resource>
  </entry>
  <entry>
    <fullUrl value="urn:uuid:0aa8d46d-45b2-40fa-9a27-76f0b5ce0d8f"/>
    <resource>
      <Observation>
        <id value="rs-bundle-example-timeline-time-hospital"/>
        <meta>
          <profile value="https://build.fhir.org/ig/UPM-NTHC/PH-RoadSafetyIG/StructureDefinition/rs-observation-timeline-datetime"/>
        </meta>
        <text>
          <status value="generated"/><div xmlns="http://www.w3.org/1999/xhtml"><a name="Observation_rs-bundle-example-timeline-time-hospital"> </a><p class="res-header-id"><b>Generated Narrative: Observation rs-bundle-example-timeline-time-hospital</b></p><a name="rs-bundle-example-timeline-time-hospital"> </a><a name="hcrs-bundle-example-timeline-time-hospital"> </a><div style="display: inline-block; background-color: #d9e0e7; padding: 6px; margin: 4px; border: 1px solid #8da1b4; border-radius: 5px; line-height: 60%"><p style="margin-bottom: 0px"/><p style="margin-bottom: 0px">Profile: <a href="StructureDefinition-rs-observation-timeline-datetime.html">RS Observation - Timeline Date/Time</a></p></div><p><b>status</b>: Final</p><p><b>code</b>: <span title="Codes:{http://snomed.info/sct 405799000}">Time of arrival at hospital (observable entity)</span></p><p><b>subject</b>: <a href="Patient-rs-bundle-example-patient.html">Thomas Niccolo Filamor Reyes (official) Male, DoB: 1990-01-01</a></p><p><b>encounter</b>: <a href="Encounter-rs-bundle-example-encounter.html">Encounter: identifier = Incident number: INC-2025-0102,Patient hospital visit number (observable entity): HCN-2025-1120; status = finished; class = ER (LOINC#LA10268-3); period = 2025-10-31 15:18:00+0800 --&gt; 2025-10-31 16:30:00+0800</a></p><p><b>effective</b>: 2025-10-31 16:10:00+0800</p><p><b>value</b>: 2025-10-31 16:10:00+0800</p></div>
        </text>
        <status value="final"/>
        <code>
          <coding>
            <system value="http://snomed.info/sct"/>
            <version value="http://snomed.info/sct/900000000000207008/version/20241001"/>
            <code value="405799000"/>
            <display value="Time of arrival at hospital (observable entity)"/>
          </coding>
        </code>
        <subject>
          <reference value="Patient/rs-bundle-example-patient"/>
        </subject>
        <encounter>
          <reference value="Encounter/rs-bundle-example-encounter"/>
        </encounter>
        <effectiveDateTime value="2025-10-31T16:10:00+08:00"/>
        <valueDateTime value="2025-10-31T16:10:00+08:00"/>
      </Observation>
    </resource>
  </entry>
  <entry>
    <fullUrl value="urn:uuid:1b7da0ae-0d87-4a77-9b22-0b6d4c1f8c4d"/>
    <resource>
      <Observation>
        <id value="rs-bundle-example-timeline-time-station"/>
        <meta>
          <profile value="https://build.fhir.org/ig/UPM-NTHC/PH-RoadSafetyIG/StructureDefinition/rs-observation-timeline-datetime"/>
        </meta>
        <text>
          <status value="generated"/><div xmlns="http://www.w3.org/1999/xhtml"><a name="Observation_rs-bundle-example-timeline-time-station"> </a><p class="res-header-id"><b>Generated Narrative: Observation rs-bundle-example-timeline-time-station</b></p><a name="rs-bundle-example-timeline-time-station"> </a><a name="hcrs-bundle-example-timeline-time-station"> </a><div style="display: inline-block; background-color: #d9e0e7; padding: 6px; margin: 4px; border: 1px solid #8da1b4; border-radius: 5px; line-height: 60%"><p style="margin-bottom: 0px"/><p style="margin-bottom: 0px">Profile: <a href="StructureDefinition-rs-observation-timeline-datetime.html">RS Observation - Timeline Date/Time</a></p></div><p><b>status</b>: Final</p><p><b>code</b>: <span title="Codes:{http://loinc.org 11288-8}">Arrival time documented</span></p><p><b>subject</b>: <a href="Patient-rs-bundle-example-patient.html">Thomas Niccolo Filamor Reyes (official) Male, DoB: 1990-01-01</a></p><p><b>encounter</b>: <a href="Encounter-rs-bundle-example-encounter.html">Encounter: identifier = Incident number: INC-2025-0102,Patient hospital visit number (observable entity): HCN-2025-1120; status = finished; class = ER (LOINC#LA10268-3); period = 2025-10-31 15:18:00+0800 --&gt; 2025-10-31 16:30:00+0800</a></p><p><b>effective</b>: 2025-10-31 16:55:00+0800</p><p><b>value</b>: 2025-10-31 16:55:00+0800</p></div>
        </text>
        <status value="final"/>
        <code>
          <coding>
            <system value="http://loinc.org"/>
            <code value="11288-8"/>
            <display value="Arrival time documented"/>
          </coding>
        </code>
        <subject>
          <reference value="Patient/rs-bundle-example-patient"/>
        </subject>
        <encounter>
          <reference value="Encounter/rs-bundle-example-encounter"/>
        </encounter>
        <effectiveDateTime value="2025-10-31T16:55:00+08:00"/>
        <valueDateTime value="2025-10-31T16:55:00+08:00"/>
      </Observation>
    </resource>
  </entry>
  <entry>
    <fullUrl value="urn:uuid:6f8a4a51-6f31-4d6f-9b45-4cb41ffac7aa"/>
    <resource>
      <Observation>
        <id value="rs-bundle-example-observation-respiratory-rate"/>
        <meta>
          <profile value="https://build.fhir.org/ig/UPM-NTHC/PH-RoadSafetyIG/StructureDefinition/rs-observation-respiratory-rate"/>
        </meta>
        <text>
          <status value="generated"/><div xmlns="http://www.w3.org/1999/xhtml"><a name="Observation_rs-bundle-example-observation-respiratory-rate"> </a><p class="res-header-id"><b>Generated Narrative: Observation rs-bundle-example-observation-respiratory-rate</b></p><a name="rs-bundle-example-observation-respiratory-rate"> </a><a name="hcrs-bundle-example-observation-respiratory-rate"> </a><div style="display: inline-block; background-color: #d9e0e7; padding: 6px; margin: 4px; border: 1px solid #8da1b4; border-radius: 5px; line-height: 60%"><p style="margin-bottom: 0px"/><p style="margin-bottom: 0px">Profile: <a href="StructureDefinition-rs-observation-respiratory-rate.html">RS Observation - Respiratory Rate</a></p></div><p><b>status</b>: Final</p><p><b>code</b>: <span title="Codes:{http://snomed.info/sct 86290005}">Respiratory rate (observable entity)</span></p><p><b>subject</b>: <a href="Patient-rs-bundle-example-patient.html">Thomas Niccolo Filamor Reyes (official) Male, DoB: 1990-01-01</a></p><p><b>encounter</b>: <a href="Encounter-rs-bundle-example-encounter.html">Encounter: identifier = Incident number: INC-2025-0102,Patient hospital visit number (observable entity): HCN-2025-1120; status = finished; class = ER (LOINC#LA10268-3); period = 2025-10-31 15:18:00+0800 --&gt; 2025-10-31 16:30:00+0800</a></p><p><b>effective</b>: 2025-10-31 15:55:00+0800</p><p><b>value</b>: 18 breaths/minute<span style="background: LightGoldenRodYellow"> (Details: UCUM  code/min = '/min')</span></p><blockquote><p><b>component</b></p><p><b>code</b>: <span title="Codes:{http://snomed.info/sct 248582003}">Rhythm of respiration (observable entity)</span></p><p><b>value</b>: <span title="Codes:{http://snomed.info/sct 5467003}">Regular</span></p></blockquote><blockquote><p><b>component</b></p><p><b>code</b>: <span title="Codes:{http://snomed.info/sct 52653008}">Respiratory sounds (observable entity)</span></p><p><b>value</b>: <span title="Codes:{http://snomed.info/sct 301708006}">Clear</span></p></blockquote></div>
        </text>
        <status value="final"/>
        <code>
          <coding>
            <system value="http://snomed.info/sct"/>
            <version value="http://snomed.info/sct/900000000000207008/version/20241001"/>
            <code value="86290005"/>
            <display value="Respiratory rate (observable entity)"/>
          </coding>
        </code>
        <subject>
          <reference value="Patient/rs-bundle-example-patient"/>
        </subject>
        <encounter>
          <reference value="Encounter/rs-bundle-example-encounter"/>
        </encounter>
        <effectiveDateTime value="2025-10-31T15:55:00+08:00"/>
        <valueQuantity>
          <value value="18"/>
          <unit value="breaths/minute"/>
          <system value="http://unitsofmeasure.org"/>
          <code value="/min"/>
        </valueQuantity>
        <component>
          <code>
            <coding>
              <system value="http://snomed.info/sct"/>
              <version value="http://snomed.info/sct/900000000000207008/version/20241001"/>
              <code value="248582003"/>
              <display value="Rhythm of respiration (observable entity)"/>
            </coding>
          </code>
          <valueCodeableConcept>
            <coding>
              <system value="http://snomed.info/sct"/>
              <version value="http://snomed.info/sct/900000000000207008/version/20241001"/>
              <code value="5467003"/>
              <display value="Regular"/>
            </coding>
          </valueCodeableConcept>
        </component>
        <component>
          <code>
            <coding>
              <system value="http://snomed.info/sct"/>
              <version value="http://snomed.info/sct/900000000000207008/version/20241001"/>
              <code value="52653008"/>
              <display value="Respiratory sounds (observable entity)"/>
            </coding>
          </code>
          <valueCodeableConcept>
            <coding>
              <system value="http://snomed.info/sct"/>
              <version value="http://snomed.info/sct/900000000000207008/version/20241001"/>
              <code value="301708006"/>
              <display value="Clear"/>
            </coding>
          </valueCodeableConcept>
        </component>
      </Observation>
    </resource>
  </entry>
  <entry>
    <fullUrl value="urn:uuid:0f30446d-ac8e-4e0b-8fd9-158f2f6c3c36"/>
    <resource>
      <Observation>
        <id value="rs-bundle-example-observation-pulse-rate"/>
        <meta>
          <profile value="https://build.fhir.org/ig/UPM-NTHC/PH-RoadSafetyIG/StructureDefinition/rs-observation-pulse-rate"/>
        </meta>
        <text>
          <status value="generated"/><div xmlns="http://www.w3.org/1999/xhtml"><a name="Observation_rs-bundle-example-observation-pulse-rate"> </a><p class="res-header-id"><b>Generated Narrative: Observation rs-bundle-example-observation-pulse-rate</b></p><a name="rs-bundle-example-observation-pulse-rate"> </a><a name="hcrs-bundle-example-observation-pulse-rate"> </a><div style="display: inline-block; background-color: #d9e0e7; padding: 6px; margin: 4px; border: 1px solid #8da1b4; border-radius: 5px; line-height: 60%"><p style="margin-bottom: 0px"/><p style="margin-bottom: 0px">Profile: <a href="StructureDefinition-rs-observation-pulse-rate.html">RS Observation - Pulse Rate</a></p></div><p><b>status</b>: Final</p><p><b>code</b>: <span title="Codes:{http://snomed.info/sct 78564009}">Heart rate measured at systemic artery (observable entity)</span></p><p><b>subject</b>: <a href="Patient-rs-bundle-example-patient.html">Thomas Niccolo Filamor Reyes (official) Male, DoB: 1990-01-01</a></p><p><b>encounter</b>: <a href="Encounter-rs-bundle-example-encounter.html">Encounter: identifier = Incident number: INC-2025-0102,Patient hospital visit number (observable entity): HCN-2025-1120; status = finished; class = ER (LOINC#LA10268-3); period = 2025-10-31 15:18:00+0800 --&gt; 2025-10-31 16:30:00+0800</a></p><p><b>effective</b>: 2025-10-31 15:56:00+0800</p><p><b>value</b>: 82 beats/minute<span style="background: LightGoldenRodYellow"> (Details: UCUM  code/min = '/min')</span></p><blockquote><p><b>component</b></p><p><b>code</b>: <span title="Codes:{http://snomed.info/sct 364095004}">Pulse rhythm (observable entity)</span></p><p><b>value</b>: <span title="Codes:{http://snomed.info/sct 271636001}">Regular</span></p></blockquote><blockquote><p><b>component</b></p><p><b>code</b>: <span title="Codes:{http://snomed.info/sct 78564009}">Heart rate measured at systemic artery (observable entity)</span></p><p><b>value</b>: <span title="Codes:{http://snomed.info/sct 12146004}">Normal</span></p></blockquote></div>
        </text>
        <status value="final"/>
        <code>
          <coding>
            <system value="http://snomed.info/sct"/>
            <version value="http://snomed.info/sct/900000000000207008/version/20241001"/>
            <code value="78564009"/>
            <display value="Heart rate measured at systemic artery (observable entity)"/>
          </coding>
        </code>
        <subject>
          <reference value="Patient/rs-bundle-example-patient"/>
        </subject>
        <encounter>
          <reference value="Encounter/rs-bundle-example-encounter"/>
        </encounter>
        <effectiveDateTime value="2025-10-31T15:56:00+08:00"/>
        <valueQuantity>
          <value value="82"/>
          <unit value="beats/minute"/>
          <system value="http://unitsofmeasure.org"/>
          <code value="/min"/>
        </valueQuantity>
        <component>
          <code>
            <coding>
              <system value="http://snomed.info/sct"/>
              <version value="http://snomed.info/sct/900000000000207008/version/20241001"/>
              <code value="364095004"/>
              <display value="Pulse rhythm (observable entity)"/>
            </coding>
          </code>
          <valueCodeableConcept>
            <coding>
              <system value="http://snomed.info/sct"/>
              <version value="http://snomed.info/sct/900000000000207008/version/20241001"/>
              <code value="271636001"/>
              <display value="Regular"/>
            </coding>
          </valueCodeableConcept>
        </component>
        <component>
          <code>
            <coding>
              <system value="http://snomed.info/sct"/>
              <version value="http://snomed.info/sct/900000000000207008/version/20241001"/>
              <code value="78564009"/>
              <display value="Heart rate measured at systemic artery (observable entity)"/>
            </coding>
          </code>
          <valueCodeableConcept>
            <coding>
              <system value="http://snomed.info/sct"/>
              <version value="http://snomed.info/sct/900000000000207008/version/20241001"/>
              <code value="12146004"/>
              <display value="Normal"/>
            </coding>
          </valueCodeableConcept>
        </component>
      </Observation>
    </resource>
  </entry>
  <entry>
    <fullUrl value="urn:uuid:1d4a7752-8285-4c31-ae11-6d8fb1b9a19a"/>
    <resource>
      <Observation>
        <id value="rs-bundle-example-observation-blood-pressure"/>
        <meta>
          <profile value="https://build.fhir.org/ig/UPM-NTHC/PH-RoadSafetyIG/StructureDefinition/rs-observation-blood-pressure"/>
        </meta>
        <text>
          <status value="generated"/><div xmlns="http://www.w3.org/1999/xhtml"><a name="Observation_rs-bundle-example-observation-blood-pressure"> </a><p class="res-header-id"><b>Generated Narrative: Observation rs-bundle-example-observation-blood-pressure</b></p><a name="rs-bundle-example-observation-blood-pressure"> </a><a name="hcrs-bundle-example-observation-blood-pressure"> </a><div style="display: inline-block; background-color: #d9e0e7; padding: 6px; margin: 4px; border: 1px solid #8da1b4; border-radius: 5px; line-height: 60%"><p style="margin-bottom: 0px"/><p style="margin-bottom: 0px">Profile: <a href="StructureDefinition-rs-observation-blood-pressure.html">RS Observation - Blood Pressure</a></p></div><p><b>status</b>: Final</p><p><b>code</b>: <span title="Codes:{http://loinc.org 85354-9}">Blood pressure panel with all children optional</span></p><p><b>subject</b>: <a href="Patient-rs-bundle-example-patient.html">Thomas Niccolo Filamor Reyes (official) Male, DoB: 1990-01-01</a></p><p><b>encounter</b>: <a href="Encounter-rs-bundle-example-encounter.html">Encounter: identifier = Incident number: INC-2025-0102,Patient hospital visit number (observable entity): HCN-2025-1120; status = finished; class = ER (LOINC#LA10268-3); period = 2025-10-31 15:18:00+0800 --&gt; 2025-10-31 16:30:00+0800</a></p><p><b>effective</b>: 2025-10-31 15:58:00+0800</p><blockquote><p><b>component</b></p><p><b>code</b>: <span title="Codes:{http://snomed.info/sct 271649006}">Systolic blood pressure (observable entity)</span></p><p><b>value</b>: 118 mmHg<span style="background: LightGoldenRodYellow"> (Details: UCUM  codemm[Hg] = 'mm[Hg]')</span></p></blockquote><blockquote><p><b>component</b></p><p><b>code</b>: <span title="Codes:{http://snomed.info/sct 271650006}">Diastolic blood pressure (observable entity)</span></p><p><b>value</b>: 76 mmHg<span style="background: LightGoldenRodYellow"> (Details: UCUM  codemm[Hg] = 'mm[Hg]')</span></p></blockquote></div>
        </text>
        <status value="final"/>
        <code>
          <coding>
            <system value="http://loinc.org"/>
            <code value="85354-9"/>
            <display value="Blood pressure panel with all children optional"/>
          </coding>
        </code>
        <subject>
          <reference value="Patient/rs-bundle-example-patient"/>
        </subject>
        <encounter>
          <reference value="Encounter/rs-bundle-example-encounter"/>
        </encounter>
        <effectiveDateTime value="2025-10-31T15:58:00+08:00"/>
        <component>
          <code>
            <coding>
              <system value="http://snomed.info/sct"/>
              <version value="http://snomed.info/sct/900000000000207008/version/20241001"/>
              <code value="271649006"/>
              <display value="Systolic blood pressure (observable entity)"/>
            </coding>
          </code>
          <valueQuantity>
            <value value="118"/>
            <unit value="mmHg"/>
            <system value="http://unitsofmeasure.org"/>
            <code value="mm[Hg]"/>
          </valueQuantity>
        </component>
        <component>
          <code>
            <coding>
              <system value="http://snomed.info/sct"/>
              <version value="http://snomed.info/sct/900000000000207008/version/20241001"/>
              <code value="271650006"/>
              <display value="Diastolic blood pressure (observable entity)"/>
            </coding>
          </code>
          <valueQuantity>
            <value value="76"/>
            <unit value="mmHg"/>
            <system value="http://unitsofmeasure.org"/>
            <code value="mm[Hg]"/>
          </valueQuantity>
        </component>
      </Observation>
    </resource>
  </entry>
  <entry>
    <fullUrl value="urn:uuid:6ba8cb59-ec66-4357-9d98-f1a540d7ad6f"/>
    <resource>
      <Observation>
        <id value="rs-bundle-example-observation-body-temperature"/>
        <meta>
          <profile value="https://build.fhir.org/ig/UPM-NTHC/PH-RoadSafetyIG/StructureDefinition/rs-observation-body-temperature"/>
        </meta>
        <text>
          <status value="generated"/><div xmlns="http://www.w3.org/1999/xhtml"><a name="Observation_rs-bundle-example-observation-body-temperature"> </a><p class="res-header-id"><b>Generated Narrative: Observation rs-bundle-example-observation-body-temperature</b></p><a name="rs-bundle-example-observation-body-temperature"> </a><a name="hcrs-bundle-example-observation-body-temperature"> </a><div style="display: inline-block; background-color: #d9e0e7; padding: 6px; margin: 4px; border: 1px solid #8da1b4; border-radius: 5px; line-height: 60%"><p style="margin-bottom: 0px"/><p style="margin-bottom: 0px">Profile: <a href="StructureDefinition-rs-observation-body-temperature.html">RS Observation - Body Temperature</a></p></div><p><b>status</b>: Final</p><p><b>code</b>: <span title="Codes:{http://snomed.info/sct 386725007}">Body temperature (observable entity)</span></p><p><b>subject</b>: <a href="Patient-rs-bundle-example-patient.html">Thomas Niccolo Filamor Reyes (official) Male, DoB: 1990-01-01</a></p><p><b>encounter</b>: <a href="Encounter-rs-bundle-example-encounter.html">Encounter: identifier = Incident number: INC-2025-0102,Patient hospital visit number (observable entity): HCN-2025-1120; status = finished; class = ER (LOINC#LA10268-3); period = 2025-10-31 15:18:00+0800 --&gt; 2025-10-31 16:30:00+0800</a></p><p><b>effective</b>: 2025-10-31 16:08:00+0800</p><p><b>value</b>: 37.2 degC<span style="background: LightGoldenRodYellow"> (Details: UCUM  codeCel = 'Cel')</span></p></div>
        </text>
        <status value="final"/>
        <code>
          <coding>
            <system value="http://snomed.info/sct"/>
            <version value="http://snomed.info/sct/900000000000207008/version/20241001"/>
            <code value="386725007"/>
            <display value="Body temperature (observable entity)"/>
          </coding>
        </code>
        <subject>
          <reference value="Patient/rs-bundle-example-patient"/>
        </subject>
        <encounter>
          <reference value="Encounter/rs-bundle-example-encounter"/>
        </encounter>
        <effectiveDateTime value="2025-10-31T16:08:00+08:00"/>
        <valueQuantity>
          <value value="37.2"/>
          <unit value="degC"/>
          <system value="http://unitsofmeasure.org"/>
          <code value="Cel"/>
        </valueQuantity>
      </Observation>
    </resource>
  </entry>
  <entry>
    <fullUrl value="urn:uuid:7df8e891-4e9f-40a1-968d-71da4bc22e03"/>
    <resource>
      <Observation>
        <id value="rs-bundle-example-observation-cyanosis"/>
        <meta>
          <profile value="https://build.fhir.org/ig/UPM-NTHC/PH-RoadSafetyIG/StructureDefinition/rs-observation-cyanosis"/>
        </meta>
        <text>
          <status value="generated"/><div xmlns="http://www.w3.org/1999/xhtml"><a name="Observation_rs-bundle-example-observation-cyanosis"> </a><p class="res-header-id"><b>Generated Narrative: Observation rs-bundle-example-observation-cyanosis</b></p><a name="rs-bundle-example-observation-cyanosis"> </a><a name="hcrs-bundle-example-observation-cyanosis"> </a><div style="display: inline-block; background-color: #d9e0e7; padding: 6px; margin: 4px; border: 1px solid #8da1b4; border-radius: 5px; line-height: 60%"><p style="margin-bottom: 0px"/><p style="margin-bottom: 0px">Profile: <a href="StructureDefinition-rs-observation-cyanosis.html">RS Observation - Cyanosis</a></p></div><p><b>status</b>: Final</p><p><b>code</b>: <span title="Codes:{http://snomed.info/sct 3415004}">Cyanosis (finding)</span></p><p><b>subject</b>: <a href="Patient-rs-bundle-example-patient.html">Thomas Niccolo Filamor Reyes (official) Male, DoB: 1990-01-01</a></p><p><b>encounter</b>: <a href="Encounter-rs-bundle-example-encounter.html">Encounter: identifier = Incident number: INC-2025-0102,Patient hospital visit number (observable entity): HCN-2025-1120; status = finished; class = ER (LOINC#LA10268-3); period = 2025-10-31 15:18:00+0800 --&gt; 2025-10-31 16:30:00+0800</a></p><p><b>effective</b>: 2025-10-31 16:00:00+0800</p><p><b>value</b>: <span title="Codes:{http://snomed.info/sct 54622005}">Negative</span></p></div>
        </text>
        <status value="final"/>
        <code>
          <coding>
            <system value="http://snomed.info/sct"/>
            <version value="http://snomed.info/sct/900000000000207008/version/20241001"/>
            <code value="3415004"/>
            <display value="Cyanosis (finding)"/>
          </coding>
        </code>
        <subject>
          <reference value="Patient/rs-bundle-example-patient"/>
        </subject>
        <encounter>
          <reference value="Encounter/rs-bundle-example-encounter"/>
        </encounter>
        <effectiveDateTime value="2025-10-31T16:00:00+08:00"/>
        <valueCodeableConcept>
          <coding>
            <system value="http://snomed.info/sct"/>
            <version value="http://snomed.info/sct/900000000000207008/version/20241001"/>
            <code value="54622005"/>
            <display value="Negative"/>
          </coding>
        </valueCodeableConcept>
      </Observation>
    </resource>
  </entry>
  <entry>
    <fullUrl value="urn:uuid:c0a6ff6b-6aef-4faf-8564-0f7b5c95c791"/>
    <resource>
      <Observation>
        <id value="rs-bundle-example-observation-gcs"/>
        <meta>
          <profile value="https://build.fhir.org/ig/UPM-NTHC/PH-RoadSafetyIG/StructureDefinition/rs-observation-gcs"/>
        </meta>
        <text>
          <status value="generated"/><div xmlns="http://www.w3.org/1999/xhtml"><a name="Observation_rs-bundle-example-observation-gcs"> </a><p class="res-header-id"><b>Generated Narrative: Observation rs-bundle-example-observation-gcs</b></p><a name="rs-bundle-example-observation-gcs"> </a><a name="hcrs-bundle-example-observation-gcs"> </a><div style="display: inline-block; background-color: #d9e0e7; padding: 6px; margin: 4px; border: 1px solid #8da1b4; border-radius: 5px; line-height: 60%"><p style="margin-bottom: 0px"/><p style="margin-bottom: 0px">Profile: <a href="StructureDefinition-rs-observation-gcs.html">RS Observation - Glasgow Coma Scale</a></p></div><p><b>status</b>: Final</p><p><b>code</b>: <span title="Codes:{http://snomed.info/sct 248241002}">Glasgow coma score (observable entity)</span></p><p><b>subject</b>: <a href="Patient-rs-bundle-example-patient.html">Thomas Niccolo Filamor Reyes (official) Male, DoB: 1990-01-01</a></p><p><b>encounter</b>: <a href="Encounter-rs-bundle-example-encounter.html">Encounter: identifier = Incident number: INC-2025-0102,Patient hospital visit number (observable entity): HCN-2025-1120; status = finished; class = ER (LOINC#LA10268-3); period = 2025-10-31 15:18:00+0800 --&gt; 2025-10-31 16:30:00+0800</a></p><p><b>effective</b>: 2025-10-31 16:05:00+0800</p><p><b>value</b>: 15</p><blockquote><p><b>component</b></p><p><b>code</b>: <span title="Codes:{http://snomed.info/sct 281395000}">Glasgow Coma Score eye opening subscore (observable entity)</span></p><p><b>value</b>: <span title="Codes:{http://loinc.org LA6556-0}">4 Spontaneous</span></p></blockquote><blockquote><p><b>component</b></p><p><b>code</b>: <span title="Codes:{http://snomed.info/sct 281397008}">Glasgow Coma Scale verbal response subscore (observable entity)</span></p><p><b>value</b>: <span title="Codes:{http://loinc.org LA6561-0}">5 Oriented</span></p></blockquote><blockquote><p><b>component</b></p><p><b>code</b>: <span title="Codes:{http://snomed.info/sct 281396004}">Glasgow Coma Scale motor response subscore (observable entity)</span></p><p><b>value</b>: <span title="Codes:{http://loinc.org LA6567-7}">6 To command</span></p></blockquote></div>
        </text>
        <status value="final"/>
        <code>
          <coding>
            <system value="http://snomed.info/sct"/>
            <version value="http://snomed.info/sct/900000000000207008/version/20241001"/>
            <code value="248241002"/>
            <display value="Glasgow coma score (observable entity)"/>
          </coding>
        </code>
        <subject>
          <reference value="Patient/rs-bundle-example-patient"/>
        </subject>
        <encounter>
          <reference value="Encounter/rs-bundle-example-encounter"/>
        </encounter>
        <effectiveDateTime value="2025-10-31T16:05:00+08:00"/>
        <valueInteger value="15"/>
        <component>
          <code>
            <coding>
              <system value="http://snomed.info/sct"/>
              <version value="http://snomed.info/sct/900000000000207008/version/20241001"/>
              <code value="281395000"/>
              <display value="Glasgow Coma Score eye opening subscore (observable entity)"/>
            </coding>
          </code>
          <valueCodeableConcept>
            <coding>
              <system value="http://loinc.org"/>
              <code value="LA6556-0"/>
              <display value="4 Spontaneous"/>
            </coding>
          </valueCodeableConcept>
        </component>
        <component>
          <code>
            <coding>
              <system value="http://snomed.info/sct"/>
              <version value="http://snomed.info/sct/900000000000207008/version/20241001"/>
              <code value="281397008"/>
              <display value="Glasgow Coma Scale verbal response subscore (observable entity)"/>
            </coding>
          </code>
          <valueCodeableConcept>
            <coding>
              <system value="http://loinc.org"/>
              <code value="LA6561-0"/>
              <display value="5 Oriented"/>
            </coding>
          </valueCodeableConcept>
        </component>
        <component>
          <code>
            <coding>
              <system value="http://snomed.info/sct"/>
              <version value="http://snomed.info/sct/900000000000207008/version/20241001"/>
              <code value="281396004"/>
              <display value="Glasgow Coma Scale motor response subscore (observable entity)"/>
            </coding>
          </code>
          <valueCodeableConcept>
            <coding>
              <system value="http://loinc.org"/>
              <code value="LA6567-7"/>
              <display value="6 To command"/>
            </coding>
          </valueCodeableConcept>
        </component>
      </Observation>
    </resource>
  </entry>
  <entry>
    <fullUrl value="urn:uuid:f7db9e5d-5342-4cb4-b6f5-6c29ed7a1c97"/>
    <resource>
      <Observation>
        <id value="rs-bundle-example-observation-reported-complaint"/>
        <meta>
          <profile value="https://build.fhir.org/ig/UPM-NTHC/PH-RoadSafetyIG/StructureDefinition/rs-observation-reported-complaint"/>
        </meta>
        <text>
          <status value="generated"/><div xmlns="http://www.w3.org/1999/xhtml"><a name="Observation_rs-bundle-example-observation-reported-complaint"> </a><p class="res-header-id"><b>Generated Narrative: Observation rs-bundle-example-observation-reported-complaint</b></p><a name="rs-bundle-example-observation-reported-complaint"> </a><a name="hcrs-bundle-example-observation-reported-complaint"> </a><div style="display: inline-block; background-color: #d9e0e7; padding: 6px; margin: 4px; border: 1px solid #8da1b4; border-radius: 5px; line-height: 60%"><p style="margin-bottom: 0px"/><p style="margin-bottom: 0px">Profile: <a href="StructureDefinition-rs-observation-reported-complaint.html">RS Observation - Reported Complaint</a></p></div><p><b>status</b>: Final</p><p><b>code</b>: <span title="Codes:{http://snomed.info/sct 1269489004}">Chief complaint (observable entity)</span></p><p><b>subject</b>: <a href="Patient-rs-bundle-example-patient.html">Thomas Niccolo Filamor Reyes (official) Male, DoB: 1990-01-01</a></p><p><b>encounter</b>: <a href="Encounter-rs-bundle-example-encounter.html">Encounter: identifier = Incident number: INC-2025-0102,Patient hospital visit number (observable entity): HCN-2025-1120; status = finished; class = ER (LOINC#LA10268-3); period = 2025-10-31 15:18:00+0800 --&gt; 2025-10-31 16:30:00+0800</a></p><p><b>effective</b>: 2025-10-31 15:03:00+0800</p><p><b>value</b>: Severe chest pain and shortness of breath after collision</p></div>
        </text>
        <status value="final"/>
        <code>
          <coding>
            <system value="http://snomed.info/sct"/>
            <version value="http://snomed.info/sct/900000000000207008/version/20241001"/>
            <code value="1269489004"/>
            <display value="Chief complaint (observable entity)"/>
          </coding>
        </code>
        <subject>
          <reference value="Patient/rs-bundle-example-patient"/>
        </subject>
        <encounter>
          <reference value="Encounter/rs-bundle-example-encounter"/>
        </encounter>
        <effectiveDateTime value="2025-10-31T15:03:00+08:00"/>
        <valueString value="Severe chest pain and shortness of breath after collision"/>
      </Observation>
    </resource>
  </entry>
  <entry>
    <fullUrl value="urn:uuid:9ed7a1b8-e6f4-4f8f-824c-7f24d2f51a5b"/>
    <resource>
      <Observation>
        <id value="rs-bundle-example-observation-call-source"/>
        <meta>
          <profile value="https://build.fhir.org/ig/UPM-NTHC/PH-RoadSafetyIG/StructureDefinition/rs-observation-call-source"/>
        </meta>
        <text>
          <status value="generated"/><div xmlns="http://www.w3.org/1999/xhtml"><a name="Observation_rs-bundle-example-observation-call-source"> </a><p class="res-header-id"><b>Generated Narrative: Observation rs-bundle-example-observation-call-source</b></p><a name="rs-bundle-example-observation-call-source"> </a><a name="hcrs-bundle-example-observation-call-source"> </a><div style="display: inline-block; background-color: #d9e0e7; padding: 6px; margin: 4px; border: 1px solid #8da1b4; border-radius: 5px; line-height: 60%"><p style="margin-bottom: 0px"/><p style="margin-bottom: 0px">Profile: <a href="StructureDefinition-rs-observation-call-source.html">RS Observation - Call Source</a></p></div><p><b>status</b>: Final</p><p><b>code</b>: <span title="Codes:{http://snomed.info/sct 397663001}">Referral source (finding)</span></p><p><b>subject</b>: <a href="Patient-rs-bundle-example-patient.html">Thomas Niccolo Filamor Reyes (official) Male, DoB: 1990-01-01</a></p><p><b>encounter</b>: <a href="Encounter-rs-bundle-example-encounter.html">Encounter: identifier = Incident number: INC-2025-0102,Patient hospital visit number (observable entity): HCN-2025-1120; status = finished; class = ER (LOINC#LA10268-3); period = 2025-10-31 15:18:00+0800 --&gt; 2025-10-31 16:30:00+0800</a></p><p><b>effective</b>: 2025-10-31 15:02:30+0800</p><p><b>value</b>: Bystander dialed national emergency hotline</p></div>
        </text>
        <status value="final"/>
        <code>
          <coding>
            <system value="http://snomed.info/sct"/>
            <version value="http://snomed.info/sct/900000000000207008/version/20241001"/>
            <code value="397663001"/>
            <display value="Referral source (finding)"/>
          </coding>
        </code>
        <subject>
          <reference value="Patient/rs-bundle-example-patient"/>
        </subject>
        <encounter>
          <reference value="Encounter/rs-bundle-example-encounter"/>
        </encounter>
        <effectiveDateTime value="2025-10-31T15:02:30+08:00"/>
        <valueString value="Bystander dialed national emergency hotline"/>
      </Observation>
    </resource>
  </entry>
  <entry>
    <fullUrl value="urn:uuid:ed5e8a6c-12d1-4f4a-a3aa-9f81f42dbb6c"/>
    <resource>
      <Observation>
        <id value="rs-bundle-example-observation-runreport-comments"/>
        <meta>
          <profile value="https://build.fhir.org/ig/UPM-NTHC/PH-RoadSafetyIG/StructureDefinition/rs-observation-runreport-comments"/>
        </meta>
        <text>
          <status value="generated"/><div xmlns="http://www.w3.org/1999/xhtml"><a name="Observation_rs-bundle-example-observation-runreport-comments"> </a><p class="res-header-id"><b>Generated Narrative: Observation rs-bundle-example-observation-runreport-comments</b></p><a name="rs-bundle-example-observation-runreport-comments"> </a><a name="hcrs-bundle-example-observation-runreport-comments"> </a><div style="display: inline-block; background-color: #d9e0e7; padding: 6px; margin: 4px; border: 1px solid #8da1b4; border-radius: 5px; line-height: 60%"><p style="margin-bottom: 0px"/><p style="margin-bottom: 0px">Profile: <a href="StructureDefinition-rs-observation-runreport-comments.html">RS Observation - Run Report Comments</a></p></div><p><b>status</b>: Final</p><p><b>code</b>: <span title="Codes:{http://loinc.org 77999-1}">Case notification comment</span></p><p><b>subject</b>: <a href="Patient-rs-bundle-example-patient.html">Thomas Niccolo Filamor Reyes (official) Male, DoB: 1990-01-01</a></p><p><b>encounter</b>: <a href="Encounter-rs-bundle-example-encounter.html">Encounter: identifier = Incident number: INC-2025-0102,Patient hospital visit number (observable entity): HCN-2025-1120; status = finished; class = ER (LOINC#LA10268-3); period = 2025-10-31 15:18:00+0800 --&gt; 2025-10-31 16:30:00+0800</a></p><p><b>effective</b>: 2025-10-31 16:40:00+0800</p><p><b>value</b>: Patient stabilized in transit; receiving ER alerted 15 minutes prior to arrival.</p></div>
        </text>
        <status value="final"/>
        <code>
          <coding>
            <system value="http://loinc.org"/>
            <code value="77999-1"/>
            <display value="Case notification comment"/>
          </coding>
        </code>
        <subject>
          <reference value="Patient/rs-bundle-example-patient"/>
        </subject>
        <encounter>
          <reference value="Encounter/rs-bundle-example-encounter"/>
        </encounter>
        <effectiveDateTime value="2025-10-31T16:40:00+08:00"/>
        <valueString value="Patient stabilized in transit; receiving ER alerted 15 minutes prior to arrival."/>
      </Observation>
    </resource>
  </entry>
  <entry>
    <fullUrl value="urn:uuid:c7c9728e-3a43-4b77-8ad5-3ec7fd3b0dae"/>
    <resource>
      <Observation>
        <id value="rs-bundle-example-observation-clinical-remarks"/>
        <meta>
          <profile value="https://build.fhir.org/ig/UPM-NTHC/PH-RoadSafetyIG/StructureDefinition/rs-observation-clinical-remarks"/>
        </meta>
        <text>
          <status value="generated"/><div xmlns="http://www.w3.org/1999/xhtml"><a name="Observation_rs-bundle-example-observation-clinical-remarks"> </a><p class="res-header-id"><b>Generated Narrative: Observation rs-bundle-example-observation-clinical-remarks</b></p><a name="rs-bundle-example-observation-clinical-remarks"> </a><a name="hcrs-bundle-example-observation-clinical-remarks"> </a><div style="display: inline-block; background-color: #d9e0e7; padding: 6px; margin: 4px; border: 1px solid #8da1b4; border-radius: 5px; line-height: 60%"><p style="margin-bottom: 0px"/><p style="margin-bottom: 0px">Profile: <a href="StructureDefinition-rs-observation-clinical-remarks.html">RS Observation - Clinical Remarks</a></p></div><p><b>status</b>: Final</p><p><b>code</b>: <span title="Codes:{http://www.roadsafetyph.doh.gov.ph/CodeSystem RRFREMARKS}">Run Report Form Remarks</span></p><p><b>subject</b>: <a href="Patient-rs-bundle-example-patient.html">Thomas Niccolo Filamor Reyes (official) Male, DoB: 1990-01-01</a></p><p><b>encounter</b>: <a href="Encounter-rs-bundle-example-encounter.html">Encounter: identifier = Incident number: INC-2025-0102,Patient hospital visit number (observable entity): HCN-2025-1120; status = finished; class = ER (LOINC#LA10268-3); period = 2025-10-31 15:18:00+0800 --&gt; 2025-10-31 16:30:00+0800</a></p><p><b>effective</b>: 2025-10-31 16:20:00+0800</p><p><b>note</b>: </p><blockquote><div><p>Chest discomfort resolved after oxygen and immobilization; advised repeat vitals on arrival.</p>
</div></blockquote></div>
        </text>
        <status value="final"/>
        <code>
          <coding>
            <system value="http://www.roadsafetyph.doh.gov.ph/CodeSystem"/>
            <version value="1"/>
            <code value="RRFREMARKS"/>
            <display value="Run Report Form Remarks"/>
          </coding>
        </code>
        <subject>
          <reference value="Patient/rs-bundle-example-patient"/>
        </subject>
        <encounter>
          <reference value="Encounter/rs-bundle-example-encounter"/>
        </encounter>
        <effectiveDateTime value="2025-10-31T16:20:00+08:00"/>
        <note>
          <text value="Chest discomfort resolved after oxygen and immobilization; advised repeat vitals on arrival."/>
        </note>
      </Observation>
    </resource>
  </entry>
  <entry>
    <fullUrl value="urn:uuid:2df6a37d-8935-4f5c-a5f4-d0a6623e2c83"/>
    <resource>
      <DocumentReference>
        <id value="rs-bundle-example-documentreference"/>
        <meta>
          <profile value="https://build.fhir.org/ig/UPM-NTHC/PH-RoadSafetyIG/StructureDefinition/rs-document-reference"/>
        </meta>
        <text>
          <status value="generated"/><div xmlns="http://www.w3.org/1999/xhtml"><a name="DocumentReference_rs-bundle-example-documentreference"> </a><p class="res-header-id"><b>Generated Narrative: DocumentReference rs-bundle-example-documentreference</b></p><a name="rs-bundle-example-documentreference"> </a><a name="hcrs-bundle-example-documentreference"> </a><div style="display: inline-block; background-color: #d9e0e7; padding: 6px; margin: 4px; border: 1px solid #8da1b4; border-radius: 5px; line-height: 60%"><p style="margin-bottom: 0px"/><p style="margin-bottom: 0px">Profile: <a href="StructureDefinition-rs-document-reference.html">RS DocumentReference (Evidence)</a></p></div><p><b>status</b>: Current</p><p><b>type</b>: <span title="Codes:{http://loinc.org 18748-4}">Document image</span></p><p><b>subject</b>: <a href="Patient-rs-bundle-example-patient.html">Thomas Niccolo Filamor Reyes (official) Male, DoB: 1990-01-01</a></p><blockquote><p><b>content</b></p><h3>Attachments</h3><table class="grid"><tr><td style="display: none">-</td><td><b>ContentType</b></td><td><b>Url</b></td><td><b>Title</b></td></tr><tr><td style="display: none">*</td><td>image/jpeg</td><td><a href="https://example.org/fhir/Binary/ems-crash-photo">https://example.org/fhir/Binary/ems-crash-photo</a></td><td>Intersection scene photo</td></tr></table><p><b>format</b>: formatcodes: urn:ihe:pcc:dsr:2016 (urn:ihe:pcc:dsr:2016)</p></blockquote><h3>Contexts</h3><table class="grid"><tr><td style="display: none">-</td><td><b>Encounter</b></td></tr><tr><td style="display: none">*</td><td><a href="Encounter-rs-bundle-example-encounter.html">Encounter: identifier = Incident number: INC-2025-0102,Patient hospital visit number (observable entity): HCN-2025-1120; status = finished; class = ER (LOINC#LA10268-3); period = 2025-10-31 15:18:00+0800 --&gt; 2025-10-31 16:30:00+0800</a></td></tr></table></div>
        </text>
        <status value="current"/>
        <type>
          <coding>
            <system value="http://loinc.org"/>
            <code value="18748-4"/>
            <display value="Document image"/>
          </coding>
        </type>
        <subject>
          <reference value="Patient/rs-bundle-example-patient"/>
        </subject>
        <content>
          <attachment>
            <contentType value="image/jpeg"/>
            <url value="https://example.org/fhir/Binary/ems-crash-photo"/>
            <title value="Intersection scene photo"/>
          </attachment>
          <format>
            <system value="http://terminology.hl7.org/CodeSystem/formatcodes"/>
            <code value="urn:ihe:pcc:dsr:2016"/>
          </format>
        </content>
        <context>
          <encounter>
            <reference value="Encounter/rs-bundle-example-encounter"/>
          </encounter>
        </context>
      </DocumentReference>
    </resource>
  </entry>
  <entry>
    <fullUrl value="urn:uuid:1f3977bc-5227-4cf4-9b2f-0f66d0d5d9f2"/>
    <resource>
      <Task>
        <id value="rs-bundle-example-task"/>
        <meta>
          <profile value="https://build.fhir.org/ig/UPM-NTHC/PH-RoadSafetyIG/StructureDefinition/rs-task"/>
        </meta>
        <text>
          <status value="generated"/><div xmlns="http://www.w3.org/1999/xhtml"><a name="Task_rs-bundle-example-task"> </a><p class="res-header-id"><b>Generated Narrative: Task rs-bundle-example-task</b></p><a name="rs-bundle-example-task"> </a><a name="hcrs-bundle-example-task"> </a><div style="display: inline-block; background-color: #d9e0e7; padding: 6px; margin: 4px; border: 1px solid #8da1b4; border-radius: 5px; line-height: 60%"><p style="margin-bottom: 0px"/><p style="margin-bottom: 0px">Profile: <a href="StructureDefinition-rs-task.html">RS Task</a></p></div><p><b>status</b>: In Progress</p><p><b>intent</b>: plan</p><p><b>focus</b>: <a href="ServiceRequest-rs-bundle-example-service-request.html">ServiceRequest </a></p><p><b>for</b>: <a href="Patient-rs-bundle-example-patient.html">Thomas Niccolo Filamor Reyes (official) Male, DoB: 1990-01-01</a></p><p><b>executionPeriod</b>: 2025-10-31 15:48:00+0800 --&gt; 2025-10-31 16:15:00+0800</p><p><b>owner</b>: <a href="Practitioner-rs-bundle-example-practitioner-teamlead.html">Practitioner Joel Rivera (official)</a></p><p><b>note</b>: </p><blockquote><div><p>Coordinated ambulance standby until ER confirmed acceptance.</p>
</div></blockquote></div>
        </text>
        <status value="in-progress"/>
        <intent value="plan"/>
        <focus>
          <reference value="ServiceRequest/rs-bundle-example-service-request"/>
        </focus>
        <for>
          <reference value="Patient/rs-bundle-example-patient"/>
        </for>
        <executionPeriod>
          <start value="2025-10-31T15:48:00+08:00"/>
          <end value="2025-10-31T16:15:00+08:00"/>
        </executionPeriod>
        <owner>
          <reference value="Practitioner/rs-bundle-example-practitioner-teamlead"/>
        </owner>
        <note>
          <text value="Coordinated ambulance standby until ER confirmed acceptance."/>
        </note>
      </Task>
    </resource>
  </entry>
  <entry>
    <fullUrl value="urn:uuid:6f4dfd82-70f5-4b0d-9af6-2fc626c88e50"/>
    <resource>
      <ServiceRequest>
        <id value="rs-bundle-example-service-request"/>
        <meta>
          <profile value="https://build.fhir.org/ig/UPM-NTHC/PH-RoadSafetyIG/StructureDefinition/rs-service-request"/>
        </meta>
        <text>
          <status value="generated"/><div xmlns="http://www.w3.org/1999/xhtml"><a name="ServiceRequest_rs-bundle-example-service-request"> </a><p class="res-header-id"><b>Generated Narrative: ServiceRequest rs-bundle-example-service-request</b></p><a name="rs-bundle-example-service-request"> </a><a name="hcrs-bundle-example-service-request"> </a><div style="display: inline-block; background-color: #d9e0e7; padding: 6px; margin: 4px; border: 1px solid #8da1b4; border-radius: 5px; line-height: 60%"><p style="margin-bottom: 0px"/><p style="margin-bottom: 0px">Profile: <a href="StructureDefinition-rs-service-request.html">RS ServiceRequest</a></p></div><p><b>status</b>: Revoked</p><p><b>intent</b>: Plan</p><p><b>code</b>: <span title="Codes:">Refusal to admit</span></p><p><b>subject</b>: <a href="Patient-rs-bundle-example-patient.html">Thomas Niccolo Filamor Reyes (official) Male, DoB: 1990-01-01</a></p><p><b>encounter</b>: <a href="Encounter-rs-bundle-example-encounter.html">Encounter: identifier = Incident number: INC-2025-0102,Patient hospital visit number (observable entity): HCN-2025-1120; status = finished; class = ER (LOINC#LA10268-3); period = 2025-10-31 15:18:00+0800 --&gt; 2025-10-31 16:30:00+0800</a></p><p><b>occurrence</b>: 2025-10-31 15:50:00+0800</p><p><b>supportingInfo</b>: </p><ul><li><a href="Organization-rs-bundle-example-organization.html">Organization MetroCare EMS</a></li><li><a href="Practitioner-rs-bundle-example-practitioner-receiver.html">Practitioner Maria Cristina Santos (official)</a></li></ul></div>
        </text>
        <status value="revoked"/>
        <intent value="plan"/>
        <code>
          <text value="Refusal to admit"/>
        </code>
        <subject>
          <reference value="Patient/rs-bundle-example-patient"/>
        </subject>
        <encounter>
          <reference value="Encounter/rs-bundle-example-encounter"/>
        </encounter>
        <occurrenceDateTime value="2025-10-31T15:50:00+08:00"/>
        <supportingInfo>
          <reference value="Organization/rs-bundle-example-organization"/>
        </supportingInfo>
        <supportingInfo>
          <reference value="Practitioner/rs-bundle-example-practitioner-receiver"/>
        </supportingInfo>
      </ServiceRequest>
    </resource>
  </entry>
  <entry>
    <fullUrl value="urn:uuid:eaaf0f0d-f9e7-4f6f-8121-583a75f1aa3a"/>
    <resource>
      <Procedure>
        <id value="rs-bundle-example-procedure-education"/>
        <meta>
          <profile value="https://build.fhir.org/ig/UPM-NTHC/PH-RoadSafetyIG/StructureDefinition/rs-procedure"/>
        </meta>
        <text>
          <status value="generated"/><div xmlns="http://www.w3.org/1999/xhtml"><a name="Procedure_rs-bundle-example-procedure-education"> </a><p class="res-header-id"><b>Generated Narrative: Procedure rs-bundle-example-procedure-education</b></p><a name="rs-bundle-example-procedure-education"> </a><a name="hcrs-bundle-example-procedure-education"> </a><div style="display: inline-block; background-color: #d9e0e7; padding: 6px; margin: 4px; border: 1px solid #8da1b4; border-radius: 5px; line-height: 60%"><p style="margin-bottom: 0px"/><p style="margin-bottom: 0px">Profile: <a href="StructureDefinition-rs-procedure.html">RS Procedure</a></p></div><p><b>status</b>: Completed</p><p><b>code</b>: <span title="Codes:{http://snomed.info/sct 710818009}">Patient education (procedure)</span></p><p><b>subject</b>: <a href="Patient-rs-bundle-example-patient.html">Thomas Niccolo Filamor Reyes (official) Male, DoB: 1990-01-01</a></p><p><b>encounter</b>: <a href="Encounter-rs-bundle-example-encounter.html">Encounter: identifier = Incident number: INC-2025-0102,Patient hospital visit number (observable entity): HCN-2025-1120; status = finished; class = ER (LOINC#LA10268-3); period = 2025-10-31 15:18:00+0800 --&gt; 2025-10-31 16:30:00+0800</a></p><p><b>performed</b>: 2025-10-31 16:12:00+0800</p><h3>Performers</h3><table class="grid"><tr><td style="display: none">-</td><td><b>Actor</b></td></tr><tr><td style="display: none">*</td><td><a href="Practitioner-rs-bundle-example-practitioner-teamlead.html">Practitioner Joel Rivera (official)</a></td></tr></table><p><b>note</b>: </p><blockquote><div><p>Discussed signs of delayed chest trauma and when to return to ER.</p>
</div></blockquote></div>
        </text>
        <status value="completed"/>
        <code>
          <coding>
            <system value="http://snomed.info/sct"/>
            <version value="http://snomed.info/sct/900000000000207008/version/20241001"/>
            <code value="710818009"/>
            <display value="Patient education (procedure)"/>
          </coding>
        </code>
        <subject>
          <reference value="Patient/rs-bundle-example-patient"/>
        </subject>
        <encounter>
          <reference value="Encounter/rs-bundle-example-encounter"/>
        </encounter>
        <performedDateTime value="2025-10-31T16:12:00+08:00"/>
        <performer>
          <actor>
            <reference value="Practitioner/rs-bundle-example-practitioner-teamlead"/>
          </actor>
        </performer>
        <note>
          <text value="Discussed signs of delayed chest trauma and when to return to ER."/>
        </note>
      </Procedure>
    </resource>
  </entry>
  <entry>
    <fullUrl value="urn:uuid:49e2f35c-2ae1-4a2b-a5fa-1bb409775888"/>
    <resource>
      <Procedure>
        <id value="rs-bundle-example-procedure-transport"/>
        <meta>
          <profile value="https://build.fhir.org/ig/UPM-NTHC/PH-RoadSafetyIG/StructureDefinition/rs-procedure-transport-coordination"/>
        </meta>
        <text>
          <status value="generated"/><div xmlns="http://www.w3.org/1999/xhtml"><a name="Procedure_rs-bundle-example-procedure-transport"> </a><p class="res-header-id"><b>Generated Narrative: Procedure rs-bundle-example-procedure-transport</b></p><a name="rs-bundle-example-procedure-transport"> </a><a name="hcrs-bundle-example-procedure-transport"> </a><div style="display: inline-block; background-color: #d9e0e7; padding: 6px; margin: 4px; border: 1px solid #8da1b4; border-radius: 5px; line-height: 60%"><p style="margin-bottom: 0px"/><p style="margin-bottom: 0px">Profile: <a href="StructureDefinition-rs-procedure-transport-coordination.html">RS Procedure - Transport Coordination</a></p></div><p><b>status</b>: Completed</p><p><b>code</b>: <span title="Codes:{http://www.roadsafetyph.doh.gov.ph/CodeSystem COORDINATIONDONE}">Was Transport Coordinated with Receiving Hospital?</span></p><p><b>subject</b>: <a href="Patient-rs-bundle-example-patient.html">Thomas Niccolo Filamor Reyes (official) Male, DoB: 1990-01-01</a></p><p><b>encounter</b>: <a href="Encounter-rs-bundle-example-encounter.html">Encounter: identifier = Incident number: INC-2025-0102,Patient hospital visit number (observable entity): HCN-2025-1120; status = finished; class = ER (LOINC#LA10268-3); period = 2025-10-31 15:18:00+0800 --&gt; 2025-10-31 16:30:00+0800</a></p><p><b>performed</b>: 2025-10-31 15:35:00+0800</p><p><b>note</b>: </p><blockquote><div><p>Coordination established with ER charge nurse prior to departure.</p>
</div></blockquote></div>
        </text>
        <status value="completed"/>
        <code>
          <coding>
            <system value="http://www.roadsafetyph.doh.gov.ph/CodeSystem"/>
            <version value="1"/>
            <code value="COORDINATIONDONE"/>
            <display value="Was Transport Coordinated with Receiving Hospital?"/>
          </coding>
        </code>
        <subject>
          <reference value="Patient/rs-bundle-example-patient"/>
        </subject>
        <encounter>
          <reference value="Encounter/rs-bundle-example-encounter"/>
        </encounter>
        <performedDateTime value="2025-10-31T15:35:00+08:00"/>
        <note>
          <text value="Coordination established with ER charge nurse prior to departure."/>
        </note>
      </Procedure>
    </resource>
  </entry>
  <entry>
    <fullUrl value="urn:uuid:5b8f8b0a-7ae1-4fd3-a57f-32ec4f353c6d"/>
    <resource>
      <Claim>
        <id value="rs-bundle-example-claim"/>
        <meta>
          <profile value="https://build.fhir.org/ig/UPM-NTHC/PH-RoadSafetyIG/StructureDefinition/rs-claim"/>
        </meta>
        <text>
          <status value="generated"/><div xmlns="http://www.w3.org/1999/xhtml"><a name="Claim_rs-bundle-example-claim"> </a><p class="res-header-id"><b>Generated Narrative: Claim rs-bundle-example-claim</b></p><a name="rs-bundle-example-claim"> </a><a name="hcrs-bundle-example-claim"> </a><div style="display: inline-block; background-color: #d9e0e7; padding: 6px; margin: 4px; border: 1px solid #8da1b4; border-radius: 5px; line-height: 60%"><p style="margin-bottom: 0px"/><p style="margin-bottom: 0px">Profile: <a href="StructureDefinition-rs-claim.html">RS Claim</a></p></div><p><b>status</b>: Active</p><p><b>type</b>: <span title="Codes:{http://terminology.hl7.org/CodeSystem/claim-type institutional}">Institutional</span></p><p><b>use</b>: Claim</p><p><b>patient</b>: <a href="Patient-rs-bundle-example-patient.html">Thomas Niccolo Filamor Reyes (official) Male, DoB: 1990-01-01</a></p><p><b>created</b>: 2025-11-01</p><p><b>provider</b>: <a href="Organization-rs-bundle-example-organization.html">Organization MetroCare EMS</a></p><p><b>priority</b>: <span title="Codes:{http://terminology.hl7.org/CodeSystem/processpriority normal}">Normal</span></p><h3>Insurances</h3><table class="grid"><tr><td style="display: none">-</td><td><b>Sequence</b></td><td><b>Focal</b></td><td><b>Coverage</b></td></tr><tr><td style="display: none">*</td><td>1</td><td>true</td><td><a href="Coverage-rs-bundle-example-coverage.html">Coverage: status = active; type = extended healthcare; period = 2025-01-01 --&gt; 2025-12-31</a></td></tr></table><h3>Totals</h3><table class="grid"><tr><td style="display: none">-</td><td><b>Value</b></td><td><b>Currency</b></td></tr><tr><td style="display: none">*</td><td>1500</td><td>Philippine piso[13]</td></tr></table></div>
        </text>
        <status value="active"/>
        <type>
          <coding>
            <system value="http://terminology.hl7.org/CodeSystem/claim-type"/>
            <code value="institutional"/>
            <display value="Institutional"/>
          </coding>
        </type>
        <use value="claim"/>
        <patient>
          <reference value="Patient/rs-bundle-example-patient"/>
        </patient>
        <created value="2025-11-01"/>
        <provider>
          <reference value="Organization/rs-bundle-example-organization"/>
        </provider>
        <priority>
          <coding>
            <system value="http://terminology.hl7.org/CodeSystem/processpriority"/>
            <code value="normal"/>
          </coding>
        </priority>
        <insurance>
          <sequence value="1"/>
          <focal value="true"/>
          <coverage>
            <reference value="Coverage/rs-bundle-example-coverage"/>
          </coverage>
        </insurance>
        <total>
          <value value="1500"/>
          <currency value="PHP"/>
        </total>
      </Claim>
    </resource>
  </entry>
  <entry>
    <fullUrl value="urn:uuid:8a9de1d2-1df6-4ac6-9c5f-424c3c2de2d3"/>
    <resource>
      <Organization>
        <id value="rs-bundle-example-organization"/>
        <meta>
          <profile value="https://build.fhir.org/ig/UPM-NTHC/PH-RoadSafetyIG/StructureDefinition/rs-organization"/>
        </meta>
        <text>
          <status value="generated"/><div xmlns="http://www.w3.org/1999/xhtml"><a name="Organization_rs-bundle-example-organization"> </a><p class="res-header-id"><b>Generated Narrative: Organization rs-bundle-example-organization</b></p><a name="rs-bundle-example-organization"> </a><a name="hcrs-bundle-example-organization"> </a><div style="display: inline-block; background-color: #d9e0e7; padding: 6px; margin: 4px; border: 1px solid #8da1b4; border-radius: 5px; line-height: 60%"><p style="margin-bottom: 0px"/><p style="margin-bottom: 0px">Profile: <a href="StructureDefinition-rs-organization.html">RS Organization</a></p></div><p><b>identifier</b>: <a href="https://build.fhir.org/ig/UP-Manila-SILab/ph-core/NamingSystem-doh-nhfr-code-ns.html" title="Health Facility Code (HFC) from the National Health Facility Registry.">DohNhfrCode</a>/MC-EMS-0001</p><p><b>active</b>: true</p><p><b>name</b>: MetroCare EMS</p><p><b>telecom</b>: <a href="tel:+63-917-555-0100">+63-917-555-0100</a></p><p><b>address</b>: 123 Rescue Avenue Makati City NCR 1226 PH (work)</p></div>
        </text>
        <identifier>
          <system value="http://doh.gov.ph/fhir/Identifier/doh-nhfr-code"/>
          <value value="MC-EMS-0001"/>
        </identifier>
        <active value="true"/>
        <name value="MetroCare EMS"/>
        <telecom>
          <system value="phone"/>
          <value value="+63-917-555-0100"/>
        </telecom>
        <address>
          <use value="work"/>
          <line value="123 Rescue Avenue"/>
          <city value="Makati City"/>
          <state value="NCR"/>
          <postalCode value="1226"/>
          <country value="PH"/>
        </address>
      </Organization>
    </resource>
  </entry>
  <entry>
    <fullUrl value="urn:uuid:aa255a9c-0e1a-4d44-8167-915736b2c0d2"/>
    <resource>
      <Location>
        <id value="rs-bundle-example-service-location"/>
        <meta>
          <profile value="https://build.fhir.org/ig/UPM-NTHC/PH-RoadSafetyIG/StructureDefinition/rs-location-service"/>
        </meta>
        <text>
          <status value="generated"/><div xmlns="http://www.w3.org/1999/xhtml"><a name="Location_rs-bundle-example-service-location"> </a><p class="res-header-id"><b>Generated Narrative: Location rs-bundle-example-service-location</b></p><a name="rs-bundle-example-service-location"> </a><a name="hcrs-bundle-example-service-location"> </a><div style="display: inline-block; background-color: #d9e0e7; padding: 6px; margin: 4px; border: 1px solid #8da1b4; border-radius: 5px; line-height: 60%"><p style="margin-bottom: 0px"/><p style="margin-bottom: 0px">Profile: <a href="StructureDefinition-rs-location-service.html">RS Service Location</a></p></div><p><b>name</b>: DOH Central ER</p><p><b>type</b>: <span title="Codes:{http://terminology.hl7.org/CodeSystem/v3-ServiceDeliveryLocationRoleType ER}">Emergency room</span></p><p><b>address</b>: San Lazaro Compound, Rizal Avenue Manila NCR 1003 PH </p></div>
        </text>
        <name value="DOH Central ER"/>
        <type>
          <coding>
            <system value="http://terminology.hl7.org/CodeSystem/v3-ServiceDeliveryLocationRoleType"/>
            <code value="ER"/>
            <display value="Emergency room"/>
          </coding>
        </type>
        <address>
          <line value="San Lazaro Compound, Rizal Avenue"/>
          <city value="Manila"/>
          <state value="NCR"/>
          <postalCode value="1003"/>
          <country value="PH"/>
        </address>
      </Location>
    </resource>
  </entry>
  <entry>
    <fullUrl value="urn:uuid:0ce99d5d-5f77-469c-af50-7edfb0ec61fb"/>
    <resource>
      <Practitioner>
        <id value="rs-bundle-example-practitioner-teamlead"/>
        <meta>
          <profile value="urn://example.com/ph-core/fhir/StructureDefinition/ph-core-practitioner"/>
        </meta>
        <text>
          <status value="generated"/><div xmlns="http://www.w3.org/1999/xhtml"><a name="Practitioner_rs-bundle-example-practitioner-teamlead"> </a><p class="res-header-id"><b>Generated Narrative: Practitioner rs-bundle-example-practitioner-teamlead</b></p><a name="rs-bundle-example-practitioner-teamlead"> </a><a name="hcrs-bundle-example-practitioner-teamlead"> </a><div style="display: inline-block; background-color: #d9e0e7; padding: 6px; margin: 4px; border: 1px solid #8da1b4; border-radius: 5px; line-height: 60%"><p style="margin-bottom: 0px"/><p style="margin-bottom: 0px">Profile: <a href="https://build.fhir.org/ig/UP-Manila-SILab/ph-core/StructureDefinition-ph-core-practitioner.html">PH Core Practitioner</a></p></div><p><b>name</b>: Joel Rivera (Official)</p><p><b>telecom</b>: <a href="tel:+63-917-555-0155">+63-917-555-0155</a></p></div>
        </text>
        <name>
          <use value="official"/>
          <family value="Rivera"/>
          <given value="Joel"/>
        </name>
        <telecom>
          <system value="phone"/>
          <value value="+63-917-555-0155"/>
        </telecom>
      </Practitioner>
    </resource>
  </entry>
  <entry>
    <fullUrl value="urn:uuid:0b2244ac-9ee1-470d-857a-d27b83175f6f"/>
    <resource>
      <Practitioner>
        <id value="rs-bundle-example-practitioner-receiver"/>
        <meta>
          <profile value="urn://example.com/ph-core/fhir/StructureDefinition/ph-core-practitioner"/>
        </meta>
        <text>
          <status value="generated"/><div xmlns="http://www.w3.org/1999/xhtml"><a name="Practitioner_rs-bundle-example-practitioner-receiver"> </a><p class="res-header-id"><b>Generated Narrative: Practitioner rs-bundle-example-practitioner-receiver</b></p><a name="rs-bundle-example-practitioner-receiver"> </a><a name="hcrs-bundle-example-practitioner-receiver"> </a><div style="display: inline-block; background-color: #d9e0e7; padding: 6px; margin: 4px; border: 1px solid #8da1b4; border-radius: 5px; line-height: 60%"><p style="margin-bottom: 0px"/><p style="margin-bottom: 0px">Profile: <a href="https://build.fhir.org/ig/UP-Manila-SILab/ph-core/StructureDefinition-ph-core-practitioner.html">PH Core Practitioner</a></p></div><p><b>name</b>: Maria Cristina Santos (Official)</p><p><b>telecom</b>: <a href="tel:+63-917-555-0101">+63-917-555-0101</a></p></div>
        </text>
        <name>
          <use value="official"/>
          <family value="Santos"/>
          <given value="Maria Cristina"/>
        </name>
        <telecom>
          <system value="phone"/>
          <value value="+63-917-555-0101"/>
        </telecom>
      </Practitioner>
    </resource>
  </entry>
  <entry>
    <fullUrl value="urn:uuid:0d4b77fa-4517-40f9-8b6f-3449b8ce1e74"/>
    <resource>
      <Observation>
        <id value="rs-bundle-example-observation-injury-intent"/>
        <meta>
          <profile value="https://build.fhir.org/ig/UPM-NTHC/PH-RoadSafetyIG/StructureDefinition/rs-observation-injury-intent"/>
        </meta>
        <text>
          <status value="generated"/><div xmlns="http://www.w3.org/1999/xhtml"><a name="Observation_rs-bundle-example-observation-injury-intent"> </a><p class="res-header-id"><b>Generated Narrative: Observation rs-bundle-example-observation-injury-intent</b></p><a name="rs-bundle-example-observation-injury-intent"> </a><a name="hcrs-bundle-example-observation-injury-intent"> </a><div style="display: inline-block; background-color: #d9e0e7; padding: 6px; margin: 4px; border: 1px solid #8da1b4; border-radius: 5px; line-height: 60%"><p style="margin-bottom: 0px"/><p style="margin-bottom: 0px">Profile: <a href="StructureDefinition-rs-observation-injury-intent.html">RS Observation - Injury Intent</a></p></div><p><b>status</b>: Final</p><p><b>code</b>: <span title="Codes:{http://loinc.org 11375-3}">Injury intent</span></p><p><b>subject</b>: <a href="Patient-rs-bundle-example-patient.html">Thomas Niccolo Filamor Reyes (official) Male, DoB: 1990-01-01</a></p><p><b>encounter</b>: <a href="Encounter-rs-bundle-example-encounter.html">Encounter: identifier = Incident number: INC-2025-0102,Patient hospital visit number (observable entity): HCN-2025-1120; status = finished; class = ER (LOINC#LA10268-3); period = 2025-10-31 15:18:00+0800 --&gt; 2025-10-31 16:30:00+0800</a></p><p><b>effective</b>: 2025-10-31 15:20:00+0800</p><p><b>value</b>: <span title="Codes:{http://snomed.info/sct 242056005}">Unintentional/Accidental</span></p></div>
        </text>
        <status value="final"/>
        <code>
          <coding>
            <system value="http://loinc.org"/>
            <code value="11375-3"/>
            <display value="Injury intent"/>
          </coding>
        </code>
        <subject>
          <reference value="Patient/rs-bundle-example-patient"/>
        </subject>
        <encounter>
          <reference value="Encounter/rs-bundle-example-encounter"/>
        </encounter>
        <effectiveDateTime value="2025-10-31T15:20:00+08:00"/>
        <valueCodeableConcept>
          <coding>
            <system value="http://snomed.info/sct"/>
            <version value="http://snomed.info/sct/900000000000207008/version/20241001"/>
            <code value="242056005"/>
            <display value="Unintentional/Accidental"/>
          </coding>
        </valueCodeableConcept>
      </Observation>
    </resource>
  </entry>
  <entry>
    <fullUrl value="urn:uuid:1a0a1cf3-613a-4553-a5c5-2d4691a19fcd"/>
    <resource>
      <Observation>
        <id value="rs-bundle-example-observation-injury-datetime"/>
        <meta>
          <profile value="https://build.fhir.org/ig/UPM-NTHC/PH-RoadSafetyIG/StructureDefinition/rs-observation-injury-datetime"/>
        </meta>
        <text>
          <status value="generated"/><div xmlns="http://www.w3.org/1999/xhtml"><a name="Observation_rs-bundle-example-observation-injury-datetime"> </a><p class="res-header-id"><b>Generated Narrative: Observation rs-bundle-example-observation-injury-datetime</b></p><a name="rs-bundle-example-observation-injury-datetime"> </a><a name="hcrs-bundle-example-observation-injury-datetime"> </a><div style="display: inline-block; background-color: #d9e0e7; padding: 6px; margin: 4px; border: 1px solid #8da1b4; border-radius: 5px; line-height: 60%"><p style="margin-bottom: 0px"/><p style="margin-bottom: 0px">Profile: <a href="StructureDefinition-rs-observation-injury-datetime.html">RS Observation - Date/Time of Injury</a></p></div><p><b>status</b>: Final</p><p><b>code</b>: <span title="Codes:{http://snomed.info/sct 439771001}">Date of event (observable entity)</span></p><p><b>subject</b>: <a href="Patient-rs-bundle-example-patient.html">Thomas Niccolo Filamor Reyes (official) Male, DoB: 1990-01-01</a></p><p><b>encounter</b>: <a href="Encounter-rs-bundle-example-encounter.html">Encounter: identifier = Incident number: INC-2025-0102,Patient hospital visit number (observable entity): HCN-2025-1120; status = finished; class = ER (LOINC#LA10268-3); period = 2025-10-31 15:18:00+0800 --&gt; 2025-10-31 16:30:00+0800</a></p><p><b>effective</b>: 2025-10-31 15:18:00+0800</p><p><b>value</b>: 2025-10-31 15:05:00+0800</p></div>
        </text>
        <status value="final"/>
        <code>
          <coding>
            <system value="http://snomed.info/sct"/>
            <version value="http://snomed.info/sct/900000000000207008/version/20241001"/>
            <code value="439771001"/>
            <display value="Date of event (observable entity)"/>
          </coding>
        </code>
        <subject>
          <reference value="Patient/rs-bundle-example-patient"/>
        </subject>
        <encounter>
          <reference value="Encounter/rs-bundle-example-encounter"/>
        </encounter>
        <effectiveDateTime value="2025-10-31T15:18:00+08:00"/>
        <valueDateTime value="2025-10-31T15:05:00+08:00"/>
      </Observation>
    </resource>
  </entry>
  <entry>
    <fullUrl value="urn:uuid:2d7a9f05-1c31-421a-87fb-e919a962f84a"/>
    <resource>
      <Observation>
        <id value="rs-bundle-example-observation-transport-accident"/>
        <meta>
          <profile value="https://build.fhir.org/ig/UPM-NTHC/PH-RoadSafetyIG/StructureDefinition/rs-observation-transport-vehicular-accident"/>
        </meta>
        <text>
          <status value="generated"/><div xmlns="http://www.w3.org/1999/xhtml"><a name="Observation_rs-bundle-example-observation-transport-accident"> </a><p class="res-header-id"><b>Generated Narrative: Observation rs-bundle-example-observation-transport-accident</b></p><a name="rs-bundle-example-observation-transport-accident"> </a><a name="hcrs-bundle-example-observation-transport-accident"> </a><div style="display: inline-block; background-color: #d9e0e7; padding: 6px; margin: 4px; border: 1px solid #8da1b4; border-radius: 5px; line-height: 60%"><p style="margin-bottom: 0px"/><p style="margin-bottom: 0px">Profile: <a href="StructureDefinition-rs-observation-transport-vehicular-accident.html">RS Observation - Transport/Vehicular Accident</a></p></div><p><b>status</b>: Final</p><p><b>code</b>: <span title="Codes:{http://snomed.info/sct 274215009}">Transport accident (event)</span></p><p><b>subject</b>: <a href="Patient-rs-bundle-example-patient.html">Thomas Niccolo Filamor Reyes (official) Male, DoB: 1990-01-01</a></p><p><b>encounter</b>: <a href="Encounter-rs-bundle-example-encounter.html">Encounter: identifier = Incident number: INC-2025-0102,Patient hospital visit number (observable entity): HCN-2025-1120; status = finished; class = ER (LOINC#LA10268-3); period = 2025-10-31 15:18:00+0800 --&gt; 2025-10-31 16:30:00+0800</a></p><p><b>effective</b>: 2025-10-31 15:22:00+0800</p><p><b>value</b>: true</p></div>
        </text>
        <status value="final"/>
        <code>
          <coding>
            <system value="http://snomed.info/sct"/>
            <version value="http://snomed.info/sct/900000000000207008/version/20241001"/>
            <code value="274215009"/>
            <display value="Transport accident (event)"/>
          </coding>
        </code>
        <subject>
          <reference value="Patient/rs-bundle-example-patient"/>
        </subject>
        <encounter>
          <reference value="Encounter/rs-bundle-example-encounter"/>
        </encounter>
        <effectiveDateTime value="2025-10-31T15:22:00+08:00"/>
        <valueBoolean value="true"/>
      </Observation>
    </resource>
  </entry>
  <entry>
    <fullUrl value="urn:uuid:43ec94f2-1ebb-4b46-9252-127a5c5d9c40"/>
    <resource>
      <Observation>
        <id value="rs-bundle-example-observation-mode-transport"/>
        <meta>
          <profile value="https://build.fhir.org/ig/UPM-NTHC/PH-RoadSafetyIG/StructureDefinition/rs-observation-mode-of-transport"/>
        </meta>
        <text>
          <status value="generated"/><div xmlns="http://www.w3.org/1999/xhtml"><a name="Observation_rs-bundle-example-observation-mode-transport"> </a><p class="res-header-id"><b>Generated Narrative: Observation rs-bundle-example-observation-mode-transport</b></p><a name="rs-bundle-example-observation-mode-transport"> </a><a name="hcrs-bundle-example-observation-mode-transport"> </a><div style="display: inline-block; background-color: #d9e0e7; padding: 6px; margin: 4px; border: 1px solid #8da1b4; border-radius: 5px; line-height: 60%"><p style="margin-bottom: 0px"/><p style="margin-bottom: 0px">Profile: <a href="StructureDefinition-rs-observation-mode-of-transport.html">RS Observation - Mode of Transport to Facility</a></p></div><p><b>status</b>: Final</p><p><b>code</b>: <span title="Codes:{http://loinc.org 74286-6}">Transport mode to hospital [NTDS]</span></p><p><b>subject</b>: <a href="Patient-rs-bundle-example-patient.html">Thomas Niccolo Filamor Reyes (official) Male, DoB: 1990-01-01</a></p><p><b>encounter</b>: <a href="Encounter-rs-bundle-example-encounter.html">Encounter: identifier = Incident number: INC-2025-0102,Patient hospital visit number (observable entity): HCN-2025-1120; status = finished; class = ER (LOINC#LA10268-3); period = 2025-10-31 15:18:00+0800 --&gt; 2025-10-31 16:30:00+0800</a></p><p><b>effective</b>: 2025-10-31 15:24:00+0800</p><p><b>value</b>: <span title="Codes:{http://snomed.info/sct 49122002}">Ambulance</span></p></div>
        </text>
        <status value="final"/>
        <code>
          <coding>
            <system value="http://loinc.org"/>
            <code value="74286-6"/>
            <display value="Transport mode to hospital [NTDS]"/>
          </coding>
        </code>
        <subject>
          <reference value="Patient/rs-bundle-example-patient"/>
        </subject>
        <encounter>
          <reference value="Encounter/rs-bundle-example-encounter"/>
        </encounter>
        <effectiveDateTime value="2025-10-31T15:24:00+08:00"/>
        <valueCodeableConcept>
          <coding>
            <system value="http://snomed.info/sct"/>
            <version value="http://snomed.info/sct/900000000000207008/version/20241001"/>
            <code value="49122002"/>
            <display value="Ambulance"/>
          </coding>
        </valueCodeableConcept>
      </Observation>
    </resource>
  </entry>
  <entry>
    <fullUrl value="urn:uuid:6cc6c44d-b57b-4cc2-b6ff-07bc5d01d6ab"/>
    <resource>
      <Coverage>
        <id value="rs-bundle-example-coverage"/>
        <text>
          <status value="generated"/><div xmlns="http://www.w3.org/1999/xhtml"><a name="Coverage_rs-bundle-example-coverage"> </a><p class="res-header-id"><b>Generated Narrative: Coverage rs-bundle-example-coverage</b></p><a name="rs-bundle-example-coverage"> </a><a name="hcrs-bundle-example-coverage"> </a><p><b>status</b>: Active</p><p><b>type</b>: <span title="Codes:{http://terminology.hl7.org/CodeSystem/v3-ActCode EHCPOL}">extended healthcare</span></p><p><b>beneficiary</b>: <a href="Patient-rs-bundle-example-patient.html">Thomas Niccolo Filamor Reyes (official) Male, DoB: 1990-01-01</a></p><p><b>period</b>: 2025-01-01 --&gt; 2025-12-31</p><p><b>payor</b>: <a href="Organization-rs-bundle-example-organization.html">Organization MetroCare EMS</a></p></div>
        </text>
        <status value="active"/>
        <type>
          <coding>
            <system value="http://terminology.hl7.org/CodeSystem/v3-ActCode"/>
            <code value="EHCPOL"/>
            <display value="extended healthcare"/>
          </coding>
        </type>
        <beneficiary>
          <reference value="Patient/rs-bundle-example-patient"/>
        </beneficiary>
        <period>
          <start value="2025-01-01"/>
          <end value="2025-12-31"/>
        </period>
        <payor>
          <reference value="Organization/rs-bundle-example-organization"/>
        </payor>
      </Coverage>
    </resource>
  </entry>
</Bundle>