<?xml version="1.0" encoding="UTF-8"?>

<Composition xmlns="http://hl7.org/fhir">
  <id value="rs-bundle-example-composition-oneiss"/>
  <meta>
    <profile value="https://build.fhir.org/ig/UPM-NTHC/PH-RoadSafetyIG/StructureDefinition/rs-composition-oneiss"/>
  </meta>
  <text>
    <status value="generated"/><div xmlns="http://www.w3.org/1999/xhtml"><p class="res-header-id"><b>Generated Narrative: Composition rs-bundle-example-composition-oneiss</b></p><a name="rs-bundle-example-composition-oneiss"> </a><a name="hcrs-bundle-example-composition-oneiss"> </a><div style="display: inline-block; background-color: #d9e0e7; padding: 6px; margin: 4px; border: 1px solid #8da1b4; border-radius: 5px; line-height: 60%"><p style="margin-bottom: 0px"/><p style="margin-bottom: 0px">Profile: <a href="StructureDefinition-rs-composition-oneiss.html">RS Composition — ONEISS Submission</a></p></div><p><b>status</b>: Final</p><p><b>type</b>: <span title="Codes:{http://loinc.org 11348-0}">Emergency department note</span></p><p><b>encounter</b>: <a href="Encounter-rs-bundle-example-encounter.html">Encounter: identifier = Incident number: INC-2025-0102,Patient hospital visit number (observable entity): HCN-2025-1120; status = finished; class = ER (LOINC#LA10268-3); period = 2025-10-31 15:18:00+0800 --&gt; 2025-10-31 16:30:00+0800</a></p><p><b>date</b>: 2025-11-01 10:00:00+0800</p><p><b>author</b>: <a href="Practitioner-rs-bundle-example-practitioner-receiver.html">Practitioner Maria Cristina Santos (official)</a></p><p><b>title</b>: DOH Central ER – ONEISS Submission</p></div>
  </text>
  <status value="final"/>
  <type>
    <coding>
      <system value="http://loinc.org"/>
      <code value="11348-0"/>
      <display value="Emergency department note"/>
    </coding>
  </type>
  <subject>
    <reference value="Patient/rs-bundle-example-patient"/>
  </subject>
  <encounter>
    <reference value="Encounter/rs-bundle-example-encounter"/>
  </encounter>
  <date value="2025-11-01T10:00:00+08:00"/>
  <author>
    <reference value="Practitioner/rs-bundle-example-practitioner-receiver"/>
  </author>
  <title value="DOH Central ER – ONEISS Submission"/>
  <section>
    <entry>
      <reference value="Patient/rs-bundle-example-patient"/>
    </entry>
  </section>
  <section>
    <entry>
      <reference value="Encounter/rs-bundle-example-encounter"/>
    </entry>
  </section>
  <section>
    <title value="Clinical"/>
    <code>
      <coding>
        <system value="http://loinc.org"/>
        <code value="8648-8"/>
        <display value="Emergency department clinical impressions"/>
      </coding>
    </code>
    <entry>
      <reference value="Condition/rs-bundle-example-condition-initial-impression"/>
    </entry>
    <entry>
      <reference value="Condition/rs-bundle-example-condition-final-diagnosis"/>
    </entry>
    <entry>
      <reference value="Observation/rs-example-observation-risk-factors"/>
    </entry>
    <entry>
      <reference value="Observation/rs-example-observation-blood-alcohol"/>
    </entry>
    <entry>
      <reference value="Observation/rs-example-observation-condition"/>
    </entry>
    <entry>
      <reference value="Observation/rs-example-observation-status-on-arrival"/>
    </entry>
    <entry>
      <reference value="Observation/rs-example-observation-outcome"/>
    </entry>
    <entry>
      <reference value="Observation/rs-example-observation-transferred"/>
    </entry>
    <entry>
      <reference value="Observation/rs-example-observation-referred"/>
    </entry>
  </section>
  <section>
    <title value="Injuries"/>
    <code>
      <coding>
        <system value="http://loinc.org"/>
        <code value="11337-3"/>
        <display value="Hospital admission history and physical note"/>
      </coding>
    </code>
    <entry>
      <reference value="Observation/rs-example-observation-multiple-injuries"/>
    </entry>
    <entry>
      <reference value="Observation/rs-example-observation-abrasion"/>
    </entry>
    <entry>
      <reference value="Observation/rs-example-observation-avulsion"/>
    </entry>
    <entry>
      <reference value="Observation/rs-example-observation-nature-burns"/>
    </entry>
    <entry>
      <reference value="Observation/rs-example-observation-concussion"/>
    </entry>
    <entry>
      <reference value="Observation/rs-example-observation-contusion"/>
    </entry>
    <entry>
      <reference value="Observation/rs-example-observation-fracture"/>
    </entry>
    <entry>
      <reference value="Observation/rs-example-observation-open-wound"/>
    </entry>
    <entry>
      <reference value="Observation/rs-example-observation-traumatic-amputation"/>
    </entry>
    <entry>
      <reference value="Observation/rs-example-observation-other-injury"/>
    </entry>
  </section>
  <section>
    <title value="Incident"/>
    <code>
      <coding>
        <system value="http://loinc.org"/>
        <code value="11307-9"/>
        <display value="Injury history narrative"/>
      </coding>
    </code>
    <entry>
      <reference value="Observation/rs-example-observation-injury-datetime"/>
    </entry>
    <entry>
      <reference value="Observation/rs-example-observation-injury-intent"/>
    </entry>
    <entry>
      <reference value="Observation/rs-example-observation-transport-accident"/>
    </entry>
    <entry>
      <reference value="Observation/rs-example-observation-mode-transport"/>
    </entry>
    <entry>
      <reference value="Observation/rs-example-observation-collision-vs-noncollision"/>
    </entry>
    <entry>
      <reference value="Observation/rs-example-observation-patients-vehicle"/>
    </entry>
    <entry>
      <reference value="Observation/rs-example-observation-other-vehicle"/>
    </entry>
    <entry>
      <reference value="Observation/rs-example-observation-position-of-patient"/>
    </entry>
    <entry>
      <reference value="Observation/rs-example-observation-how-many-vehicles"/>
    </entry>
    <entry>
      <reference value="Observation/rs-example-observation-place-of-occurrence"/>
    </entry>
    <entry>
      <reference value="Observation/rs-example-observation-activity-at-incident"/>
    </entry>
    <entry>
      <reference value="Observation/rs-example-observation-safety-accessories"/>
    </entry>
    <entry>
      <reference value="Observation/rs-example-observation-triage"/>
    </entry>
    <entry>
      <reference value="Observation/rs-example-observation-urgency"/>
    </entry>
  </section>
  <section>
    <title value="Documents / Evidence"/>
    <code>
      <coding>
        <system value="http://loinc.org"/>
        <code value="55109-3"/>
        <display value="Clinical attachments"/>
      </coding>
    </code>
    <entry>
      <reference value="DocumentReference/rs-bundle-example-documentreference"/>
    </entry>
  </section>
  <section>
    <title value="External Causes"/>
    <code>
      <coding>
        <system value="http://loinc.org"/>
        <code value="11346-6"/>
        <display value="External cause of injury narrative"/>
      </coding>
    </code>
    <entry>
      <reference value="Observation/rs-example-observation-ec-bites"/>
    </entry>
    <entry>
      <reference value="Observation/rs-example-observation-ec-burns"/>
    </entry>
    <entry>
      <reference value="Observation/rs-example-observation-ec-chemical"/>
    </entry>
    <entry>
      <reference value="Observation/rs-example-observation-ec-sharp"/>
    </entry>
    <entry>
      <reference value="Observation/rs-example-observation-ec-drowning"/>
    </entry>
    <entry>
      <reference value="Observation/rs-example-observation-ec-forces"/>
    </entry>
    <entry>
      <reference value="Observation/rs-example-observation-ec-fall"/>
    </entry>
    <entry>
      <reference value="Observation/rs-example-observation-ec-firecracker"/>
    </entry>
    <entry>
      <reference value="Observation/rs-example-observation-ec-gunshot"/>
    </entry>
    <entry>
      <reference value="Observation/rs-example-observation-ec-hanging"/>
    </entry>
    <entry>
      <reference value="Observation/rs-example-observation-ec-mauling"/>
    </entry>
    <entry>
      <reference value="Observation/rs-example-observation-ec-sexual-assault"/>
    </entry>
    <entry>
      <reference value="Observation/rs-example-observation-ec-other"/>
    </entry>
  </section>
  <section>
    <title value="Procedures and Workflow"/>
    <code>
      <coding>
        <system value="http://loinc.org"/>
        <code value="8714-3"/>
        <display value="Procedures"/>
      </coding>
    </code>
    <entry>
      <reference value="Procedure/rs-bundle-example-procedure-education"/>
    </entry>
    <entry>
      <reference value="Procedure/rs-bundle-example-procedure-transport"/>
    </entry>
    <entry>
      <reference value="ServiceRequest/rs-bundle-example-service-request"/>
    </entry>
  </section>
</Composition>