<?xml version="1.0" encoding="UTF-8"?>

<Composition xmlns="http://hl7.org/fhir">
  <id value="rs-bundle-example-composition-ems"/>
  <meta>
    <profile value="https://build.fhir.org/ig/UPM-NTHC/PH-RoadSafetyIG/StructureDefinition/rs-composition-ems"/>
  </meta>
  <text>
    <status value="generated"/><div xmlns="http://www.w3.org/1999/xhtml"><p class="res-header-id"><b>Generated Narrative: Composition rs-bundle-example-composition-ems</b></p><a name="rs-bundle-example-composition-ems"> </a><a name="hcrs-bundle-example-composition-ems"> </a><div style="display: inline-block; background-color: #d9e0e7; padding: 6px; margin: 4px; border: 1px solid #8da1b4; border-radius: 5px; line-height: 60%"><p style="margin-bottom: 0px"/><p style="margin-bottom: 0px">Profile: <a href="StructureDefinition-rs-composition-ems.html">RS Composition — EMS Submission</a></p></div><p><b>status</b>: Final</p><p><b>type</b>: <span title="Codes:{http://loinc.org 92519-4}">Emergency medical services patient care report</span></p><p><b>encounter</b>: <a href="Encounter-rs-bundle-example-encounter.html">Encounter: identifier = Incident number: INC-2025-0102,Patient hospital visit number (observable entity): HCN-2025-1120; status = finished; class = ER (LOINC#LA10268-3); period = 2025-10-31 15:18:00+0800 --&gt; 2025-10-31 16:30:00+0800</a></p><p><b>date</b>: 2025-10-31 17:15:00+0800</p><p><b>author</b>: <a href="Practitioner-rs-bundle-example-practitioner-teamlead.html">Practitioner Joel Rivera (official)</a></p><p><b>title</b>: EMS Referral to DOH Central ER</p></div>
  </text>
  <status value="final"/>
  <type>
    <coding>
      <system value="http://loinc.org"/>
      <code value="92519-4"/>
      <display value="Emergency medical services patient care report"/>
    </coding>
  </type>
  <subject>
    <reference value="Patient/rs-bundle-example-patient"/>
  </subject>
  <encounter>
    <reference value="Encounter/rs-bundle-example-encounter"/>
  </encounter>
  <date value="2025-10-31T17:15:00+08:00"/>
  <author>
    <reference value="Practitioner/rs-bundle-example-practitioner-teamlead"/>
  </author>
  <title value="EMS Referral to DOH Central ER"/>
  <section>
    <title value="Workflow / Timeline"/>
    <code>
      <coding>
        <system value="http://loinc.org"/>
        <code value="55110-1"/>
        <display value="Emergency medical services response narrative"/>
      </coding>
    </code>
    <entry>
      <reference value="Observation/rs-bundle-example-timeline-date-received"/>
    </entry>
    <entry>
      <reference value="Observation/rs-bundle-example-timeline-time-enroute"/>
    </entry>
    <entry>
      <reference value="Observation/rs-bundle-example-timeline-time-on-scene"/>
    </entry>
    <entry>
      <reference value="Observation/rs-bundle-example-timeline-time-departed"/>
    </entry>
    <entry>
      <reference value="Observation/rs-bundle-example-timeline-time-hospital"/>
    </entry>
    <entry>
      <reference value="Observation/rs-bundle-example-timeline-time-station"/>
    </entry>
    <entry>
      <reference value="Observation/rs-bundle-example-observation-runreport-comments"/>
    </entry>
  </section>
  <section>
    <title value="Incident"/>
    <code>
      <coding>
        <system value="http://loinc.org"/>
        <code value="11307-9"/>
        <display value="Injury history narrative"/>
      </coding>
    </code>
    <entry>
      <reference value="Location/rs-bundle-example-incident-location"/>
    </entry>
    <entry>
      <reference value="Observation/rs-bundle-example-observation-injury-datetime"/>
    </entry>
    <entry>
      <reference value="Observation/rs-bundle-example-observation-injury-intent"/>
    </entry>
    <entry>
      <reference value="Observation/rs-bundle-example-observation-transport-accident"/>
    </entry>
    <entry>
      <reference value="Observation/rs-bundle-example-observation-mode-transport"/>
    </entry>
    <entry>
      <reference value="Observation/rs-bundle-example-observation-reported-complaint"/>
    </entry>
    <entry>
      <reference value="Observation/rs-bundle-example-observation-call-source"/>
    </entry>
  </section>
  <section>
    <title value="Vital signs"/>
    <code>
      <coding>
        <system value="http://loinc.org"/>
        <code value="8716-3"/>
        <display value="Vital signs"/>
      </coding>
    </code>
    <entry>
      <reference value="Observation/rs-bundle-example-observation-respiratory-rate"/>
    </entry>
    <entry>
      <reference value="Observation/rs-bundle-example-observation-pulse-rate"/>
    </entry>
    <entry>
      <reference value="Observation/rs-bundle-example-observation-blood-pressure"/>
    </entry>
    <entry>
      <reference value="Observation/rs-bundle-example-observation-body-temperature"/>
    </entry>
    <entry>
      <reference value="Observation/rs-bundle-example-observation-cyanosis"/>
    </entry>
    <entry>
      <reference value="Observation/rs-bundle-example-observation-gcs"/>
    </entry>
  </section>
  <section>
    <title value="Clinical / Assessment"/>
    <code>
      <coding>
        <system value="http://loinc.org"/>
        <code value="8648-8"/>
        <display value="Emergency department clinical impressions"/>
      </coding>
    </code>
    <entry>
      <reference value="Observation/rs-bundle-example-observation-clinical-remarks"/>
    </entry>
    <entry>
      <reference value="Procedure/rs-bundle-example-procedure-education"/>
    </entry>
  </section>
  <section>
    <title value="Documents / Evidence"/>
    <code>
      <coding>
        <system value="http://loinc.org"/>
        <code value="55109-3"/>
        <display value="Clinical attachments"/>
      </coding>
    </code>
    <entry>
      <reference value="DocumentReference/rs-bundle-example-documentreference"/>
    </entry>
  </section>
  <section>
    <title value="Procedures and Workflow Items"/>
    <code>
      <coding>
        <system value="http://loinc.org"/>
        <code value="8714-3"/>
        <display value="Procedures"/>
      </coding>
    </code>
    <entry>
      <reference value="ServiceRequest/rs-bundle-example-service-request"/>
    </entry>
    <entry>
      <reference value="Task/rs-bundle-example-task"/>
    </entry>
    <entry>
      <reference value="Procedure/rs-bundle-example-procedure-transport"/>
    </entry>
  </section>
</Composition>