<?xml version="1.0" encoding="UTF-8"?>

<Condition xmlns="http://hl7.org/fhir">
  <id value="RSMinimumExampleConditionInitial"/>
  <meta>
    <profile value="https://build.fhir.org/ig/UPM-NTHC/PH-RoadSafetyIG/StructureDefinition/rs-condition-initial-impression"/>
  </meta>
  <text>
    <status value="generated"/><div xmlns="http://www.w3.org/1999/xhtml"><p class="res-header-id"><b>Generated Narrative: Condition RSMinimumExampleConditionInitial</b></p><a name="RSMinimumExampleConditionInitial"> </a><a name="hcRSMinimumExampleConditionInitial"> </a><div style="display: inline-block; background-color: #d9e0e7; padding: 6px; margin: 4px; border: 1px solid #8da1b4; border-radius: 5px; line-height: 60%"><p style="margin-bottom: 0px"/><p style="margin-bottom: 0px">Profile: <a href="StructureDefinition-rs-condition-initial-impression.html">RS Condition — Initial Impression</a></p></div><p><b>clinicalStatus</b>: <span title="Codes:{http://terminology.hl7.org/CodeSystem/condition-clinical active}">Active</span></p><p><b>verificationStatus</b>: <span title="Codes:{http://terminology.hl7.org/CodeSystem/condition-ver-status provisional}">Provisional</span></p><p><b>code</b>: <span title="Codes:{http://snomed.info/sct 125605004}">Injury of multiple body regions (disorder)</span></p><p><b>subject</b>: <a href="Bundle-RSMinimumExampleBundle.html#urn-uuid-aaaa1111-bbbb-cccc-dddd-eeeeffff0001">Thomas Niccolo Filamor Reyes (official) Male, DoB: 1990-01-01</a></p><p><b>encounter</b>: <a href="Bundle-RSMinimumExampleBundle.html#urn-uuid-aaaa1111-bbbb-cccc-dddd-eeeeffff0002">Encounter: identifier = http://doh.incident.system/#INC-2025-0102,http://doh.hospitalno.system/#HCN-2025-1120; status = finished; class = ER (LOINC#LA10268-3); period = 2025-11-08 14:30:00+0800 --&gt; 2025-11-08 16:45:00+0800</a></p><p><b>onset</b>: 2025-11-08 14:30:00+0800</p></div>
  </text>
  <clinicalStatus>
    <coding>
      <system value="http://terminology.hl7.org/CodeSystem/condition-clinical"/>
      <code value="active"/>
    </coding>
  </clinicalStatus>
  <verificationStatus>
    <coding>
      <system value="http://terminology.hl7.org/CodeSystem/condition-ver-status"/>
      <code value="provisional"/>
    </coding>
  </verificationStatus>
  <code>
    <coding>
      <system value="http://snomed.info/sct"/>
      <version value="http://snomed.info/sct/900000000000207008/version/20241001"/>
      <code value="125605004"/>
      <display value="Injury of multiple body regions (disorder)"/>
    </coding>
  </code>
  <subject>
    <reference value="urn:uuid:aaaa1111-bbbb-cccc-dddd-eeeeffff0001"/>
  </subject>
  <encounter>
    <reference value="urn:uuid:aaaa1111-bbbb-cccc-dddd-eeeeffff0002"/>
  </encounter>
  <onsetDateTime value="2025-11-08T14:30:00+08:00"/>
</Condition>