<?xml version="1.0" encoding="UTF-8"?>

<DocumentReference xmlns="http://hl7.org/fhir">
  <id value="rs-bundle-example-documentreference"/>
  <meta>
    <profile value="https://build.fhir.org/ig/UPM-NTHC/PH-RoadSafetyIG/StructureDefinition/rs-document-reference"/>
  </meta>
  <text>
    <status value="generated"/><div xmlns="http://www.w3.org/1999/xhtml"><p class="res-header-id"><b>Generated Narrative: DocumentReference rs-bundle-example-documentreference</b></p><a name="rs-bundle-example-documentreference"> </a><a name="hcrs-bundle-example-documentreference"> </a><div style="display: inline-block; background-color: #d9e0e7; padding: 6px; margin: 4px; border: 1px solid #8da1b4; border-radius: 5px; line-height: 60%"><p style="margin-bottom: 0px"/><p style="margin-bottom: 0px">Profile: <a href="StructureDefinition-rs-document-reference.html">RS DocumentReference (Evidence)</a></p></div><p><b>status</b>: Current</p><p><b>type</b>: <span title="Codes:{http://loinc.org 18748-4}">Document image</span></p><p><b>subject</b>: <a href="Patient-rs-bundle-example-patient.html">Thomas Niccolo Filamor Reyes (official) Male, DoB: 1990-01-01</a></p><blockquote><p><b>content</b></p><h3>Attachments</h3><table class="grid"><tr><td style="display: none">-</td><td><b>ContentType</b></td><td><b>Url</b></td><td><b>Title</b></td></tr><tr><td style="display: none">*</td><td>image/jpeg</td><td><a href="https://example.org/fhir/Binary/ems-crash-photo">https://example.org/fhir/Binary/ems-crash-photo</a></td><td>Intersection scene photo</td></tr></table><p><b>format</b>: formatcodes: urn:ihe:pcc:dsr:2016 (urn:ihe:pcc:dsr:2016)</p></blockquote><h3>Contexts</h3><table class="grid"><tr><td style="display: none">-</td><td><b>Encounter</b></td></tr><tr><td style="display: none">*</td><td><a href="Encounter-rs-bundle-example-encounter.html">Encounter: identifier = Incident number: INC-2025-0102,Patient hospital visit number (observable entity): HCN-2025-1120; status = finished; class = ER (LOINC#LA10268-3); period = 2025-10-31 15:18:00+0800 --&gt; 2025-10-31 16:30:00+0800</a></td></tr></table></div>
  </text>
  <status value="current"/>
  <type>
    <coding>
      <system value="http://loinc.org"/>
      <code value="18748-4"/>
      <display value="Document image"/>
    </coding>
  </type>
  <subject>
    <reference value="Patient/rs-bundle-example-patient"/>
  </subject>
  <content>
    <attachment>
      <contentType value="image/jpeg"/>
      <url value="https://example.org/fhir/Binary/ems-crash-photo"/>
      <title value="Intersection scene photo"/>
    </attachment>
    <format>
      <system value="http://terminology.hl7.org/CodeSystem/formatcodes"/>
      <code value="urn:ihe:pcc:dsr:2016"/>
    </format>
  </content>
  <context>
    <encounter>
      <reference value="Encounter/rs-bundle-example-encounter"/>
    </encounter>
  </context>
</DocumentReference>