<?xml version="1.0" encoding="UTF-8"?>

<Location xmlns="http://hl7.org/fhir">
  <id value="rs-example-incident-location"/>
  <meta>
    <profile value="https://build.fhir.org/ig/UPM-NTHC/PH-RoadSafetyIG/StructureDefinition/rs-incident-location-incident"/>
  </meta>
  <text>
    <status value="generated"/><div xmlns="http://www.w3.org/1999/xhtml">Collision site along Epifanio de los Santos Avenue near Ayala Avenue, Makati City.</div>
  </text>
  <name value="EDSA - Ayala Southbound"/>
  <address>
    <use value="work"/>
    <line value="Epifanio de los Santos Ave"/>
    <city value="Makati City"/>
    <district value="Barangay San Lorenzo"/>
    <state value="NCR"/>
    <postalCode value="1223"/>
    <country value="PH"/>
  </address>
  <position>
    <longitude value="121.0225"/>
    <latitude value="14.5513"/>
  </position>
</Location>