<?xml version="1.0" encoding="UTF-8"?>

<Location xmlns="http://hl7.org/fhir">
  <id value="Example-RS-Scene-Location"/>
  <meta>
    <profile value="urn://example.com/ph-core/fhir/StructureDefinition/ph-core-location"/>
  </meta>
  <text>
    <status value="generated"/><div xmlns="http://www.w3.org/1999/xhtml"><p class="res-header-id"><b>Generated Narrative: Location Example-RS-Scene-Location</b></p><a name="Example-RS-Scene-Location"> </a><a name="hcExample-RS-Scene-Location"> </a><div style="display: inline-block; background-color: #d9e0e7; padding: 6px; margin: 4px; border: 1px solid #8da1b4; border-radius: 5px; line-height: 60%"><p style="margin-bottom: 0px"/><p style="margin-bottom: 0px">Profile: <a href="https://build.fhir.org/ig/UP-Manila-SILab/ph-core/StructureDefinition-ph-core-location.html">PH Core Location</a></p></div><p><b>status</b>: Active</p><p><b>name</b>: Accident Scene - Corner of EDSA and Main St</p><p><b>mode</b>: Instance</p><p><b>address</b>: Corner of EDSA and Main St, Barangay 123, Quezon City, NCR, Philippines</p><h3>Positions</h3><table class="grid"><tr><td style="display: none">-</td><td><b>Longitude</b></td><td><b>Latitude</b></td></tr><tr><td style="display: none">*</td><td>121.0345</td><td>14.6512</td></tr></table></div>
  </text>
  <status value="active"/>
  <name value="Accident Scene - Corner of EDSA and Main St"/>
  <mode value="instance"/>
  <address>
    <text value="Corner of EDSA and Main St, Barangay 123, Quezon City, NCR, Philippines"/>
  </address>
  <position>
    <longitude value="121.0345"/>
    <latitude value="14.6512"/>
  </position>
</Location>