<?xml version="1.0" encoding="UTF-8"?>

<Location xmlns="http://hl7.org/fhir">
  <id value="rs-minimum-example-location"/>
  <meta>
    <profile value="https://build.fhir.org/ig/UPM-NTHC/PH-RoadSafetyIG/StructureDefinition/rs-incident-location-incident"/>
  </meta>
  <text>
    <status value="generated"/><div xmlns="http://www.w3.org/1999/xhtml"><p class="res-header-id"><b>Generated Narrative: Location rs-minimum-example-location</b></p><a name="rs-minimum-example-location"> </a><a name="hcrs-minimum-example-location"> </a><div style="display: inline-block; background-color: #d9e0e7; padding: 6px; margin: 4px; border: 1px solid #8da1b4; border-radius: 5px; line-height: 60%"><p style="margin-bottom: 0px"/><p style="margin-bottom: 0px">Profile: <a href="StructureDefinition-rs-incident-location-incident.html">RS Incident Location</a></p></div><p><b>description</b>: Incident at the corner of EDSA and Ayala Avenue</p><p><b>address</b>: EDSA corner Ayala Avenue Makati PH </p></div>
  </text>
  <description value="Incident at the corner of EDSA and Ayala Avenue"/>
  <address>
    <line value="EDSA corner Ayala Avenue"/>
    <city value="Makati"/>
    <country value="PH"/>
  </address>
</Location>