<?xml version="1.0" encoding="UTF-8"?>

<Location xmlns="http://hl7.org/fhir">
  <id value="Example-RS-Hospital-Location"/>
  <meta>
    <profile value="urn://example.com/ph-core/fhir/StructureDefinition/ph-core-location"/>
  </meta>
  <text>
    <status value="generated"/><div xmlns="http://www.w3.org/1999/xhtml"><p class="res-header-id"><b>Generated Narrative: Location Example-RS-Hospital-Location</b></p><a name="Example-RS-Hospital-Location"> </a><a name="hcExample-RS-Hospital-Location"> </a><div style="display: inline-block; background-color: #d9e0e7; padding: 6px; margin: 4px; border: 1px solid #8da1b4; border-radius: 5px; line-height: 60%"><p style="margin-bottom: 0px"/><p style="margin-bottom: 0px">Profile: <a href="https://build.fhir.org/ig/UP-Manila-SILab/ph-core/StructureDefinition-ph-core-location.html">PH Core Location</a></p></div><p><b>status</b>: Active</p><p><b>name</b>: City General Hospital - Emergency Department</p><p><b>mode</b>: Instance</p><p><b>address</b>: 123 Health Avenue, Quezon City, NCR, Philippines</p><p><b>managingOrganization</b>: <a href="Organization-hospital-example.html">Organization City General Hospital</a></p></div>
  </text>
  <status value="active"/>
  <name value="City General Hospital - Emergency Department"/>
  <mode value="instance"/>
  <address>
    <text value="123 Health Avenue, Quezon City, NCR, Philippines"/>
  </address>
  <managingOrganization>
    <reference value="Organization/hospital-example"/>
  </managingOrganization>
</Location>