<?xml version="1.0" encoding="UTF-8"?>

<Observation xmlns="http://hl7.org/fhir">
  <id value="rs-minimum-example-obs-nature-burns"/>
  <meta>
    <profile value="https://build.fhir.org/ig/UPM-NTHC/PH-RoadSafetyIG/StructureDefinition/rs-observation-nature-burns"/>
  </meta>
  <text>
    <status value="generated"/><div xmlns="http://www.w3.org/1999/xhtml"><p class="res-header-id"><b>Generated Narrative: Observation rs-minimum-example-obs-nature-burns</b></p><a name="rs-minimum-example-obs-nature-burns"> </a><a name="hcrs-minimum-example-obs-nature-burns"> </a><div style="display: inline-block; background-color: #d9e0e7; padding: 6px; margin: 4px; border: 1px solid #8da1b4; border-radius: 5px; line-height: 60%"><p style="margin-bottom: 0px"/><p style="margin-bottom: 0px">Profile: <a href="StructureDefinition-rs-observation-nature-burns.html">RS Observation - External Cause: Burns</a></p></div><p><b>status</b>: Final</p><p><b>code</b>: <span title="Codes:{http://snomed.info/sct 125666000}">Burn (disorder)</span></p><p><b>subject</b>: <a href="Bundle-rs-minimum-example-bundle.html#urn-uuid-aaaa1111-bbbb-cccc-dddd-eeeeffff0001">Thomas Niccolo Filamor Reyes (official) Male, DoB: 1990-01-01</a></p><p><b>encounter</b>: <a href="Bundle-rs-minimum-example-bundle.html#urn-uuid-aaaa1111-bbbb-cccc-dddd-eeeeffff0002">Encounter: identifier = http://doh.incident.system/#INC-2025-0102,http://doh.hospitalno.system/#HCN-2025-1120; status = finished; class = ER (LOINC#LA10268-3); period = 2025-11-08 14:30:00+0800 --&gt; 2025-11-08 16:45:00+0800</a></p><p><b>effective</b>: 2025-11-08 14:35:00+0800</p><p><b>value</b>: true</p><h3>Components</h3><table class="grid"><tr><td style="display: none">-</td><td><b>Code</b></td><td><b>Value[x]</b></td></tr><tr><td style="display: none">*</td><td><span title="Codes:{http://snomed.info/sct 48333001}">Burn injury</span></td><td><span title="Codes:{http://snomed.info/sct 284486004}">Second degree burns</span></td></tr></table></div>
  </text>
  <status value="final"/>
  <code>
    <coding>
      <system value="http://snomed.info/sct"/>
      <version value="http://snomed.info/sct/900000000000207008/version/20241001"/>
      <code value="125666000"/>
      <display value="Burn (disorder)"/>
    </coding>
  </code>
  <subject>
    <reference value="urn:uuid:aaaa1111-bbbb-cccc-dddd-eeeeffff0001"/>
  </subject>
  <encounter>
    <reference value="urn:uuid:aaaa1111-bbbb-cccc-dddd-eeeeffff0002"/>
  </encounter>
  <effectiveDateTime value="2025-11-08T14:35:00+08:00"/>
  <valueBoolean value="true"/>
  <component>
    <code>
      <coding>
        <system value="http://snomed.info/sct"/>
        <version value="http://snomed.info/sct/900000000000207008/version/20241001"/>
        <code value="48333001"/>
        <display value="Burn injury"/>
      </coding>
    </code>
    <valueCodeableConcept>
      <coding>
        <system value="http://snomed.info/sct"/>
        <version value="http://snomed.info/sct/900000000000207008/version/20241001"/>
        <code value="284486004"/>
        <display value="Superficial second degree burn (disorder)"/>
      </coding>
      <text value="Second degree burns"/>
    </valueCodeableConcept>
  </component>
</Observation>