<?xml version="1.0" encoding="UTF-8"?>

<Observation xmlns="http://hl7.org/fhir">
  <id value="rs-bundle-example-observation-gcs"/>
  <meta>
    <profile value="https://build.fhir.org/ig/UPM-NTHC/PH-RoadSafetyIG/StructureDefinition/rs-observation-gcs"/>
  </meta>
  <text>
    <status value="generated"/><div xmlns="http://www.w3.org/1999/xhtml"><p class="res-header-id"><b>Generated Narrative: Observation rs-bundle-example-observation-gcs</b></p><a name="rs-bundle-example-observation-gcs"> </a><a name="hcrs-bundle-example-observation-gcs"> </a><div style="display: inline-block; background-color: #d9e0e7; padding: 6px; margin: 4px; border: 1px solid #8da1b4; border-radius: 5px; line-height: 60%"><p style="margin-bottom: 0px"/><p style="margin-bottom: 0px">Profile: <a href="StructureDefinition-rs-observation-gcs.html">RS Observation - Glasgow Coma Scale</a></p></div><p><b>status</b>: Final</p><p><b>code</b>: <span title="Codes:{http://snomed.info/sct 248241002}">Glasgow coma score (observable entity)</span></p><p><b>subject</b>: <a href="Patient-rs-bundle-example-patient.html">Thomas Niccolo Filamor Reyes (official) Male, DoB: 1990-01-01</a></p><p><b>encounter</b>: <a href="Encounter-rs-bundle-example-encounter.html">Encounter: identifier = Incident number: INC-2025-0102,Patient hospital visit number (observable entity): HCN-2025-1120; status = finished; class = ER (LOINC#LA10268-3); period = 2025-10-31 15:18:00+0800 --&gt; 2025-10-31 16:30:00+0800</a></p><p><b>effective</b>: 2025-10-31 16:05:00+0800</p><p><b>value</b>: 15</p><blockquote><p><b>component</b></p><p><b>code</b>: <span title="Codes:{http://snomed.info/sct 281395000}">Glasgow Coma Score eye opening subscore (observable entity)</span></p><p><b>value</b>: <span title="Codes:{http://loinc.org LA6556-0}">4 Spontaneous</span></p></blockquote><blockquote><p><b>component</b></p><p><b>code</b>: <span title="Codes:{http://snomed.info/sct 281397008}">Glasgow Coma Scale verbal response subscore (observable entity)</span></p><p><b>value</b>: <span title="Codes:{http://loinc.org LA6561-0}">5 Oriented</span></p></blockquote><blockquote><p><b>component</b></p><p><b>code</b>: <span title="Codes:{http://snomed.info/sct 281396004}">Glasgow Coma Scale motor response subscore (observable entity)</span></p><p><b>value</b>: <span title="Codes:{http://loinc.org LA6567-7}">6 To command</span></p></blockquote></div>
  </text>
  <status value="final"/>
  <code>
    <coding>
      <system value="http://snomed.info/sct"/>
      <version value="http://snomed.info/sct/900000000000207008/version/20241001"/>
      <code value="248241002"/>
      <display value="Glasgow coma score (observable entity)"/>
    </coding>
  </code>
  <subject>
    <reference value="Patient/rs-bundle-example-patient"/>
  </subject>
  <encounter>
    <reference value="Encounter/rs-bundle-example-encounter"/>
  </encounter>
  <effectiveDateTime value="2025-10-31T16:05:00+08:00"/>
  <valueInteger value="15"/>
  <component>
    <code>
      <coding>
        <system value="http://snomed.info/sct"/>
        <version value="http://snomed.info/sct/900000000000207008/version/20241001"/>
        <code value="281395000"/>
        <display value="Glasgow Coma Score eye opening subscore (observable entity)"/>
      </coding>
    </code>
    <valueCodeableConcept>
      <coding>
        <system value="http://loinc.org"/>
        <code value="LA6556-0"/>
        <display value="4 Spontaneous"/>
      </coding>
    </valueCodeableConcept>
  </component>
  <component>
    <code>
      <coding>
        <system value="http://snomed.info/sct"/>
        <version value="http://snomed.info/sct/900000000000207008/version/20241001"/>
        <code value="281397008"/>
        <display value="Glasgow Coma Scale verbal response subscore (observable entity)"/>
      </coding>
    </code>
    <valueCodeableConcept>
      <coding>
        <system value="http://loinc.org"/>
        <code value="LA6561-0"/>
        <display value="5 Oriented"/>
      </coding>
    </valueCodeableConcept>
  </component>
  <component>
    <code>
      <coding>
        <system value="http://snomed.info/sct"/>
        <version value="http://snomed.info/sct/900000000000207008/version/20241001"/>
        <code value="281396004"/>
        <display value="Glasgow Coma Scale motor response subscore (observable entity)"/>
      </coding>
    </code>
    <valueCodeableConcept>
      <coding>
        <system value="http://loinc.org"/>
        <code value="LA6567-7"/>
        <display value="6 To command"/>
      </coding>
    </valueCodeableConcept>
  </component>
</Observation>