<?xml version="1.0" encoding="UTF-8"?>

<Observation xmlns="http://hl7.org/fhir">
  <id value="rs-bundle-example-timeline-time-on-scene"/>
  <meta>
    <profile value="https://build.fhir.org/ig/UPM-NTHC/PH-RoadSafetyIG/StructureDefinition/rs-observation-timeline-datetime"/>
  </meta>
  <text>
    <status value="generated"/><div xmlns="http://www.w3.org/1999/xhtml"><p class="res-header-id"><b>Generated Narrative: Observation rs-bundle-example-timeline-time-on-scene</b></p><a name="rs-bundle-example-timeline-time-on-scene"> </a><a name="hcrs-bundle-example-timeline-time-on-scene"> </a><div style="display: inline-block; background-color: #d9e0e7; padding: 6px; margin: 4px; border: 1px solid #8da1b4; border-radius: 5px; line-height: 60%"><p style="margin-bottom: 0px"/><p style="margin-bottom: 0px">Profile: <a href="StructureDefinition-rs-observation-timeline-datetime.html">RS Observation - Timeline Date/Time</a></p></div><p><b>status</b>: Final</p><p><b>code</b>: <span title="Codes:{http://snomed.info/sct 405798008}">Time of arrival of emergency services (observable entity)</span></p><p><b>subject</b>: <a href="Patient-rs-bundle-example-patient.html">Thomas Niccolo Filamor Reyes (official) Male, DoB: 1990-01-01</a></p><p><b>encounter</b>: <a href="Encounter-rs-bundle-example-encounter.html">Encounter: identifier = Incident number: INC-2025-0102,Patient hospital visit number (observable entity): HCN-2025-1120; status = finished; class = ER (LOINC#LA10268-3); period = 2025-10-31 15:18:00+0800 --&gt; 2025-10-31 16:30:00+0800</a></p><p><b>effective</b>: 2025-10-31 15:18:00+0800</p><p><b>value</b>: 2025-10-31 15:18:00+0800</p></div>
  </text>
  <status value="final"/>
  <code>
    <coding>
      <system value="http://snomed.info/sct"/>
      <version value="http://snomed.info/sct/900000000000207008/version/20241001"/>
      <code value="405798008"/>
      <display value="Time of arrival of emergency services (observable entity)"/>
    </coding>
  </code>
  <subject>
    <reference value="Patient/rs-bundle-example-patient"/>
  </subject>
  <encounter>
    <reference value="Encounter/rs-bundle-example-encounter"/>
  </encounter>
  <effectiveDateTime value="2025-10-31T15:18:00+08:00"/>
  <valueDateTime value="2025-10-31T15:18:00+08:00"/>
</Observation>