<?xml version="1.0" encoding="UTF-8"?>

<Observation xmlns="http://hl7.org/fhir">
  <id value="rs-bundle-example-observation-respiratory-rate"/>
  <meta>
    <profile value="https://build.fhir.org/ig/UPM-NTHC/PH-RoadSafetyIG/StructureDefinition/rs-observation-respiratory-rate"/>
  </meta>
  <text>
    <status value="generated"/><div xmlns="http://www.w3.org/1999/xhtml"><p class="res-header-id"><b>Generated Narrative: Observation rs-bundle-example-observation-respiratory-rate</b></p><a name="rs-bundle-example-observation-respiratory-rate"> </a><a name="hcrs-bundle-example-observation-respiratory-rate"> </a><div style="display: inline-block; background-color: #d9e0e7; padding: 6px; margin: 4px; border: 1px solid #8da1b4; border-radius: 5px; line-height: 60%"><p style="margin-bottom: 0px"/><p style="margin-bottom: 0px">Profile: <a href="StructureDefinition-rs-observation-respiratory-rate.html">RS Observation - Respiratory Rate</a></p></div><p><b>status</b>: Final</p><p><b>code</b>: <span title="Codes:{http://snomed.info/sct 86290005}">Respiratory rate (observable entity)</span></p><p><b>subject</b>: <a href="Patient-rs-bundle-example-patient.html">Thomas Niccolo Filamor Reyes (official) Male, DoB: 1990-01-01</a></p><p><b>encounter</b>: <a href="Encounter-rs-bundle-example-encounter.html">Encounter: identifier = Incident number: INC-2025-0102,Patient hospital visit number (observable entity): HCN-2025-1120; status = finished; class = ER (LOINC#LA10268-3); period = 2025-10-31 15:18:00+0800 --&gt; 2025-10-31 16:30:00+0800</a></p><p><b>effective</b>: 2025-10-31 15:55:00+0800</p><p><b>value</b>: 18 breaths/minute<span style="background: LightGoldenRodYellow"> (Details: UCUM  code/min = '/min')</span></p><blockquote><p><b>component</b></p><p><b>code</b>: <span title="Codes:{http://snomed.info/sct 248582003}">Rhythm of respiration (observable entity)</span></p><p><b>value</b>: <span title="Codes:{http://snomed.info/sct 5467003}">Regular</span></p></blockquote><blockquote><p><b>component</b></p><p><b>code</b>: <span title="Codes:{http://snomed.info/sct 52653008}">Respiratory sounds (observable entity)</span></p><p><b>value</b>: <span title="Codes:{http://snomed.info/sct 301708006}">Clear</span></p></blockquote></div>
  </text>
  <status value="final"/>
  <code>
    <coding>
      <system value="http://snomed.info/sct"/>
      <version value="http://snomed.info/sct/900000000000207008/version/20241001"/>
      <code value="86290005"/>
      <display value="Respiratory rate (observable entity)"/>
    </coding>
  </code>
  <subject>
    <reference value="Patient/rs-bundle-example-patient"/>
  </subject>
  <encounter>
    <reference value="Encounter/rs-bundle-example-encounter"/>
  </encounter>
  <effectiveDateTime value="2025-10-31T15:55:00+08:00"/>
  <valueQuantity>
    <value value="18"/>
    <unit value="breaths/minute"/>
    <system value="http://unitsofmeasure.org"/>
    <code value="/min"/>
  </valueQuantity>
  <component>
    <code>
      <coding>
        <system value="http://snomed.info/sct"/>
        <version value="http://snomed.info/sct/900000000000207008/version/20241001"/>
        <code value="248582003"/>
        <display value="Rhythm of respiration (observable entity)"/>
      </coding>
    </code>
    <valueCodeableConcept>
      <coding>
        <system value="http://snomed.info/sct"/>
        <version value="http://snomed.info/sct/900000000000207008/version/20241001"/>
        <code value="5467003"/>
        <display value="Regular"/>
      </coding>
    </valueCodeableConcept>
  </component>
  <component>
    <code>
      <coding>
        <system value="http://snomed.info/sct"/>
        <version value="http://snomed.info/sct/900000000000207008/version/20241001"/>
        <code value="52653008"/>
        <display value="Respiratory sounds (observable entity)"/>
      </coding>
    </code>
    <valueCodeableConcept>
      <coding>
        <system value="http://snomed.info/sct"/>
        <version value="http://snomed.info/sct/900000000000207008/version/20241001"/>
        <code value="301708006"/>
        <display value="Clear"/>
      </coding>
    </valueCodeableConcept>
  </component>
</Observation>