<?xml version="1.0" encoding="UTF-8"?>

<Observation xmlns="http://hl7.org/fhir">
  <id value="RSMinimumExampleObsCollisionType"/>
  <meta>
    <profile value="https://build.fhir.org/ig/UPM-NTHC/PH-RoadSafetyIG/StructureDefinition/rs-observation-collision-type"/>
  </meta>
  <text>
    <status value="generated"/><div xmlns="http://www.w3.org/1999/xhtml"><p class="res-header-id"><b>Generated Narrative: Observation RSMinimumExampleObsCollisionType</b></p><a name="RSMinimumExampleObsCollisionType"> </a><a name="hcRSMinimumExampleObsCollisionType"> </a><div style="display: inline-block; background-color: #d9e0e7; padding: 6px; margin: 4px; border: 1px solid #8da1b4; border-radius: 5px; line-height: 60%"><p style="margin-bottom: 0px"/><p style="margin-bottom: 0px">Profile: <a href="StructureDefinition-rs-observation-collision-type.html">RS Observation - Collision Type</a></p></div><p><b>status</b>: Final</p><p><b>code</b>: <span title="Codes:{http://www.roadsafetyph.doh.gov.ph/CodeSystem COLLISIONTYPE}">Collision type</span></p><p><b>subject</b>: <a href="Bundle-RSMinimumExampleBundle.html#urn-uuid-aaaa1111-bbbb-cccc-dddd-eeeeffff0001">Thomas Niccolo Filamor Reyes (official) Male, DoB: 1990-01-01</a></p><p><b>encounter</b>: <a href="Bundle-RSMinimumExampleBundle.html#urn-uuid-aaaa1111-bbbb-cccc-dddd-eeeeffff0002">Encounter: identifier = http://doh.incident.system/#INC-2025-0102,http://doh.hospitalno.system/#HCN-2025-1120; status = finished; class = ER (LOINC#LA10268-3); period = 2025-11-08 14:30:00+0800 --&gt; 2025-11-08 16:45:00+0800</a></p><p><b>effective</b>: 2025-11-08 15:00:00+0800</p><p><b>value</b>: <span title="Codes:">Head-on collision</span></p></div>
  </text>
  <status value="final"/>
  <code>
    <coding>
      <system value="http://www.roadsafetyph.doh.gov.ph/CodeSystem"/>
      <version value="1"/>
      <code value="COLLISIONTYPE"/>
      <display value="Collision type"/>
    </coding>
  </code>
  <subject>
    <reference value="urn:uuid:aaaa1111-bbbb-cccc-dddd-eeeeffff0001"/>
  </subject>
  <encounter>
    <reference value="urn:uuid:aaaa1111-bbbb-cccc-dddd-eeeeffff0002"/>
  </encounter>
  <effectiveDateTime value="2025-11-08T15:00:00+08:00"/>
  <valueCodeableConcept>
    <text value="Head-on collision"/>
  </valueCodeableConcept>
</Observation>