<?xml version="1.0" encoding="UTF-8"?>

<Observation xmlns="http://hl7.org/fhir">
  <id value="rs-example-observation-clinical-remarks"/>
  <meta>
    <profile value="https://build.fhir.org/ig/UPM-NTHC/PH-RoadSafetyIG/StructureDefinition/rs-observation-clinical-remarks"/>
  </meta>
  <text>
    <status value="generated"/><div xmlns="http://www.w3.org/1999/xhtml"><p class="res-header-id"><b>Generated Narrative: Observation rs-example-observation-clinical-remarks</b></p><a name="rs-example-observation-clinical-remarks"> </a><a name="hcrs-example-observation-clinical-remarks"> </a><div style="display: inline-block; background-color: #d9e0e7; padding: 6px; margin: 4px; border: 1px solid #8da1b4; border-radius: 5px; line-height: 60%"><p style="margin-bottom: 0px"/><p style="margin-bottom: 0px">Profile: <a href="StructureDefinition-rs-observation-clinical-remarks.html">RS Observation - Clinical Remarks</a></p></div><p><b>status</b>: Final</p><p><b>code</b>: <span title="Codes:{http://www.roadsafetyph.doh.gov.ph/CodeSystem RRFREMARKS}">Run Report Form Remarks</span></p><p><b>subject</b>: <a href="Patient-rs-example-patient.html">Thomas Niccolo Filamor Reyes (official) Male, DoB: 1990-01-01</a></p><p><b>encounter</b>: <a href="Encounter-rs-example-encounter.html">Encounter: extension = ,; identifier = Account number,Patient hospital visit number (observable entity): HCN-2025-0459; status = finished; class = ER (LOINC#LA10268-3); period = 2025-10-31 13:45:00+0800 --&gt; 2025-10-31 16:30:00+0800</a></p><p><b>effective</b>: 2025-10-31 16:56:00+0800</p><p><b>note</b>: </p><blockquote><div><p>No complications during transport; continue monitoring vitals.</p>
</div></blockquote></div>
  </text>
  <status value="final"/>
  <code>
    <coding>
      <system value="http://www.roadsafetyph.doh.gov.ph/CodeSystem"/>
      <version value="1"/>
      <code value="RRFREMARKS"/>
      <display value="Run Report Form Remarks"/>
    </coding>
  </code>
  <subject>
    <reference value="Patient/rs-example-patient"/>
  </subject>
  <encounter>
    <reference value="Encounter/rs-example-encounter"/>
  </encounter>
  <effectiveDateTime value="2025-10-31T16:56:00+08:00"/>
  <note>
    <text value="No complications during transport; continue monitoring vitals."/>
  </note>
</Observation>