<?xml version="1.0" encoding="UTF-8"?>

<Organization xmlns="http://hl7.org/fhir">
  <id value="rs-organization-single-ex"/>
  <meta>
    <profile value="https://build.fhir.org/ig/UPM-NTHC/PH-RoadSafetyIG/StructureDefinition/rs-organization"/>
  </meta>
  <text>
    <status value="generated"/><div xmlns="http://www.w3.org/1999/xhtml">The Department of Health - Central Office is a PH Core Organization located at San Lazaro Compound, Rizal Avenue, Manila, NCR, 1003, Philippines. The organization can be contacted through its health facility contact at +63-2-8651-7800. The regional designation is Ilocos Norte.</div>
  </text>
  <identifier>
    <system value="http://doh.gov.ph/fhir/Identifier/doh-nhfr-code"/>
    <value value="1234567890"/>
  </identifier>
  <name value="Department of Health - Central Office"/>
  <address>
    <extension url="urn://example.com/ph-core/fhir/StructureDefinition/region">
      <valueCoding>
        <system value="urn://example.com/ph-core/fhir/CodeSystem/PSGC"/>
        <code value="0102800000"/>
        <display value="Ilocos Norte"/>
      </valueCoding>
    </extension>
    <use value="work"/>
    <line value="San Lazaro Compound"/>
    <line value="Rizal Avenue"/>
    <line value="Rizal Avenue"/>
    <city value="Manila"/>
    <state value="NCR"/>
    <postalCode value="1003"/>
    <country value="PH"/>
  </address>
  <contact>
    <name>
      <text value="Health Facility Contact"/>
    </name>
    <telecom>
      <system value="phone"/>
      <value value="+63-2-8651-7800"/>
    </telecom>
    <address>
      <use value="work"/>
      <city value="Manila"/>
      <state value="NCR"/>
      <postalCode value="1003"/>
      <country value="PH"/>
    </address>
  </contact>
</Organization>