<?xml version="1.0" encoding="UTF-8"?>

<Organization xmlns="http://hl7.org/fhir">
  <id value="organization-uppgh"/>
  <meta>
    <profile value="urn://example.com/ph-core/fhir/StructureDefinition/ph-core-organization"/>
  </meta>
  <text>
    <status value="generated"/><div xmlns="http://www.w3.org/1999/xhtml"><p class="res-header-id"><b>Generated Narrative: Organization organization-uppgh</b></p><a name="organization-uppgh"> </a><a name="hcorganization-uppgh"> </a><div style="display: inline-block; background-color: #d9e0e7; padding: 6px; margin: 4px; border: 1px solid #8da1b4; border-radius: 5px; line-height: 60%"><p style="margin-bottom: 0px"/><p style="margin-bottom: 0px">Profile: <a href="https://build.fhir.org/ig/UP-Manila-SILab/ph-core/StructureDefinition-ph-core-organization.html">PH Core Organization</a></p></div><p><b>type</b>: <span title="Codes:{http://terminology.hl7.org/CodeSystem/organization-type prov}">Healthcare Provider</span></p><p><b>name</b>: UP Philippine General Hospital</p><p><b>address</b>: Taft Avenue, Ermita, Manila, Philippines</p></div>
  </text>
  <type>
    <coding>
      <system value="http://terminology.hl7.org/CodeSystem/organization-type"/>
      <code value="prov"/>
      <display value="Healthcare Provider"/>
    </coding>
  </type>
  <name value="UP Philippine General Hospital"/>
  <address>
    <text value="Taft Avenue, Ermita, Manila, Philippines"/>
  </address>
</Organization>