<?xml version="1.0" encoding="UTF-8"?>

<Organization xmlns="http://hl7.org/fhir">
  <id value="rs-bundle-example-organization"/>
  <meta>
    <profile value="https://build.fhir.org/ig/UPM-NTHC/PH-RoadSafetyIG/StructureDefinition/rs-organization"/>
  </meta>
  <text>
    <status value="generated"/><div xmlns="http://www.w3.org/1999/xhtml"><p class="res-header-id"><b>Generated Narrative: Organization rs-bundle-example-organization</b></p><a name="rs-bundle-example-organization"> </a><a name="hcrs-bundle-example-organization"> </a><div style="display: inline-block; background-color: #d9e0e7; padding: 6px; margin: 4px; border: 1px solid #8da1b4; border-radius: 5px; line-height: 60%"><p style="margin-bottom: 0px"/><p style="margin-bottom: 0px">Profile: <a href="StructureDefinition-rs-organization.html">RS Organization</a></p></div><p><b>identifier</b>: <a href="https://build.fhir.org/ig/UP-Manila-SILab/ph-core/NamingSystem-doh-nhfr-code-ns.html" title="Health Facility Code (HFC) from the National Health Facility Registry.">DohNhfrCode</a>/MC-EMS-0001</p><p><b>active</b>: true</p><p><b>name</b>: MetroCare EMS</p><p><b>telecom</b>: <a href="tel:+63-917-555-0100">+63-917-555-0100</a></p><p><b>address</b>: 123 Rescue Avenue Makati City NCR 1226 PH (work)</p></div>
  </text>
  <identifier>
    <system value="http://doh.gov.ph/fhir/Identifier/doh-nhfr-code"/>
    <value value="MC-EMS-0001"/>
  </identifier>
  <active value="true"/>
  <name value="MetroCare EMS"/>
  <telecom>
    <system value="phone"/>
    <value value="+63-917-555-0100"/>
  </telecom>
  <address>
    <use value="work"/>
    <line value="123 Rescue Avenue"/>
    <city value="Makati City"/>
    <state value="NCR"/>
    <postalCode value="1226"/>
    <country value="PH"/>
  </address>
</Organization>