<?xml version="1.0" encoding="UTF-8"?>

<Organization xmlns="http://hl7.org/fhir">
  <id value="organization-hospital-ex"/>
  <meta>
    <profile value="urn://example.com/ph-core/fhir/StructureDefinition/ph-core-organization"/>
  </meta>
  <text>
    <status value="generated"/><div xmlns="http://www.w3.org/1999/xhtml"><p class="res-header-id"><b>Generated Narrative: Organization organization-hospital-ex</b></p><a name="organization-hospital-ex"> </a><a name="hcorganization-hospital-ex"> </a><div style="display: inline-block; background-color: #d9e0e7; padding: 6px; margin: 4px; border: 1px solid #8da1b4; border-radius: 5px; line-height: 60%"><p style="margin-bottom: 0px"/><p style="margin-bottom: 0px">Profile: <a href="https://build.fhir.org/ig/UP-Manila-SILab/ph-core/StructureDefinition-ph-core-organization.html">PH Core Organization</a></p></div><p><b>identifier</b>: <code>http://hospital.example.org/org-id</code>/MGH-001</p><p><b>name</b>: Manila General Hospital</p></div>
  </text>
  <identifier>
    <system value="http://hospital.example.org/org-id"/>
    <value value="MGH-001"/>
  </identifier>
  <name value="Manila General Hospital"/>
</Organization>