<?xml version="1.0" encoding="UTF-8"?>

<Organization xmlns="http://hl7.org/fhir">
  <id value="rs-minimum-example-organization"/>
  <meta>
    <profile value="https://build.fhir.org/ig/UPM-NTHC/PH-RoadSafetyIG/StructureDefinition/rs-organization"/>
  </meta>
  <text>
    <status value="generated"/><div xmlns="http://www.w3.org/1999/xhtml"><p class="res-header-id"><b>Generated Narrative: Organization rs-minimum-example-organization</b></p><a name="rs-minimum-example-organization"> </a><a name="hcrs-minimum-example-organization"> </a><div style="display: inline-block; background-color: #d9e0e7; padding: 6px; margin: 4px; border: 1px solid #8da1b4; border-radius: 5px; line-height: 60%"><p style="margin-bottom: 0px"/><p style="margin-bottom: 0px">Profile: <a href="StructureDefinition-rs-organization.html">RS Organization</a></p></div><p><b>name</b>: Department of Health - Central Office</p><p><b>telecom</b>: <a href="tel:+63-2-752-8401">+63-2-752-8401</a></p><p><b>address</b>: San Lazaro Compound, Rizal Avenue Manila NCR 1003 PH </p></div>
  </text>
  <name value="Department of Health - Central Office"/>
  <telecom>
    <system value="phone"/>
    <value value="+63-2-752-8401"/>
  </telecom>
  <address>
    <line value="San Lazaro Compound, Rizal Avenue"/>
    <city value="Manila"/>
    <state value="NCR"/>
    <postalCode value="1003"/>
    <country value="PH"/>
  </address>
</Organization>