<?xml version="1.0" encoding="UTF-8"?>

<Patient xmlns="http://hl7.org/fhir">
  <id value="rs-minimum-example-patient"/>
  <meta>
    <profile value="https://build.fhir.org/ig/UPM-NTHC/PH-RoadSafetyIG/StructureDefinition/rs-patient"/>
  </meta>
  <text>
    <status value="generated"/><div xmlns="http://www.w3.org/1999/xhtml"><p class="res-header-id"><b>Generated Narrative: Patient rs-minimum-example-patient</b></p><a name="rs-minimum-example-patient"> </a><a name="hcrs-minimum-example-patient"> </a><div style="display: inline-block; background-color: #d9e0e7; padding: 6px; margin: 4px; border: 1px solid #8da1b4; border-radius: 5px; line-height: 60%"><p style="margin-bottom: 0px"/><p style="margin-bottom: 0px">Profile: <a href="StructureDefinition-rs-patient.html">RS Patient</a></p></div><p style="border: 1px #661aff solid; background-color: #e6e6ff; padding: 10px;">Thomas Niccolo Filamor Reyes (official) Male, DoB: 1990-01-01</p><hr/><table class="grid"><tr><td style="background-color: #f3f5da" title="Record is active">Active:</td><td colspan="3">true</td></tr><tr><td style="background-color: #f3f5da" title="Ways to contact the Patient">Contact Detail</td><td colspan="3"><ul><li><a href="tel:+63-912-345-6789">+63-912-345-6789</a></li><li>123 Sampaloc Street Manila 1008 PH (home)</li></ul></td></tr><tr><td style="background-color: #f3f5da" title="If the patient is a member of an indigenous group."><a href="https://build.fhir.org/ig/UP-Manila-SILab/ph-core/StructureDefinition-indigenous-people.html">Indigenous People</a></td><td colspan="3">false</td></tr></table></div>
  </text>
  <extension url="urn://example.com/ph-core/fhir/StructureDefinition/indigenous-people">
    <valueBoolean value="false"/>
  </extension>
  <active value="true"/>
  <name>
    <use value="official"/>
    <family value="Reyes"/>
    <given value="Thomas Niccolo"/>
    <given value="Filamor"/>
  </name>
  <telecom>
    <system value="phone"/>
    <value value="+63-912-345-6789"/>
  </telecom>
  <gender value="male"/>
  <birthDate value="1990-01-01"/>
  <address>
    <use value="home"/>
    <line value="123 Sampaloc Street"/>
    <city value="Manila"/>
    <postalCode value="1008"/>
    <country value="PH"/>
  </address>
</Patient>