<?xml version="1.0" encoding="UTF-8"?>

<Patient xmlns="http://hl7.org/fhir">
  <id value="patient-road-safety-two-addresses"/>
  <meta>
    <profile value="https://build.fhir.org/ig/UPM-NTHC/PH-RoadSafetyIG/StructureDefinition/RS-Patient"/>
  </meta>
  <text>
    <status value="generated"/><div xmlns="http://www.w3.org/1999/xhtml"><p><b>Patient:</b> Maria Santos</p><p><b>Gender:</b> Female</p><p><b>Age:</b> 32 years</p><p><b>Permanent Address:</b> 123 Mabini Street, Quezon City, NCR, Philippines</p><p><b>Temporary Address:</b> 456 Rizal Avenue, Cavite City, Cavite, Philippines</p><p><b>Hospital:</b> Manila General Hospital</p></div>
  </text>
  <extension url="https://build.fhir.org/ig/UPM-NTHC/PH-RoadSafetyIG/StructureDefinition/rs-patient-age">
    <valueAge>
      <value value="32"/>
      <unit value="years"/>
      <system value="http://unitsofmeasure.org"/>
      <code value="a"/>
    </valueAge>
  </extension>
  <extension url="http://hl7.org.ph/fhir/StructureDefinition/indigenousPeople">
    <valueCoding>
      <system value="http://hl7.org/fhir/v3/NullFlavor"/>
      <code value="UNK"/>
      <display value="Unknown"/>
    </valueCoding>
  </extension>
  <identifier>
    <system value="http://hospital.example.org/hospital-patient-id"/>
    <value value="HOSP-2025-0005"/>
  </identifier>
  <gender value="female"/>
  <address>
    <use value="home"/>
    <line value="123 Mabini Street"/>
    <city value="Quezon City"/>
    <district value="NCR"/>
    <postalCode value="1100"/>
    <country value="PH"/>
  </address>
  <address>
    <use value="temp"/>
    <line value="456 Rizal Avenue"/>
    <city value="Cavite City"/>
    <district value="Cavite"/>
    <postalCode value="4100"/>
    <country value="PH"/>
  </address>
  <managingOrganization>
    <reference value="Organization/organization-hospital-ex"/>
  </managingOrganization>
</Patient>