<?xml version="1.0" encoding="UTF-8"?>

<Patient xmlns="http://hl7.org/fhir">
  <id value="patient-jose-dela-cruz"/>
  <meta>
    <profile value="urn://example.com/ph-core/fhir/StructureDefinition/ph-core-patient"/>
  </meta>
  <text>
    <status value="generated"/><div xmlns="http://www.w3.org/1999/xhtml"><p class="res-header-id"><b>Generated Narrative: Patient patient-jose-dela-cruz</b></p><a name="patient-jose-dela-cruz"> </a><a name="hcpatient-jose-dela-cruz"> </a><div style="display: inline-block; background-color: #d9e0e7; padding: 6px; margin: 4px; border: 1px solid #8da1b4; border-radius: 5px; line-height: 60%"><p style="margin-bottom: 0px"/><p style="margin-bottom: 0px">Profile: <a href="https://build.fhir.org/ig/UP-Manila-SILab/ph-core/StructureDefinition-ph-core-patient.html">PH Core Patient</a></p></div><p style="border: 1px #661aff solid; background-color: #e6e6ff; padding: 10px;">Jose Dela Cruz (official) Male, DoB: 1987-03-12</p><hr/><table class="grid"><tr><td style="background-color: #f3f5da" title="Record is active">Active:</td><td colspan="3">true</td></tr><tr><td style="background-color: #f3f5da" title="If the patient is a member of an indigenous group."><a href="https://build.fhir.org/ig/UP-Manila-SILab/ph-core/StructureDefinition-indigenous-people.html">Indigenous People</a></td><td colspan="3">true</td></tr></table></div>
  </text>
  <extension url="urn://example.com/ph-core/fhir/StructureDefinition/indigenous-people">
    <valueBoolean value="true"/>
  </extension>
  <active value="true"/>
  <name>
    <use value="official"/>
    <family value="Dela Cruz"/>
    <given value="Jose"/>
  </name>
  <gender value="male"/>
  <birthDate value="1987-03-12"/>
</Patient>