<?xml version="1.0" encoding="UTF-8"?>

<Patient xmlns="http://hl7.org/fhir">
  <id value="patient-road-safety-age3"/>
  <meta>
    <profile value="https://build.fhir.org/ig/UPM-NTHC/PH-RoadSafetyIG/StructureDefinition/RS-Patient"/>
  </meta>
  <text>
    <status value="generated"/><div xmlns="http://www.w3.org/1999/xhtml"><p><b>Patient:</b> Baby Boy Cruz</p><p><b>Age:</b> 8 months (via extension)</p></div>
  </text>
  <extension url="https://build.fhir.org/ig/UPM-NTHC/PH-RoadSafetyIG/StructureDefinition/rs-patient-age">
    <valueAge>
      <value value="8"/>
      <unit value="months"/>
      <system value="http://unitsofmeasure.org"/>
      <code value="mo"/>
    </valueAge>
  </extension>
  <extension url="http://hl7.org.ph/fhir/StructureDefinition/indigenousPeople">
    <valueCoding>
      <system value="http://hl7.org/fhir/v3/NullFlavor"/>
      <code value="UNK"/>
      <display value="Unknown"/>
    </valueCoding>
  </extension>
  <identifier>
    <system value="http://hospital.example.org/hospital-patient-id"/>
    <value value="HOSP-2025-0004"/>
  </identifier>
  <gender value="male"/>
  <managingOrganization>
    <reference value="Organization/organization-hospital-ex"/>
  </managingOrganization>
</Patient>