<?xml version="1.0" encoding="UTF-8"?>

<Practitioner xmlns="http://hl7.org/fhir">
  <id value="rs-bundle-example-practitioner-teamlead"/>
  <meta>
    <profile value="urn://example.com/ph-core/fhir/StructureDefinition/ph-core-practitioner"/>
  </meta>
  <text>
    <status value="generated"/><div xmlns="http://www.w3.org/1999/xhtml"><p class="res-header-id"><b>Generated Narrative: Practitioner rs-bundle-example-practitioner-teamlead</b></p><a name="rs-bundle-example-practitioner-teamlead"> </a><a name="hcrs-bundle-example-practitioner-teamlead"> </a><div style="display: inline-block; background-color: #d9e0e7; padding: 6px; margin: 4px; border: 1px solid #8da1b4; border-radius: 5px; line-height: 60%"><p style="margin-bottom: 0px"/><p style="margin-bottom: 0px">Profile: <a href="https://build.fhir.org/ig/UP-Manila-SILab/ph-core/StructureDefinition-ph-core-practitioner.html">PH Core Practitioner</a></p></div><p><b>name</b>: Joel Rivera (Official)</p><p><b>telecom</b>: <a href="tel:+63-917-555-0155">+63-917-555-0155</a></p></div>
  </text>
  <name>
    <use value="official"/>
    <family value="Rivera"/>
    <given value="Joel"/>
  </name>
  <telecom>
    <system value="phone"/>
    <value value="+63-917-555-0155"/>
  </telecom>
</Practitioner>