<?xml version="1.0" encoding="UTF-8"?>

<Procedure xmlns="http://hl7.org/fhir">
  <id value="rs-bundle-example-procedure-education"/>
  <meta>
    <profile value="https://build.fhir.org/ig/UPM-NTHC/PH-RoadSafetyIG/StructureDefinition/rs-procedure"/>
  </meta>
  <text>
    <status value="generated"/><div xmlns="http://www.w3.org/1999/xhtml"><p class="res-header-id"><b>Generated Narrative: Procedure rs-bundle-example-procedure-education</b></p><a name="rs-bundle-example-procedure-education"> </a><a name="hcrs-bundle-example-procedure-education"> </a><div style="display: inline-block; background-color: #d9e0e7; padding: 6px; margin: 4px; border: 1px solid #8da1b4; border-radius: 5px; line-height: 60%"><p style="margin-bottom: 0px"/><p style="margin-bottom: 0px">Profile: <a href="StructureDefinition-rs-procedure.html">RS Procedure</a></p></div><p><b>status</b>: Completed</p><p><b>code</b>: <span title="Codes:{http://snomed.info/sct 710818009}">Patient education (procedure)</span></p><p><b>subject</b>: <a href="Patient-rs-bundle-example-patient.html">Thomas Niccolo Filamor Reyes (official) Male, DoB: 1990-01-01</a></p><p><b>encounter</b>: <a href="Encounter-rs-bundle-example-encounter.html">Encounter: identifier = Incident number: INC-2025-0102,Patient hospital visit number (observable entity): HCN-2025-1120; status = finished; class = ER (LOINC#LA10268-3); period = 2025-10-31 15:18:00+0800 --&gt; 2025-10-31 16:30:00+0800</a></p><p><b>performed</b>: 2025-10-31 16:12:00+0800</p><h3>Performers</h3><table class="grid"><tr><td style="display: none">-</td><td><b>Actor</b></td></tr><tr><td style="display: none">*</td><td><a href="Practitioner-rs-bundle-example-practitioner-teamlead.html">Practitioner Joel Rivera (official)</a></td></tr></table><p><b>note</b>: </p><blockquote><div><p>Discussed signs of delayed chest trauma and when to return to ER.</p>
</div></blockquote></div>
  </text>
  <status value="completed"/>
  <code>
    <coding>
      <system value="http://snomed.info/sct"/>
      <version value="http://snomed.info/sct/900000000000207008/version/20241001"/>
      <code value="710818009"/>
      <display value="Patient education (procedure)"/>
    </coding>
  </code>
  <subject>
    <reference value="Patient/rs-bundle-example-patient"/>
  </subject>
  <encounter>
    <reference value="Encounter/rs-bundle-example-encounter"/>
  </encounter>
  <performedDateTime value="2025-10-31T16:12:00+08:00"/>
  <performer>
    <actor>
      <reference value="Practitioner/rs-bundle-example-practitioner-teamlead"/>
    </actor>
  </performer>
  <note>
    <text value="Discussed signs of delayed chest trauma and when to return to ER."/>
  </note>
</Procedure>