<?xml version="1.0" encoding="UTF-8"?>

<ServiceRequest xmlns="http://hl7.org/fhir">
  <id value="rs-example-service-request"/>
  <meta>
    <profile value="https://build.fhir.org/ig/UPM-NTHC/PH-RoadSafetyIG/StructureDefinition/rs-service-request"/>
  </meta>
  <text>
    <status value="generated"/><div xmlns="http://www.w3.org/1999/xhtml">ServiceRequest documenting refusal to admit for rs-example-patient with supporting organization and practitioner contacts.</div>
  </text>
  <status value="revoked"/>
  <intent value="plan"/>
  <subject>
    <reference value="Patient/rs-example-patient"/>
  </subject>
  <encounter>
    <reference value="Encounter/rs-example-encounter"/>
  </encounter>
  <occurrenceDateTime value="2025-10-31T16:10:00+08:00"/>
  <supportingInfo>
    <reference value="Organization/rs-organization-single-ex"/>
  </supportingInfo>
  <supportingInfo>
    <reference value="Practitioner/rs-practitioner-receivedby"/>
  </supportingInfo>
</ServiceRequest>