<?xml version="1.0" encoding="UTF-8"?>

<Task xmlns="http://hl7.org/fhir">
  <id value="rs-bundle-example-task"/>
  <meta>
    <profile value="https://build.fhir.org/ig/UPM-NTHC/PH-RoadSafetyIG/StructureDefinition/rs-task"/>
  </meta>
  <text>
    <status value="generated"/><div xmlns="http://www.w3.org/1999/xhtml"><p class="res-header-id"><b>Generated Narrative: Task rs-bundle-example-task</b></p><a name="rs-bundle-example-task"> </a><a name="hcrs-bundle-example-task"> </a><div style="display: inline-block; background-color: #d9e0e7; padding: 6px; margin: 4px; border: 1px solid #8da1b4; border-radius: 5px; line-height: 60%"><p style="margin-bottom: 0px"/><p style="margin-bottom: 0px">Profile: <a href="StructureDefinition-rs-task.html">RS Task</a></p></div><p><b>status</b>: In Progress</p><p><b>intent</b>: plan</p><p><b>focus</b>: <a href="ServiceRequest-rs-bundle-example-service-request.html">ServiceRequest </a></p><p><b>for</b>: <a href="Patient-rs-bundle-example-patient.html">Thomas Niccolo Filamor Reyes (official) Male, DoB: 1990-01-01</a></p><p><b>executionPeriod</b>: 2025-10-31 15:48:00+0800 --&gt; 2025-10-31 16:15:00+0800</p><p><b>owner</b>: <a href="Practitioner-rs-bundle-example-practitioner-teamlead.html">Practitioner Joel Rivera (official)</a></p><p><b>note</b>: </p><blockquote><div><p>Coordinated ambulance standby until ER confirmed acceptance.</p>
</div></blockquote></div>
  </text>
  <status value="in-progress"/>
  <intent value="plan"/>
  <focus>
    <reference value="ServiceRequest/rs-bundle-example-service-request"/>
  </focus>
  <for>
    <reference value="Patient/rs-bundle-example-patient"/>
  </for>
  <executionPeriod>
    <start value="2025-10-31T15:48:00+08:00"/>
    <end value="2025-10-31T16:15:00+08:00"/>
  </executionPeriod>
  <owner>
    <reference value="Practitioner/rs-bundle-example-practitioner-teamlead"/>
  </owner>
  <note>
    <text value="Coordinated ambulance standby until ER confirmed acceptance."/>
  </note>
</Task>