<?xml version="1.0" encoding="UTF-8"?>

<Task xmlns="http://hl7.org/fhir">
  <id value="rs-minimum-example-task-delays"/>
  <meta>
    <profile value="https://build.fhir.org/ig/UPM-NTHC/PH-RoadSafetyIG/StructureDefinition/rs-task"/>
  </meta>
  <text>
    <status value="generated"/><div xmlns="http://www.w3.org/1999/xhtml"><p class="res-header-id"><b>Generated Narrative: Task rs-minimum-example-task-delays</b></p><a name="rs-minimum-example-task-delays"> </a><a name="hcrs-minimum-example-task-delays"> </a><div style="display: inline-block; background-color: #d9e0e7; padding: 6px; margin: 4px; border: 1px solid #8da1b4; border-radius: 5px; line-height: 60%"><p style="margin-bottom: 0px"/><p style="margin-bottom: 0px">Profile: <a href="StructureDefinition-rs-task.html">RS Task</a></p></div><p><b>status</b>: Completed</p><p><b>intent</b>: order</p><p><b>description</b>: Delay in transport due to heavy traffic</p><p><b>for</b>: <a href="Bundle-rs-minimum-example-bundle.html#urn-uuid-aaaa1111-bbbb-cccc-dddd-eeeeffff0001">Thomas Niccolo Filamor Reyes (official) Male, DoB: 1990-01-01</a></p></div>
  </text>
  <status value="completed"/>
  <intent value="order"/>
  <description value="Delay in transport due to heavy traffic"/>
  <for>
    <reference value="urn:uuid:aaaa1111-bbbb-cccc-dddd-eeeeffff0001"/>
  </for>
</Task>