<?xml version="1.0" encoding="UTF-8"?><CodeSystem xmlns="http://hl7.org/fhir"><id value="vehicle-types"/><text><status value="generated"/><div xmlns="http://www.w3.org/1999/xhtml"><p class="res-header-id"><b>Generated Narrative: CodeSystem vehicle-types</b></p><a name="vehicle-types"> </a><a name="hcvehicle-types"> </a><p>This case-sensitive code system <code>https://build.fhir.org/ig/UPM-NTHC/PH-RoadSafetyIG/CodeSystem/vehicle-types</code> defines the following codes:</p><table class="codes"><tr><td style="white-space:nowrap"><b>Code</b></td><td><b>Display</b></td></tr><tr><td style="white-space:nowrap">ambulance<a name="vehicle-types-ambulance"> </a></td><td>Ambulance</td></tr><tr><td style="white-space:nowrap">motorcycle<a name="vehicle-types-motorcycle"> </a></td><td>Motorcycle</td></tr><tr><td style="white-space:nowrap">private_car<a name="vehicle-types-private_car"> </a></td><td>Private Car</td></tr><tr><td style="white-space:nowrap">other<a name="vehicle-types-other"> </a></td><td>Other</td></tr></table></div></text><url value="https://build.fhir.org/ig/UPM-NTHC/PH-RoadSafetyIG/CodeSystem/vehicle-types"/><version value="0.1.0"/><name value="VehicleTypeCS"/><title value="Vehicle Types"/><status value="draft"/><experimental value="true"/><date value="2025-10-08T01:21:21+00:00"/><publisher value="UP Manila - National Institutes of Health - National Telehealth Center"/><contact><name value="UP Manila - National Institutes of Health - National Telehealth Center"/><telecom><system value="url"/><value value="https://github.com/UPM-NTHC/PH-RoadSafetyIG"/></telecom></contact><contact><name value="PH Road Safety IG Repository"/><telecom><system value="url"/><value value="https://github.com/UPM-NTHC/PH-RoadSafetyIG"/></telecom></contact><description value="A code system for different types of vehicles used in road safety encounters."/><jurisdiction><coding><system value="urn:iso:std:iso:3166"/><code value="PH"/><display value="Philippines"/></coding></jurisdiction><caseSensitive value="true"/><content value="complete"/><count value="4"/><concept><code value="ambulance"/><display value="Ambulance"/></concept><concept><code value="motorcycle"/><display value="Motorcycle"/></concept><concept><code value="private_car"/><display value="Private Car"/></concept><concept><code value="other"/><display value="Other"/></concept></CodeSystem>