<?xml version="1.0" encoding="UTF-8"?><CodeSystem xmlns="http://hl7.org/fhir"><id value="injury-nature-cs"/><text><status value="generated"/><div xmlns="http://www.w3.org/1999/xhtml"><p class="res-header-id"><b>Generated Narrative: CodeSystem injury-nature-cs</b></p><a name="injury-nature-cs"> </a><a name="hcinjury-nature-cs"> </a><p>This  code system <code>https://build.fhir.org/ig/UPM-NTHC/PH-RoadSafetyIG/CodeSystem/injury-nature-cs</code> defines the following codes:</p><table class="codes"><tr><td style="white-space:nowrap"><b>Code</b></td><td><b>Display</b></td></tr><tr><td style="white-space:nowrap">abrasion<a name="injury-nature-cs-abrasion"> </a></td><td>Abrasion</td></tr><tr><td style="white-space:nowrap">avulsion<a name="injury-nature-cs-avulsion"> </a></td><td>Avulsion</td></tr><tr><td style="white-space:nowrap">burn<a name="injury-nature-cs-burn"> </a></td><td>Burn</td></tr><tr><td style="white-space:nowrap">concussion<a name="injury-nature-cs-concussion"> </a></td><td>Concussion</td></tr><tr><td style="white-space:nowrap">contusion<a name="injury-nature-cs-contusion"> </a></td><td>Contusion</td></tr><tr><td style="white-space:nowrap">fracture<a name="injury-nature-cs-fracture"> </a></td><td>Fracture</td></tr><tr><td style="white-space:nowrap">open-wound<a name="injury-nature-cs-open-wound"> </a></td><td>Open wound</td></tr><tr><td style="white-space:nowrap">amputation<a name="injury-nature-cs-amputation"> </a></td><td>Traumatic amputation</td></tr><tr><td style="white-space:nowrap">other<a name="injury-nature-cs-other"> </a></td><td>Other</td></tr></table></div></text><url value="https://build.fhir.org/ig/UPM-NTHC/PH-RoadSafetyIG/CodeSystem/injury-nature-cs"/><version value="0.1.0"/><name value="InjuryNatureCS"/><title value="Nature of Injury (example)"/><status value="draft"/><date value="2025-10-21T09:14:28+00:00"/><publisher value="UP Manila - National Institutes of Health - National Telehealth Center"/><contact><name value="UP Manila - National Institutes of Health - National Telehealth Center"/><telecom><system value="url"/><value value="https://github.com/UPM-NTHC/PH-RoadSafetyIG"/></telecom></contact><contact><name value="PH Road Safety IG Repository"/><telecom><system value="url"/><value value="https://github.com/UPM-NTHC/PH-RoadSafetyIG"/></telecom></contact><jurisdiction><coding><system value="urn:iso:std:iso:3166"/><code value="PH"/><display value="Philippines"/></coding></jurisdiction><content value="complete"/><count value="9"/><concept><code value="abrasion"/><display value="Abrasion"/><designation><use><system value="http://terminology.hl7.org/CodeSystem/hl7TermMaintInfra"/><code value="preferredForLanguage"/></use><value value="Abrasion"/></designation></concept><concept><code value="avulsion"/><display value="Avulsion"/><designation><use><system value="http://terminology.hl7.org/CodeSystem/hl7TermMaintInfra"/><code value="preferredForLanguage"/></use><value value="Avulsion"/></designation></concept><concept><code value="burn"/><display value="Burn"/><designation><use><system value="http://terminology.hl7.org/CodeSystem/hl7TermMaintInfra"/><code value="preferredForLanguage"/></use><value value="Burn"/></designation></concept><concept><code value="concussion"/><display value="Concussion"/><designation><use><system value="http://terminology.hl7.org/CodeSystem/hl7TermMaintInfra"/><code value="preferredForLanguage"/></use><value value="Concussion"/></designation></concept><concept><code value="contusion"/><display value="Contusion"/><designation><use><system value="http://terminology.hl7.org/CodeSystem/hl7TermMaintInfra"/><code value="preferredForLanguage"/></use><value value="Contusion"/></designation></concept><concept><code value="fracture"/><display value="Fracture"/><designation><use><system value="http://terminology.hl7.org/CodeSystem/hl7TermMaintInfra"/><code value="preferredForLanguage"/></use><value value="Fracture"/></designation></concept><concept><code value="open-wound"/><display value="Open wound"/><designation><use><system value="http://terminology.hl7.org/CodeSystem/hl7TermMaintInfra"/><code value="preferredForLanguage"/></use><value value="Open wound"/></designation></concept><concept><code value="amputation"/><display value="Traumatic amputation"/><designation><use><system value="http://terminology.hl7.org/CodeSystem/hl7TermMaintInfra"/><code value="preferredForLanguage"/></use><value value="Traumatic amputation"/></designation></concept><concept><code value="other"/><display value="Other"/><designation><use><system value="http://terminology.hl7.org/CodeSystem/hl7TermMaintInfra"/><code value="preferredForLanguage"/></use><value value="Other"/></designation></concept></CodeSystem>