<?xml version="1.0" encoding="UTF-8"?><CodeSystem xmlns="http://hl7.org/fhir"><id value="external-cause-cs"/><text><status value="generated"/><div xmlns="http://www.w3.org/1999/xhtml"><p class="res-header-id"><b>Generated Narrative: CodeSystem external-cause-cs</b></p><a name="external-cause-cs"> </a><a name="hcexternal-cause-cs"> </a><p>This  code system <code>https://build.fhir.org/ig/UPM-NTHC/PH-RoadSafetyIG/CodeSystem/external-cause-cs</code> defines the following codes:</p><table class="codes"><tr><td style="white-space:nowrap"><b>Code</b></td><td><b>Display</b></td></tr><tr><td style="white-space:nowrap">bites-stings<a name="external-cause-cs-bites-stings"> </a></td><td>Bites/stings</td></tr><tr><td style="white-space:nowrap">burns<a name="external-cause-cs-burns"> </a></td><td>Burns</td></tr><tr><td style="white-space:nowrap">chemical<a name="external-cause-cs-chemical"> </a></td><td>Chemical/substance</td></tr><tr><td style="white-space:nowrap">sharp-object<a name="external-cause-cs-sharp-object"> </a></td><td>Contact with sharp object</td></tr><tr><td style="white-space:nowrap">drowning<a name="external-cause-cs-drowning"> </a></td><td>Drowning</td></tr><tr><td style="white-space:nowrap">fall<a name="external-cause-cs-fall"> </a></td><td>Fall</td></tr><tr><td style="white-space:nowrap">firecracker<a name="external-cause-cs-firecracker"> </a></td><td>Firecracker</td></tr><tr><td style="white-space:nowrap">gunshot<a name="external-cause-cs-gunshot"> </a></td><td>Gunshot</td></tr><tr><td style="white-space:nowrap">hanging<a name="external-cause-cs-hanging"> </a></td><td>Hanging/Strangulation</td></tr><tr><td style="white-space:nowrap">assault<a name="external-cause-cs-assault"> </a></td><td>Assault/Mauling</td></tr><tr><td style="white-space:nowrap">sexual-assault<a name="external-cause-cs-sexual-assault"> </a></td><td>Sexual assault</td></tr><tr><td style="white-space:nowrap">transport-accident<a name="external-cause-cs-transport-accident"> </a></td><td>Transport/Vehicular accident</td></tr><tr><td style="white-space:nowrap">exposure-nature<a name="external-cause-cs-exposure-nature"> </a></td><td>Exposure to forces of nature</td></tr><tr><td style="white-space:nowrap">others<a name="external-cause-cs-others"> </a></td><td>Others</td></tr></table></div></text><url value="https://build.fhir.org/ig/UPM-NTHC/PH-RoadSafetyIG/CodeSystem/external-cause-cs"/><version value="0.1.0"/><name value="ExternalCauseCS"/><title value="External Cause CodeSystem (example)"/><status value="draft"/><date value="2025-10-09T18:52:26+00:00"/><publisher value="UP Manila - National Institutes of Health - National Telehealth Center"/><contact><name value="UP Manila - National Institutes of Health - National Telehealth Center"/><telecom><system value="url"/><value value="https://github.com/UPM-NTHC/PH-RoadSafetyIG"/></telecom></contact><contact><name value="PH Road Safety IG Repository"/><telecom><system value="url"/><value value="https://github.com/UPM-NTHC/PH-RoadSafetyIG"/></telecom></contact><jurisdiction><coding><system value="urn:iso:std:iso:3166"/><code value="PH"/><display value="Philippines"/></coding></jurisdiction><content value="complete"/><count value="14"/><concept><code value="bites-stings"/><display value="Bites/stings"/></concept><concept><code value="burns"/><display value="Burns"/></concept><concept><code value="chemical"/><display value="Chemical/substance"/></concept><concept><code value="sharp-object"/><display value="Contact with sharp object"/></concept><concept><code value="drowning"/><display value="Drowning"/></concept><concept><code value="fall"/><display value="Fall"/></concept><concept><code value="firecracker"/><display value="Firecracker"/></concept><concept><code value="gunshot"/><display value="Gunshot"/></concept><concept><code value="hanging"/><display value="Hanging/Strangulation"/></concept><concept><code value="assault"/><display value="Assault/Mauling"/></concept><concept><code value="sexual-assault"/><display value="Sexual assault"/></concept><concept><code value="transport-accident"/><display value="Transport/Vehicular accident"/></concept><concept><code value="exposure-nature"/><display value="Exposure to forces of nature"/></concept><concept><code value="others"/><display value="Others"/></concept></CodeSystem>