<?xml version="1.0" encoding="UTF-8"?><CodeSystem xmlns="http://hl7.org/fhir"><id value="SILPH-LocalCodesCS"/><meta><versionId value="18"/><lastUpdated value="2025-10-31T00:11:10.345+00:00"/></meta><text><status value="generated"/><div xmlns="http://www.w3.org/1999/xhtml"><p class="res-header-id"><b>Generated Narrative: CodeSystem SILPH-LocalCodesCS</b></p><a name="SILPH-LocalCodesCS"> </a><a name="hcSILPH-LocalCodesCS"> </a><div style="display: inline-block; background-color: #d9e0e7; padding: 6px; margin: 4px; border: 1px solid #8da1b4; border-radius: 5px; line-height: 60%"><p style="margin-bottom: 0px">version: 18; Last updated: 2025-10-31 00:11:10+0000</p></div><p>This case-insensitive code system <code>http://www.roadsafetyph.doh.gov.ph/CodeSystem</code> defines the following codes:</p><table class="codes"><tr><td style="white-space:nowrap"><b>Code</b></td><td><b>Display</b></td><td><b>Definition</b></td></tr><tr><td style="white-space:nowrap">BHS<a name="SILPH-LocalCodesCS-BHS"> </a></td><td>BHS</td><td>BHS</td></tr><tr><td style="white-space:nowrap">RHU<a name="SILPH-LocalCodesCS-RHU"> </a></td><td>RHU</td><td>RHU</td></tr><tr><td style="white-space:nowrap">VAWC<a name="SILPH-LocalCodesCS-VAWC"> </a></td><td>VAWC Patient</td><td>VAWC Patient</td></tr><tr><td style="white-space:nowrap">NONCOLLISION<a name="SILPH-LocalCodesCS-NONCOLLISION"> </a></td><td>Non-Collision</td><td>Non-Collision</td></tr><tr><td style="white-space:nowrap">TRICYCLE<a name="SILPH-LocalCodesCS-TRICYCLE"> </a></td><td>Tricycle</td><td>Tricycle</td></tr><tr><td style="white-space:nowrap">JEEPNEY<a name="SILPH-LocalCodesCS-JEEPNEY"> </a></td><td>Jeepney</td><td>Jeepney</td></tr><tr><td style="white-space:nowrap">VIDEOBAR<a name="SILPH-LocalCodesCS-VIDEOBAR"> </a></td><td>Videoke Bars</td><td>Videoke Bars</td></tr><tr><td style="white-space:nowrap">LEISURE<a name="SILPH-LocalCodesCS-LEISURE"> </a></td><td>Leisure</td><td>Leisure</td></tr><tr><td style="white-space:nowrap">UNIMPROVED<a name="SILPH-LocalCodesCS-UNIMPROVED"> </a></td><td>Unimproved</td><td>Unimproved</td></tr><tr><td style="white-space:nowrap">DIED<a name="SILPH-LocalCodesCS-DIED"> </a></td><td>Died</td><td>Died</td></tr><tr><td style="white-space:nowrap">LAND<a name="SILPH-LocalCodesCS-LAND"> </a></td><td>Land</td><td>Exposure to water transport injury event</td></tr><tr><td style="white-space:nowrap">INJURYFRONT<a name="SILPH-LocalCodesCS-INJURYFRONT"> </a></td><td>Site of Injury/Pain - Front Part of Body</td><td>Data Element: Site of Injury/Pain - Front Part of Body</td></tr><tr><td style="white-space:nowrap">INJURYBACK<a name="SILPH-LocalCodesCS-INJURYBACK"> </a></td><td>Site of Injury/Pain - Back Part of Body</td><td>Data Element: Site of Injury/Pain - Back Part of Body</td></tr><tr><td style="white-space:nowrap">RRFREMARKS<a name="SILPH-LocalCodesCS-RRFREMARKS"> </a></td><td>Run Report Form Remarks</td><td>Data Element: Run Report Form Remarks</td></tr><tr><td style="white-space:nowrap">MVA-COLLISION<a name="SILPH-LocalCodesCS-MVA-COLLISION"> </a></td><td>FOR TRANSPORT/VEHICULAR ACCIDENT ONLY (Collision; Non-Collision)</td><td>Data Element: FOR TRANSPORT/VEHICULAR ACCIDENT ONLY (Collision; Non-Collision)</td></tr><tr><td style="white-space:nowrap">PATIENTVEHICLE<a name="SILPH-LocalCodesCS-PATIENTVEHICLE"> </a></td><td>Vehicles Involved: Patient's Vehicle</td><td>Data Element: Vehicles Involved: Patient's Vehicle</td></tr><tr><td style="white-space:nowrap">OTHERVEHICLE<a name="SILPH-LocalCodesCS-OTHERVEHICLE"> </a></td><td>Other Vehicle/Object Involved (for COLLISION accident ONLY)</td><td>Data Element: Other Vehicle/Object Involved (for COLLISION accident ONLY)</td></tr><tr><td style="white-space:nowrap">PATIENTPOSITION<a name="SILPH-LocalCodesCS-PATIENTPOSITION"> </a></td><td>Position of Patient</td><td>Data Element: Position of Patient</td></tr><tr><td style="white-space:nowrap">PLACEOCCURRENCE<a name="SILPH-LocalCodesCS-PLACEOCCURRENCE"> </a></td><td>Place of Occurrence</td><td>Data Element: Place of Occurrence</td></tr><tr><td style="white-space:nowrap">COLLISIONTYPE<a name="SILPH-LocalCodesCS-COLLISIONTYPE"> </a></td><td>Collision Type</td><td>Data Element: Collision Type</td></tr><tr><td style="white-space:nowrap">COORDINATIONDONE<a name="SILPH-LocalCodesCS-COORDINATIONDONE"> </a></td><td>Was Transport Coordinated with Receiving Hospital?</td><td>Data Element: Was Transport Coordinated with Receiving Hospital?</td></tr><tr><td style="white-space:nowrap">ER_OUTPATIENT_OUTCOME<a name="SILPH-LocalCodesCS-ER_OUTPATIENT_OUTCOME"> </a></td><td>Outcome</td><td>Data Element: ER/Outpatient Outcome</td></tr><tr><td style="white-space:nowrap">INPATIENT_OUTCOME<a name="SILPH-LocalCodesCS-INPATIENT_OUTCOME"> </a></td><td>Outcome</td><td>Data Element: Inpatient Outcome</td></tr></table></div></text><url value="http://www.roadsafetyph.doh.gov.ph/CodeSystem"/><version value="0.2.0"/><name value="SILPH_Road_Safety_Local_Codes"/><title value="SILPH Road Safety Local Codes"/><status value="draft"/><date value="2025-11-01T03:00:46+00:00"/><publisher value="UP Manila - National Institutes of Health - National Telehealth Center"/><contact><name value="UP Manila - National Institutes of Health - National Telehealth Center"/><telecom><system value="url"/><value value="https://github.com/UPM-NTHC/PH-RoadSafetyIG"/></telecom></contact><contact><name value="PH Road Safety IG Repository"/><telecom><system value="url"/><value value="https://github.com/UPM-NTHC/PH-RoadSafetyIG"/></telecom></contact><description value="Compilation of local codes for SILPH Road Safety Project. Includes local codes for data element terminology mapping and local codes for value sets"/><jurisdiction><coding><system value="urn:iso:std:iso:3166"/><code value="PH"/><display value="Philippines"/></coding></jurisdiction><caseSensitive value="false"/><valueSet value="http://www.roadsafetyph.doh.gov.ph/ValueSet"/><compositional value="false"/><versionNeeded value="true"/><content value="complete"/><count value="23"/><concept><code value="BHS"/><display value="BHS"/><definition value="BHS"/></concept><concept><code value="RHU"/><display value="RHU"/><definition value="RHU"/></concept><concept><code value="VAWC"/><display value="VAWC Patient"/><definition value="VAWC Patient"/></concept><concept><code value="NONCOLLISION"/><display value="Non-Collision"/><definition value="Non-Collision"/></concept><concept><code value="TRICYCLE"/><display value="Tricycle"/><definition value="Tricycle"/></concept><concept><code value="JEEPNEY"/><display value="Jeepney"/><definition value="Jeepney"/></concept><concept><code value="VIDEOBAR"/><display value="Videoke Bars"/><definition value="Videoke Bars"/></concept><concept><code value="LEISURE"/><display value="Leisure"/><definition value="Leisure"/></concept><concept><code value="UNIMPROVED"/><display value="Unimproved"/><definition value="Unimproved"/></concept><concept><code value="DIED"/><display value="Died"/><definition value="Died"/></concept><concept><code value="LAND"/><display value="Land"/><definition value="Exposure to water transport injury event"/></concept><concept><code value="INJURYFRONT"/><display value="Site of Injury/Pain - Front Part of Body"/><definition value="Data Element: Site of Injury/Pain - Front Part of Body"/></concept><concept><code value="INJURYBACK"/><display value="Site of Injury/Pain - Back Part of Body"/><definition value="Data Element: Site of Injury/Pain - Back Part of Body"/></concept><concept><code value="RRFREMARKS"/><display value="Run Report Form Remarks"/><definition value="Data Element: Run Report Form Remarks"/></concept><concept><code value="MVA-COLLISION"/><display value="FOR TRANSPORT/VEHICULAR ACCIDENT ONLY (Collision; Non-Collision)"/><definition value="Data Element: FOR TRANSPORT/VEHICULAR ACCIDENT ONLY (Collision; Non-Collision)"/></concept><concept><code value="PATIENTVEHICLE"/><display value="Vehicles Involved: Patient's Vehicle"/><definition value="Data Element: Vehicles Involved: Patient's Vehicle"/></concept><concept><code value="OTHERVEHICLE"/><display value="Other Vehicle/Object Involved (for COLLISION accident ONLY)"/><definition value="Data Element: Other Vehicle/Object Involved (for COLLISION accident ONLY)"/></concept><concept><code value="PATIENTPOSITION"/><display value="Position of Patient"/><definition value="Data Element: Position of Patient"/></concept><concept><code value="PLACEOCCURRENCE"/><display value="Place of Occurrence"/><definition value="Data Element: Place of Occurrence"/></concept><concept><code value="COLLISIONTYPE"/><display value="Collision Type"/><definition value="Data Element: Collision Type"/></concept><concept><code value="COORDINATIONDONE"/><display value="Was Transport Coordinated with Receiving Hospital?"/><definition value="Data Element: Was Transport Coordinated with Receiving Hospital?"/></concept><concept><code value="ER_OUTPATIENT_OUTCOME"/><display value="Outcome"/><definition value="Data Element: ER/Outpatient Outcome"/></concept><concept><code value="INPATIENT_OUTCOME"/><display value="Outcome"/><definition value="Data Element: Inpatient Outcome"/></concept></CodeSystem>