<?xml version="1.0" encoding="UTF-8"?><CodeSystem xmlns="http://hl7.org/fhir"><id value="activity-cs"/><text><status value="generated"/><div xmlns="http://www.w3.org/1999/xhtml"><p class="res-header-id"><b>Generated Narrative: CodeSystem activity-cs</b></p><a name="activity-cs"> </a><a name="hcactivity-cs"> </a><p>This  code system <code>https://build.fhir.org/ig/UPM-NTHC/PH-RoadSafetyIG/CodeSystem/activity-cs</code> defines the following codes:</p><table class="codes"><tr><td style="white-space:nowrap"><b>Code</b></td><td><b>Display</b></td></tr><tr><td style="white-space:nowrap">driving<a name="activity-cs-driving"> </a></td><td>Driving</td></tr><tr><td style="white-space:nowrap">walking<a name="activity-cs-walking"> </a></td><td>Walking</td></tr><tr><td style="white-space:nowrap">working<a name="activity-cs-working"> </a></td><td>Working</td></tr><tr><td style="white-space:nowrap">playing<a name="activity-cs-playing"> </a></td><td>Playing</td></tr><tr><td style="white-space:nowrap">other<a name="activity-cs-other"> </a></td><td>Other</td></tr></table></div></text><url value="https://build.fhir.org/ig/UPM-NTHC/PH-RoadSafetyIG/CodeSystem/activity-cs"/><version value="0.1.0"/><name value="ActivityCS"/><title value="Activity at time of incident (example)"/><status value="draft"/><date value="2025-10-21T04:48:52+00:00"/><publisher value="UP Manila - National Institutes of Health - National Telehealth Center"/><contact><name value="UP Manila - National Institutes of Health - National Telehealth Center"/><telecom><system value="url"/><value value="https://github.com/UPM-NTHC/PH-RoadSafetyIG"/></telecom></contact><contact><name value="PH Road Safety IG Repository"/><telecom><system value="url"/><value value="https://github.com/UPM-NTHC/PH-RoadSafetyIG"/></telecom></contact><jurisdiction><coding><system value="urn:iso:std:iso:3166"/><code value="PH"/><display value="Philippines"/></coding></jurisdiction><content value="complete"/><count value="5"/><concept><code value="driving"/><display value="Driving"/><designation><use><system value="http://terminology.hl7.org/CodeSystem/hl7TermMaintInfra"/><code value="preferredForLanguage"/></use><value value="Driving"/></designation></concept><concept><code value="walking"/><display value="Walking"/><designation><use><system value="http://terminology.hl7.org/CodeSystem/hl7TermMaintInfra"/><code value="preferredForLanguage"/></use><value value="Walking"/></designation></concept><concept><code value="working"/><display value="Working"/><designation><use><system value="http://terminology.hl7.org/CodeSystem/hl7TermMaintInfra"/><code value="preferredForLanguage"/></use><value value="Working"/></designation></concept><concept><code value="playing"/><display value="Playing"/><designation><use><system value="http://terminology.hl7.org/CodeSystem/hl7TermMaintInfra"/><code value="preferredForLanguage"/></use><value value="Playing"/></designation></concept><concept><code value="other"/><display value="Other"/><designation><use><system value="http://terminology.hl7.org/CodeSystem/hl7TermMaintInfra"/><code value="preferredForLanguage"/></use><value value="Other"/></designation></concept></CodeSystem>