<?xml version="1.0" encoding="UTF-8"?><CodeSystem xmlns="http://hl7.org/fhir"><id value="RSCompositionTypeCS-Run"/><text><status value="generated"/><div xmlns="http://www.w3.org/1999/xhtml"><p class="res-header-id"><b>Generated Narrative: CodeSystem RSCompositionTypeCS-Run</b></p><a name="RSCompositionTypeCS-Run"> </a><a name="hcRSCompositionTypeCS-Run"> </a><p>This  code system <code>https://build.fhir.org/ig/UPM-NTHC/PH-RoadSafetyIG/CodeSystem/RSCompositionTypeCS-Run</code> defines the following code:</p><table class="codes"><tr><td style="white-space:nowrap"><b>Code</b></td><td><b>Display</b></td></tr><tr><td style="white-space:nowrap">run-report<a name="RSCompositionTypeCS-Run-run-report"> </a></td><td>Run Report</td></tr></table></div></text><url value="https://build.fhir.org/ig/UPM-NTHC/PH-RoadSafetyIG/CodeSystem/RSCompositionTypeCS-Run"/><version value="0.1.0"/><name value="RSCompositionTypeCSRun"/><title value="Road Safety Composition Type (Run)"/><status value="draft"/><date value="2025-10-09T04:26:27+00:00"/><publisher value="UP Manila - National Institutes of Health - National Telehealth Center"/><contact><name value="UP Manila - National Institutes of Health - National Telehealth Center"/><telecom><system value="url"/><value value="https://github.com/UPM-NTHC/PH-RoadSafetyIG"/></telecom></contact><contact><name value="PH Road Safety IG Repository"/><telecom><system value="url"/><value value="https://github.com/UPM-NTHC/PH-RoadSafetyIG"/></telecom></contact><jurisdiction><coding><system value="urn:iso:std:iso:3166"/><code value="PH"/><display value="Philippines"/></coding></jurisdiction><content value="complete"/><count value="1"/><concept><code value="run-report"/><display value="Run Report"/></concept></CodeSystem>