<?xml version="1.0" encoding="UTF-8"?><CodeSystem xmlns="http://hl7.org/fhir"><id value="collision-type-cs"/><text><status value="generated"/><div xmlns="http://www.w3.org/1999/xhtml"><p class="res-header-id"><b>Generated Narrative: CodeSystem collision-type-cs</b></p><a name="collision-type-cs"> </a><a name="hccollision-type-cs"> </a><p>This  code system <code>https://build.fhir.org/ig/UPM-NTHC/PH-RoadSafetyIG/CodeSystem/collision-type-cs</code> defines the following codes:</p><table class="codes"><tr><td style="white-space:nowrap"><b>Code</b></td><td><b>Display</b></td></tr><tr><td style="white-space:nowrap">head-on<a name="collision-type-cs-head-on"> </a></td><td>Head-on</td></tr><tr><td style="white-space:nowrap">rear-end<a name="collision-type-cs-rear-end"> </a></td><td>Rear-end</td></tr><tr><td style="white-space:nowrap">side-swipe<a name="collision-type-cs-side-swipe"> </a></td><td>Side-swipe</td></tr><tr><td style="white-space:nowrap">rollover<a name="collision-type-cs-rollover"> </a></td><td>Rollover</td></tr><tr><td style="white-space:nowrap">non-collision<a name="collision-type-cs-non-collision"> </a></td><td>Non-collision</td></tr><tr><td style="white-space:nowrap">other<a name="collision-type-cs-other"> </a></td><td>Other</td></tr></table></div></text><url value="https://build.fhir.org/ig/UPM-NTHC/PH-RoadSafetyIG/CodeSystem/collision-type-cs"/><version value="0.1.0"/><name value="CollisionTypeCS"/><title value="Collision Type (example)"/><status value="draft"/><date value="2025-10-21T02:17:32+00:00"/><publisher value="UP Manila - National Institutes of Health - National Telehealth Center"/><contact><name value="UP Manila - National Institutes of Health - National Telehealth Center"/><telecom><system value="url"/><value value="https://github.com/UPM-NTHC/PH-RoadSafetyIG"/></telecom></contact><contact><name value="PH Road Safety IG Repository"/><telecom><system value="url"/><value value="https://github.com/UPM-NTHC/PH-RoadSafetyIG"/></telecom></contact><jurisdiction><coding><system value="urn:iso:std:iso:3166"/><code value="PH"/><display value="Philippines"/></coding></jurisdiction><content value="complete"/><count value="6"/><concept><code value="head-on"/><display value="Head-on"/><designation><use><system value="http://terminology.hl7.org/CodeSystem/hl7TermMaintInfra"/><code value="preferredForLanguage"/></use><value value="Head-on"/></designation></concept><concept><code value="rear-end"/><display value="Rear-end"/><designation><use><system value="http://terminology.hl7.org/CodeSystem/hl7TermMaintInfra"/><code value="preferredForLanguage"/></use><value value="Rear-end"/></designation></concept><concept><code value="side-swipe"/><display value="Side-swipe"/><designation><use><system value="http://terminology.hl7.org/CodeSystem/hl7TermMaintInfra"/><code value="preferredForLanguage"/></use><value value="Side-swipe"/></designation></concept><concept><code value="rollover"/><display value="Rollover"/><designation><use><system value="http://terminology.hl7.org/CodeSystem/hl7TermMaintInfra"/><code value="preferredForLanguage"/></use><value value="Rollover"/></designation></concept><concept><code value="non-collision"/><display value="Non-collision"/><designation><use><system value="http://terminology.hl7.org/CodeSystem/hl7TermMaintInfra"/><code value="preferredForLanguage"/></use><value value="Non-collision"/></designation></concept><concept><code value="other"/><display value="Other"/><designation><use><system value="http://terminology.hl7.org/CodeSystem/hl7TermMaintInfra"/><code value="preferredForLanguage"/></use><value value="Other"/></designation></concept></CodeSystem>