<?xml version="1.0" encoding="UTF-8"?><CodeSystem xmlns="http://hl7.org/fhir"><id value="RSRunSectionCS"/><text><status value="generated"/><div xmlns="http://www.w3.org/1999/xhtml"><p class="res-header-id"><b>Generated Narrative: CodeSystem RSRunSectionCS</b></p><a name="RSRunSectionCS"> </a><a name="hcRSRunSectionCS"> </a><p>This  code system <code>https://build.fhir.org/ig/UPM-NTHC/PH-RoadSafetyIG/CodeSystem/RSRunSectionCS</code> defines the following codes:</p><table class="codes"><tr><td style="white-space:nowrap"><b>Code</b></td><td><b>Display</b></td></tr><tr><td style="white-space:nowrap">patient<a name="RSRunSectionCS-patient"> </a></td><td>Patient</td></tr><tr><td style="white-space:nowrap">encounter<a name="RSRunSectionCS-encounter"> </a></td><td>Encounter</td></tr><tr><td style="white-space:nowrap">incident<a name="RSRunSectionCS-incident"> </a></td><td>Incident</td></tr><tr><td style="white-space:nowrap">triage-vitals<a name="RSRunSectionCS-triage-vitals"> </a></td><td>Triage and Vitals</td></tr><tr><td style="white-space:nowrap">counts<a name="RSRunSectionCS-counts"> </a></td><td>Counts</td></tr><tr><td style="white-space:nowrap">post-crash<a name="RSRunSectionCS-post-crash"> </a></td><td>Post‑Crash</td></tr><tr><td style="white-space:nowrap">documents<a name="RSRunSectionCS-documents"> </a></td><td>Documents</td></tr><tr><td style="white-space:nowrap">workflow<a name="RSRunSectionCS-workflow"> </a></td><td>Workflow / Tasks</td></tr><tr><td style="white-space:nowrap">timeline<a name="RSRunSectionCS-timeline"> </a></td><td>Timeline</td></tr></table></div></text><url value="https://build.fhir.org/ig/UPM-NTHC/PH-RoadSafetyIG/CodeSystem/RSRunSectionCS"/><version value="0.1.0"/><name value="RSRunSectionCS"/><title value="Run Report Composition Sections"/><status value="draft"/><date value="2025-10-08T01:44:50+00:00"/><publisher value="UP Manila - National Institutes of Health - National Telehealth Center"/><contact><name value="UP Manila - National Institutes of Health - National Telehealth Center"/><telecom><system value="url"/><value value="https://github.com/UPM-NTHC/PH-RoadSafetyIG"/></telecom></contact><contact><name value="PH Road Safety IG Repository"/><telecom><system value="url"/><value value="https://github.com/UPM-NTHC/PH-RoadSafetyIG"/></telecom></contact><jurisdiction><coding><system value="urn:iso:std:iso:3166"/><code value="PH"/><display value="Philippines"/></coding></jurisdiction><content value="complete"/><count value="9"/><concept><code value="patient"/><display value="Patient"/></concept><concept><code value="encounter"/><display value="Encounter"/></concept><concept><code value="incident"/><display value="Incident"/></concept><concept><code value="triage-vitals"/><display value="Triage and Vitals"/></concept><concept><code value="counts"/><display value="Counts"/></concept><concept><code value="post-crash"/><display value="Post‑Crash"/></concept><concept><code value="documents"/><display value="Documents"/></concept><concept><code value="workflow"/><display value="Workflow / Tasks"/></concept><concept><code value="timeline"/><display value="Timeline"/></concept></CodeSystem>