<?xml version="1.0" encoding="UTF-8"?><ConceptMap xmlns="http://hl7.org/fhir"><id value="MDSRoadSafety2FHIR"/><text><status value="generated"/><div xmlns="http://www.w3.org/1999/xhtml"><p class="res-header-id"><b>Generated Narrative: ConceptMap MDSRoadSafety2FHIR</b></p><a name="MDSRoadSafety2FHIR"> </a><a name="hcMDSRoadSafety2FHIR"> </a><p>Mapping from https://build.fhir.org/ig/UP-Manila-SILab/PH-RoadSafetyIG/StructureDefinition/MDSRoadSafety to http://hl7.org/fhir/R4</p><br/><p><b>Group 1 </b>Mapping from <code>https://build.fhir.org/ig/UP-Manila-SILab/PH-RoadSafetyIG/StructureDefinition/MDSRoadSafety</code> to <a href="http://hl7.org/fhir/R4/encounter.html">Encounter</a></p><table class="grid"><tr><td><b>Source Code</b></td><td><b>Relationship</b></td><td><b>Target Code</b></td></tr><tr><td>MDSRoadSafety.runreport.workflow.receivedBy</td><td><a href="http://hl7.org/fhir/R5/codesystem-concept-map-relationship.html#equivalent" title="equivalent">is equivalent to</a></td><td>Encounter.participant.individual</td></tr><tr><td>MDSRoadSafety.runreport.workflow.crew.teamLeader</td><td><a href="http://hl7.org/fhir/R5/codesystem-concept-map-relationship.html#equivalent" title="equivalent">is equivalent to</a></td><td>Encounter.participant.individual</td></tr><tr><td>MDSRoadSafety.runreport.workflow.crew.treatmentOfficer</td><td><a href="http://hl7.org/fhir/R5/codesystem-concept-map-relationship.html#equivalent" title="equivalent">is equivalent to</a></td><td>Encounter.participant.individual</td></tr><tr><td>MDSRoadSafety.runreport.workflow.crew.transportOfficer</td><td><a href="http://hl7.org/fhir/R5/codesystem-concept-map-relationship.html#equivalent" title="equivalent">is equivalent to</a></td><td>Encounter.participant.individual</td></tr><tr><td>MDSRoadSafety.runreport.workflow.crew.assistant</td><td><a href="http://hl7.org/fhir/R5/codesystem-concept-map-relationship.html#equivalent" title="equivalent">is equivalent to</a></td><td>Encounter.participant.individual</td></tr><tr><td>MDSRoadSafety.oneiss.encounter.incidentNumber</td><td><a href="http://hl7.org/fhir/R5/codesystem-concept-map-relationship.html#equivalent" title="equivalent">is equivalent to</a></td><td>Encounter.identifier</td></tr><tr><td>MDSRoadSafety.oneiss.encounter.hospitalCaseNo</td><td><a href="http://hl7.org/fhir/R5/codesystem-concept-map-relationship.html#equivalent" title="equivalent">is equivalent to</a></td><td>Encounter.identifier</td></tr><tr><td>MDSRoadSafety.oneiss.encounter.typeOfPatient</td><td><a href="http://hl7.org/fhir/R5/codesystem-concept-map-relationship.html#equivalent" title="equivalent">is equivalent to</a></td><td>Encounter.class</td></tr><tr><td>MDSRoadSafety.oneiss.encounter.dateTimeOfConsult</td><td><a href="http://hl7.org/fhir/R5/codesystem-concept-map-relationship.html#equivalent" title="equivalent">is equivalent to</a></td><td>Encounter.period.start</td></tr><tr><td>MDSRoadSafety.oneiss.encounter.serviceProvider</td><td><a href="http://hl7.org/fhir/R5/codesystem-concept-map-relationship.html#equivalent" title="equivalent">is equivalent to</a></td><td>Encounter.serviceProvider</td></tr><tr><td>MDSRoadSafety.oneiss.encounter.originating.organization</td><td><a href="http://hl7.org/fhir/R5/codesystem-concept-map-relationship.html#equivalent" title="equivalent">is equivalent to</a></td><td>Encounter.hospitalization.origin</td></tr><tr><td>MDSRoadSafety.oneiss.encounter.originating.practitioner</td><td><a href="http://hl7.org/fhir/R5/codesystem-concept-map-relationship.html#equivalent" title="equivalent">is equivalent to</a></td><td>Encounter.participant.individual</td></tr><tr><td>MDSRoadSafety.oneiss.encounter.disposition</td><td><a href="http://hl7.org/fhir/R5/codesystem-concept-map-relationship.html#equivalent" title="equivalent">is equivalent to</a></td><td>Encounter.hospitalization.dischargeDisposition</td></tr><tr><td>MDSRoadSafety.oneiss.encounter.disposition.text</td><td><a href="http://hl7.org/fhir/R5/codesystem-concept-map-relationship.html#equivalent" title="equivalent">is equivalent to</a></td><td>Encounter.hospitalization.dischargeDisposition.text</td></tr><tr><td>MDSRoadSafety.oneiss.encounter.transferDestination</td><td><a href="http://hl7.org/fhir/R5/codesystem-concept-map-relationship.html#equivalent" title="equivalent">is equivalent to</a></td><td>Encounter.hospitalization.destination</td></tr></table><hr/><p><b>Group 2 </b>Mapping from <code>https://build.fhir.org/ig/UP-Manila-SILab/PH-RoadSafetyIG/StructureDefinition/MDSRoadSafety</code> to <a href="http://hl7.org/fhir/R4/patient.html">Patient</a></p><table class="grid"><tr><td><b>Source Code</b></td><td><b>Relationship</b></td><td><b>Target Code</b></td></tr><tr><td>MDSRoadSafety.oneiss.patient.name.family</td><td><a href="http://hl7.org/fhir/R5/codesystem-concept-map-relationship.html#equivalent" title="equivalent">is equivalent to</a></td><td>Patient.name.family</td></tr><tr><td>MDSRoadSafety.oneiss.patient.name.given</td><td><a href="http://hl7.org/fhir/R5/codesystem-concept-map-relationship.html#equivalent" title="equivalent">is equivalent to</a></td><td>Patient.name.given</td></tr><tr><td>MDSRoadSafety.oneiss.patient.birthDate</td><td><a href="http://hl7.org/fhir/R5/codesystem-concept-map-relationship.html#equivalent" title="equivalent">is equivalent to</a></td><td>Patient.birthDate</td></tr><tr><td>MDSRoadSafety.oneiss.patient.gender</td><td><a href="http://hl7.org/fhir/R5/codesystem-concept-map-relationship.html#equivalent" title="equivalent">is equivalent to</a></td><td>Patient.gender</td></tr><tr><td>MDSRoadSafety.oneiss.patient.telecom</td><td><a href="http://hl7.org/fhir/R5/codesystem-concept-map-relationship.html#equivalent" title="equivalent">is equivalent to</a></td><td>Patient.telecom</td></tr><tr><td>MDSRoadSafety.oneiss.patient.identifier</td><td><a href="http://hl7.org/fhir/R5/codesystem-concept-map-relationship.html#equivalent" title="equivalent">is equivalent to</a></td><td>Patient.identifier</td></tr><tr><td>MDSRoadSafety.oneiss.patient.occupation</td><td><a href="http://hl7.org/fhir/R5/codesystem-concept-map-relationship.html#equivalent" title="equivalent">is equivalent to</a></td><td>Patient.extension:occupation</td></tr><tr><td>MDSRoadSafety.oneiss.patient.address.line</td><td><a href="http://hl7.org/fhir/R5/codesystem-concept-map-relationship.html#equivalent" title="equivalent">is equivalent to</a></td><td>Patient.address.line</td></tr><tr><td>MDSRoadSafety.oneiss.patient.address.barangay</td><td><a href="http://hl7.org/fhir/R5/codesystem-concept-map-relationship.html#equivalent" title="equivalent">is equivalent to</a></td><td>Patient.address.extension:barangay</td></tr><tr><td>MDSRoadSafety.oneiss.patient.address.cityMunicipality</td><td><a href="http://hl7.org/fhir/R5/codesystem-concept-map-relationship.html#equivalent" title="equivalent">is equivalent to</a></td><td>Patient.address.extension:cityMunicipality</td></tr><tr><td>MDSRoadSafety.oneiss.patient.address.province</td><td><a href="http://hl7.org/fhir/R5/codesystem-concept-map-relationship.html#equivalent" title="equivalent">is equivalent to</a></td><td>Patient.address.extension:province</td></tr><tr><td>MDSRoadSafety.oneiss.patient.address.region</td><td><a href="http://hl7.org/fhir/R5/codesystem-concept-map-relationship.html#equivalent" title="equivalent">is equivalent to</a></td><td>Patient.address.extension:region</td></tr></table><hr/><p><b>Group 3 </b>Mapping from <code>https://build.fhir.org/ig/UP-Manila-SILab/PH-RoadSafetyIG/StructureDefinition/MDSRoadSafety</code> to <a href="http://hl7.org/fhir/R4/location.html">Location</a></p><table class="grid"><tr><td><b>Source Code</b></td><td><b>Relationship</b></td><td><b>Target Code</b></td></tr><tr><td>MDSRoadSafety.runreport.incident.location.street</td><td><a href="http://hl7.org/fhir/R5/codesystem-concept-map-relationship.html#equivalent" title="equivalent">is equivalent to</a></td><td>Location.address.line</td></tr><tr><td>MDSRoadSafety.runreport.incident.location.barangay</td><td><a href="http://hl7.org/fhir/R5/codesystem-concept-map-relationship.html#equivalent" title="equivalent">is equivalent to</a></td><td>Location.address.extension:barangay</td></tr><tr><td>MDSRoadSafety.runreport.incident.location.city</td><td><a href="http://hl7.org/fhir/R5/codesystem-concept-map-relationship.html#equivalent" title="equivalent">is equivalent to</a></td><td>Location.address.extension:cityMunicipality</td></tr><tr><td>MDSRoadSafety.runreport.incident.location.province</td><td><a href="http://hl7.org/fhir/R5/codesystem-concept-map-relationship.html#equivalent" title="equivalent">is equivalent to</a></td><td>Location.address.extension:province</td></tr><tr><td>MDSRoadSafety.runreport.incident.location.region</td><td><a href="http://hl7.org/fhir/R5/codesystem-concept-map-relationship.html#equivalent" title="equivalent">is equivalent to</a></td><td>Location.address.extension:region</td></tr><tr><td>MDSRoadSafety.runreport.incident.location.position.longitude</td><td><a href="http://hl7.org/fhir/R5/codesystem-concept-map-relationship.html#equivalent" title="equivalent">is equivalent to</a></td><td>Location.position.longitude</td></tr><tr><td>MDSRoadSafety.runreport.incident.location.position.latitude</td><td><a href="http://hl7.org/fhir/R5/codesystem-concept-map-relationship.html#equivalent" title="equivalent">is equivalent to</a></td><td>Location.position.latitude</td></tr></table><hr/><p><b>Group 4 </b>Mapping from <code>https://build.fhir.org/ig/UP-Manila-SILab/PH-RoadSafetyIG/StructureDefinition/MDSRoadSafety</code> to <a href="http://hl7.org/fhir/R4/healthcareservice.html">HealthcareService</a></p><table class="grid"><tr><td><b>Source Code</b></td><td><b>Relationship</b></td><td><b>Target Code</b></td></tr><tr><td>MDSRoadSafety.oneiss.encounter.hospitalAvailable</td><td><a href="http://hl7.org/fhir/R5/codesystem-concept-map-relationship.html#equivalent" title="equivalent">is equivalent to</a></td><td>HealthcareService.active</td></tr></table><hr/><p><b>Group 5 </b>Mapping from <code>https://build.fhir.org/ig/UP-Manila-SILab/PH-RoadSafetyIG/StructureDefinition/MDSRoadSafety</code> to <a href="http://hl7.org/fhir/R4/servicerequest.html">ServiceRequest</a></p><table class="grid"><tr><td><b>Source Code</b></td><td><b>Relationship</b></td><td><b>Target Code</b></td></tr><tr><td>MDSRoadSafety.runreport.workflow.refusalToAdmit.flag</td><td><a href="http://hl7.org/fhir/R5/codesystem-concept-map-relationship.html#equivalent" title="equivalent">is equivalent to</a></td><td>ServiceRequest.status</td></tr><tr><td>MDSRoadSafety.runreport.workflow.refusalToAdmit.hospital</td><td><a href="http://hl7.org/fhir/R5/codesystem-concept-map-relationship.html#equivalent" title="equivalent">is equivalent to</a></td><td>ServiceRequest.supportingInfo</td></tr><tr><td>MDSRoadSafety.runreport.workflow.refusalToAdmit.physician</td><td><a href="http://hl7.org/fhir/R5/codesystem-concept-map-relationship.html#equivalent" title="equivalent">is equivalent to</a></td><td>ServiceRequest.supportingInfo</td></tr><tr><td>MDSRoadSafety.runreport.workflow.refusalToAdmit.dateTime</td><td><a href="http://hl7.org/fhir/R5/codesystem-concept-map-relationship.html#equivalent" title="equivalent">is equivalent to</a></td><td>ServiceRequest.occurrenceDateTime</td></tr></table><hr/><p><b>Group 6 </b>Mapping from <code>https://build.fhir.org/ig/UP-Manila-SILab/PH-RoadSafetyIG/StructureDefinition/MDSRoadSafety</code> to <a href="http://hl7.org/fhir/R4/procedure.html">Procedure</a></p><table class="grid"><tr><td><b>Source Code</b></td><td><b>Relationship</b></td><td><b>Target Code</b></td></tr><tr><td>MDSRoadSafety.runreport.clinical.procedures.intervention</td><td><a href="http://hl7.org/fhir/R5/codesystem-concept-map-relationship.html#equivalent" title="equivalent">is equivalent to</a></td><td>Procedure.code</td></tr><tr><td>MDSRoadSafety.runreport.clinical.procedures.suppliesUsed.usedCode</td><td><a href="http://hl7.org/fhir/R5/codesystem-concept-map-relationship.html#equivalent" title="equivalent">is equivalent to</a></td><td>Procedure.usedCode</td></tr><tr><td>MDSRoadSafety.runreport.clinical.procedures.suppliesUsed.usedReference</td><td><a href="http://hl7.org/fhir/R5/codesystem-concept-map-relationship.html#equivalent" title="equivalent">is equivalent to</a></td><td>Procedure.usedReference</td></tr><tr><td>MDSRoadSafety.oneiss.clinical.psychosocialSupport</td><td><a href="http://hl7.org/fhir/R5/codesystem-concept-map-relationship.html#equivalent" title="equivalent">is equivalent to</a></td><td>Procedure.code</td></tr><tr><td>MDSRoadSafety.oneiss.clinical.transportCoordination</td><td><a href="http://hl7.org/fhir/R5/codesystem-concept-map-relationship.html#equivalent" title="equivalent">is equivalent to</a></td><td>Procedure.code</td></tr><tr><td>MDSRoadSafety.oneiss.clinical.procedures.firstAid.given</td><td><a href="http://hl7.org/fhir/R5/codesystem-concept-map-relationship.html#equivalent" title="equivalent">is equivalent to</a></td><td>Procedure.note</td></tr><tr><td>MDSRoadSafety.oneiss.clinical.procedures.firstAid.what</td><td><a href="http://hl7.org/fhir/R5/codesystem-concept-map-relationship.html#equivalent" title="equivalent">is equivalent to</a></td><td>Procedure.note</td></tr><tr><td>MDSRoadSafety.oneiss.clinical.procedures.firstAid.byWhom</td><td><a href="http://hl7.org/fhir/R5/codesystem-concept-map-relationship.html#equivalent" title="equivalent">is equivalent to</a></td><td>Procedure.performer</td></tr></table><hr/><p><b>Group 7 </b>Mapping from <code>https://build.fhir.org/ig/UP-Manila-SILab/PH-RoadSafetyIG/StructureDefinition/MDSRoadSafety</code> to <a href="http://hl7.org/fhir/R4/observation.html">Observation</a></p><table class="grid"><tr><td><b>Source Code</b></td><td><b>Relationship</b></td><td><b>Target Code</b></td></tr><tr><td>MDSRoadSafety.runreport.workflow</td><td><a href="http://hl7.org/fhir/R5/codesystem-concept-map-relationship.html#equivalent" title="equivalent">is equivalent to</a></td><td>Observation.valueString</td></tr><tr><td>MDSRoadSafety.runreport.workflow.dateReceived</td><td><a href="http://hl7.org/fhir/R5/codesystem-concept-map-relationship.html#equivalent" title="equivalent">is equivalent to</a></td><td>Observation.valueDateTime</td></tr><tr><td>MDSRoadSafety.runreport.workflow.timeEnroute</td><td><a href="http://hl7.org/fhir/R5/codesystem-concept-map-relationship.html#equivalent" title="equivalent">is equivalent to</a></td><td>Observation.valueDateTime</td></tr><tr><td>MDSRoadSafety.runreport.workflow.timeOnScene</td><td><a href="http://hl7.org/fhir/R5/codesystem-concept-map-relationship.html#equivalent" title="equivalent">is equivalent to</a></td><td>Observation.valueDateTime</td></tr><tr><td>MDSRoadSafety.runreport.workflow.timeDepartedScene</td><td><a href="http://hl7.org/fhir/R5/codesystem-concept-map-relationship.html#equivalent" title="equivalent">is equivalent to</a></td><td>Observation.valueDateTime</td></tr><tr><td>MDSRoadSafety.runreport.workflow.timeHospitalArrival</td><td><a href="http://hl7.org/fhir/R5/codesystem-concept-map-relationship.html#equivalent" title="equivalent">is equivalent to</a></td><td>Observation.valueDateTime</td></tr><tr><td>MDSRoadSafety.runreport.workflow.timeStationArrival</td><td><a href="http://hl7.org/fhir/R5/codesystem-concept-map-relationship.html#equivalent" title="equivalent">is equivalent to</a></td><td>Observation.valueDateTime</td></tr><tr><td>MDSRoadSafety.runreport.workflow.crew</td><td><a href="http://hl7.org/fhir/R5/codesystem-concept-map-relationship.html#equivalent" title="equivalent">is equivalent to</a></td><td>Observation.valueString</td></tr><tr><td>MDSRoadSafety.runreport.workflow.medicalFacility</td><td><a href="http://hl7.org/fhir/R5/codesystem-concept-map-relationship.html#equivalent" title="equivalent">is equivalent to</a></td><td>Observation.valueString</td></tr><tr><td>MDSRoadSafety.runreport.workflow.vehicleUsed</td><td><a href="http://hl7.org/fhir/R5/codesystem-concept-map-relationship.html#equivalent" title="equivalent">is equivalent to</a></td><td>Observation.valueString</td></tr><tr><td>MDSRoadSafety.runreport.workflow.refusalToAdmit</td><td><a href="http://hl7.org/fhir/R5/codesystem-concept-map-relationship.html#equivalent" title="equivalent">is equivalent to</a></td><td>Observation.valueString</td></tr><tr><td>MDSRoadSafety.runreport.incident</td><td><a href="http://hl7.org/fhir/R5/codesystem-concept-map-relationship.html#equivalent" title="equivalent">is equivalent to</a></td><td>Observation.valueString</td></tr><tr><td>MDSRoadSafety.runreport.incident.reportedComplaint</td><td><a href="http://hl7.org/fhir/R5/codesystem-concept-map-relationship.html#equivalent" title="equivalent">is equivalent to</a></td><td>Observation.valueString</td></tr><tr><td>MDSRoadSafety.runreport.incident.callSource</td><td><a href="http://hl7.org/fhir/R5/codesystem-concept-map-relationship.html#equivalent" title="equivalent">is equivalent to</a></td><td>Observation.valueString</td></tr><tr><td>MDSRoadSafety.runreport.incident.location</td><td><a href="http://hl7.org/fhir/R5/codesystem-concept-map-relationship.html#equivalent" title="equivalent">is equivalent to</a></td><td>Observation.valueString</td></tr><tr><td>MDSRoadSafety.runreport.incident.location.position</td><td><a href="http://hl7.org/fhir/R5/codesystem-concept-map-relationship.html#equivalent" title="equivalent">is equivalent to</a></td><td>Observation.valueString</td></tr><tr><td>MDSRoadSafety.runreport.clinical</td><td><a href="http://hl7.org/fhir/R5/codesystem-concept-map-relationship.html#equivalent" title="equivalent">is equivalent to</a></td><td>Observation.valueString</td></tr><tr><td>MDSRoadSafety.runreport.clinical.procedures</td><td><a href="http://hl7.org/fhir/R5/codesystem-concept-map-relationship.html#equivalent" title="equivalent">is equivalent to</a></td><td>Observation.valueString</td></tr><tr><td>MDSRoadSafety.runreport.clinical.procedures.suppliesUsed</td><td><a href="http://hl7.org/fhir/R5/codesystem-concept-map-relationship.html#equivalent" title="equivalent">is equivalent to</a></td><td>Observation.valueString</td></tr><tr><td>MDSRoadSafety.runreport.clinical.remarks</td><td><a href="http://hl7.org/fhir/R5/codesystem-concept-map-relationship.html#equivalent" title="equivalent">is equivalent to</a></td><td>Observation.valueString</td></tr><tr><td>MDSRoadSafety.runreport.vitals</td><td><a href="http://hl7.org/fhir/R5/codesystem-concept-map-relationship.html#equivalent" title="equivalent">is equivalent to</a></td><td>Observation.valueString</td></tr><tr><td>MDSRoadSafety.runreport.vitals.time</td><td><a href="http://hl7.org/fhir/R5/codesystem-concept-map-relationship.html#equivalent" title="equivalent">is equivalent to</a></td><td>Observation.effectiveDateTime</td></tr><tr><td>MDSRoadSafety.runreport.vitals.respiratoryRate</td><td><a href="http://hl7.org/fhir/R5/codesystem-concept-map-relationship.html#equivalent" title="equivalent">is equivalent to</a></td><td>Observation.valueQuantity</td></tr><tr><td>MDSRoadSafety.runreport.vitals.respiratoryRhythm</td><td><a href="http://hl7.org/fhir/R5/codesystem-concept-map-relationship.html#equivalent" title="equivalent">is equivalent to</a></td><td>Observation.valueCodeableConcept</td></tr><tr><td>MDSRoadSafety.runreport.vitals.breathSounds</td><td><a href="http://hl7.org/fhir/R5/codesystem-concept-map-relationship.html#equivalent" title="equivalent">is equivalent to</a></td><td>Observation.valueCodeableConcept</td></tr><tr><td>MDSRoadSafety.runreport.vitals.pulseRate</td><td><a href="http://hl7.org/fhir/R5/codesystem-concept-map-relationship.html#equivalent" title="equivalent">is equivalent to</a></td><td>Observation.valueQuantity</td></tr><tr><td>MDSRoadSafety.runreport.vitals.pulseRhythm</td><td><a href="http://hl7.org/fhir/R5/codesystem-concept-map-relationship.html#equivalent" title="equivalent">is equivalent to</a></td><td>Observation.valueCodeableConcept</td></tr><tr><td>MDSRoadSafety.runreport.vitals.pulseQuality</td><td><a href="http://hl7.org/fhir/R5/codesystem-concept-map-relationship.html#equivalent" title="equivalent">is equivalent to</a></td><td>Observation.valueCodeableConcept</td></tr><tr><td>MDSRoadSafety.runreport.vitals.bloodPressure</td><td><a href="http://hl7.org/fhir/R5/codesystem-concept-map-relationship.html#equivalent" title="equivalent">is equivalent to</a></td><td>Observation.valueString</td></tr><tr><td>MDSRoadSafety.runreport.vitals.bloodPressure.systolic</td><td><a href="http://hl7.org/fhir/R5/codesystem-concept-map-relationship.html#equivalent" title="equivalent">is equivalent to</a></td><td>Observation.component:bpSystolic.valueQuantity</td></tr><tr><td>MDSRoadSafety.runreport.vitals.bloodPressure.diastolic</td><td><a href="http://hl7.org/fhir/R5/codesystem-concept-map-relationship.html#equivalent" title="equivalent">is equivalent to</a></td><td>Observation.component:bpDiastolic.valueQuantity</td></tr><tr><td>MDSRoadSafety.runreport.vitals.temperature</td><td><a href="http://hl7.org/fhir/R5/codesystem-concept-map-relationship.html#equivalent" title="equivalent">is equivalent to</a></td><td>Observation.valueQuantity</td></tr><tr><td>MDSRoadSafety.runreport.vitals.levelOfConsciousness</td><td><a href="http://hl7.org/fhir/R5/codesystem-concept-map-relationship.html#equivalent" title="equivalent">is equivalent to</a></td><td>Observation.valueCodeableConcept</td></tr><tr><td>MDSRoadSafety.runreport.vitals.pupils</td><td><a href="http://hl7.org/fhir/R5/codesystem-concept-map-relationship.html#equivalent" title="equivalent">is equivalent to</a></td><td>Observation.valueCodeableConcept</td></tr><tr><td>MDSRoadSafety.runreport.vitals.gcs</td><td><a href="http://hl7.org/fhir/R5/codesystem-concept-map-relationship.html#equivalent" title="equivalent">is equivalent to</a></td><td>Observation.valueString</td></tr><tr><td>MDSRoadSafety.runreport.vitals.gcs.eyes</td><td><a href="http://hl7.org/fhir/R5/codesystem-concept-map-relationship.html#equivalent" title="equivalent">is equivalent to</a></td><td>Observation.component:gcsEyes.valueCodeableConcept</td></tr><tr><td>MDSRoadSafety.runreport.vitals.gcs.verbal</td><td><a href="http://hl7.org/fhir/R5/codesystem-concept-map-relationship.html#equivalent" title="equivalent">is equivalent to</a></td><td>Observation.component:gcsVerbal.valueCodeableConcept</td></tr><tr><td>MDSRoadSafety.runreport.vitals.gcs.motor</td><td><a href="http://hl7.org/fhir/R5/codesystem-concept-map-relationship.html#equivalent" title="equivalent">is equivalent to</a></td><td>Observation.component:gcsMotor.valueCodeableConcept</td></tr><tr><td>MDSRoadSafety.runreport.vitals.gcs.total</td><td><a href="http://hl7.org/fhir/R5/codesystem-concept-map-relationship.html#equivalent" title="equivalent">is equivalent to</a></td><td>Observation.valueInteger</td></tr><tr><td>MDSRoadSafety.runreport.vitals.cyanosis</td><td><a href="http://hl7.org/fhir/R5/codesystem-concept-map-relationship.html#equivalent" title="equivalent">is equivalent to</a></td><td>Observation.valueString</td></tr><tr><td>MDSRoadSafety.runreport.notes</td><td><a href="http://hl7.org/fhir/R5/codesystem-concept-map-relationship.html#equivalent" title="equivalent">is equivalent to</a></td><td>Observation.valueString</td></tr><tr><td>MDSRoadSafety.oneiss.patient</td><td><a href="http://hl7.org/fhir/R5/codesystem-concept-map-relationship.html#equivalent" title="equivalent">is equivalent to</a></td><td>Observation.valueString</td></tr><tr><td>MDSRoadSafety.oneiss.patient.name</td><td><a href="http://hl7.org/fhir/R5/codesystem-concept-map-relationship.html#equivalent" title="equivalent">is equivalent to</a></td><td>Observation.valueString</td></tr><tr><td>MDSRoadSafety.oneiss.patient.identifier.system</td><td><a href="http://hl7.org/fhir/R5/codesystem-concept-map-relationship.html#equivalent" title="equivalent">is equivalent to</a></td><td>Observation.valueString</td></tr><tr><td>MDSRoadSafety.oneiss.patient.identifier.value</td><td><a href="http://hl7.org/fhir/R5/codesystem-concept-map-relationship.html#equivalent" title="equivalent">is equivalent to</a></td><td>Observation.valueString</td></tr><tr><td>MDSRoadSafety.oneiss.patient.identifier.type</td><td><a href="http://hl7.org/fhir/R5/codesystem-concept-map-relationship.html#equivalent" title="equivalent">is equivalent to</a></td><td>Observation.valueString</td></tr><tr><td>MDSRoadSafety.oneiss.patient.address</td><td><a href="http://hl7.org/fhir/R5/codesystem-concept-map-relationship.html#equivalent" title="equivalent">is equivalent to</a></td><td>Observation.valueString</td></tr><tr><td>MDSRoadSafety.oneiss.patient.address.use</td><td><a href="http://hl7.org/fhir/R5/codesystem-concept-map-relationship.html#equivalent" title="equivalent">is equivalent to</a></td><td>Observation.valueString</td></tr><tr><td>MDSRoadSafety.oneiss.encounter</td><td><a href="http://hl7.org/fhir/R5/codesystem-concept-map-relationship.html#equivalent" title="equivalent">is equivalent to</a></td><td>Observation.valueString</td></tr><tr><td>MDSRoadSafety.oneiss.encounter.originating</td><td><a href="http://hl7.org/fhir/R5/codesystem-concept-map-relationship.html#equivalent" title="equivalent">is equivalent to</a></td><td>Observation.valueString</td></tr><tr><td>MDSRoadSafety.oneiss.encounter.outcomeAtRelease</td><td><a href="http://hl7.org/fhir/R5/codesystem-concept-map-relationship.html#equivalent" title="equivalent">is equivalent to</a></td><td>Observation.valueString</td></tr><tr><td>MDSRoadSafety.oneiss.encounter.outcomeAtDischarge</td><td><a href="http://hl7.org/fhir/R5/codesystem-concept-map-relationship.html#equivalent" title="equivalent">is equivalent to</a></td><td>Observation.valueString</td></tr><tr><td>MDSRoadSafety.oneiss.clinical</td><td><a href="http://hl7.org/fhir/R5/codesystem-concept-map-relationship.html#equivalent" title="equivalent">is equivalent to</a></td><td>Observation.valueString</td></tr><tr><td>MDSRoadSafety.oneiss.clinical.conditionOfPatient</td><td><a href="http://hl7.org/fhir/R5/codesystem-concept-map-relationship.html#equivalent" title="equivalent">is equivalent to</a></td><td>Observation.valueCodeableConcept</td></tr><tr><td>MDSRoadSafety.oneiss.clinical.outcomeAtRelease</td><td><a href="http://hl7.org/fhir/R5/codesystem-concept-map-relationship.html#equivalent" title="equivalent">is equivalent to</a></td><td>Observation.valueCodeableConcept</td></tr><tr><td>MDSRoadSafety.oneiss.clinical.outcomeAtDischarge</td><td><a href="http://hl7.org/fhir/R5/codesystem-concept-map-relationship.html#equivalent" title="equivalent">is equivalent to</a></td><td>Observation.valueCodeableConcept</td></tr><tr><td>MDSRoadSafety.oneiss.clinical.statusOnArrival</td><td><a href="http://hl7.org/fhir/R5/codesystem-concept-map-relationship.html#equivalent" title="equivalent">is equivalent to</a></td><td>Observation.valueCodeableConcept</td></tr><tr><td>MDSRoadSafety.oneiss.clinical.statusOnArrivalAliveDetail</td><td><a href="http://hl7.org/fhir/R5/codesystem-concept-map-relationship.html#equivalent" title="equivalent">is equivalent to</a></td><td>Observation.valueCodeableConcept</td></tr><tr><td>MDSRoadSafety.oneiss.clinical.procedures</td><td><a href="http://hl7.org/fhir/R5/codesystem-concept-map-relationship.html#equivalent" title="equivalent">is equivalent to</a></td><td>Observation.valueString</td></tr><tr><td>MDSRoadSafety.oneiss.clinical.procedures.firstAid</td><td><a href="http://hl7.org/fhir/R5/codesystem-concept-map-relationship.html#equivalent" title="equivalent">is equivalent to</a></td><td>Observation.valueString</td></tr><tr><td>MDSRoadSafety.oneiss.clinical.bloodAlcoholConcentration</td><td><a href="http://hl7.org/fhir/R5/codesystem-concept-map-relationship.html#equivalent" title="equivalent">is equivalent to</a></td><td>Observation.valueQuantity</td></tr><tr><td>MDSRoadSafety.oneiss.clinical.otherRiskFactors</td><td><a href="http://hl7.org/fhir/R5/codesystem-concept-map-relationship.html#equivalent" title="equivalent">is equivalent to</a></td><td>Observation.valueString</td></tr><tr><td>MDSRoadSafety.oneiss.clinical.otherRiskFactorsOther</td><td><a href="http://hl7.org/fhir/R5/codesystem-concept-map-relationship.html#equivalent" title="equivalent">is equivalent to</a></td><td>Observation.valueString</td></tr><tr><td>MDSRoadSafety.oneiss.incident</td><td><a href="http://hl7.org/fhir/R5/codesystem-concept-map-relationship.html#equivalent" title="equivalent">is equivalent to</a></td><td>Observation.valueString</td></tr><tr><td>MDSRoadSafety.oneiss.incident.injuryDateTime</td><td><a href="http://hl7.org/fhir/R5/codesystem-concept-map-relationship.html#equivalent" title="equivalent">is equivalent to</a></td><td>Observation.valueDateTime</td></tr><tr><td>MDSRoadSafety.oneiss.incident.injuryIntent</td><td><a href="http://hl7.org/fhir/R5/codesystem-concept-map-relationship.html#equivalent" title="equivalent">is equivalent to</a></td><td>Observation.valueCodeableConcept</td></tr><tr><td>MDSRoadSafety.oneiss.incident.transportOrVehicular</td><td><a href="http://hl7.org/fhir/R5/codesystem-concept-map-relationship.html#equivalent" title="equivalent">is equivalent to</a></td><td>Observation.valueBoolean</td></tr><tr><td>MDSRoadSafety.oneiss.incident.transportModeToFacility</td><td><a href="http://hl7.org/fhir/R5/codesystem-concept-map-relationship.html#equivalent" title="equivalent">is equivalent to</a></td><td>Observation.valueCodeableConcept</td></tr><tr><td>MDSRoadSafety.oneiss.incident.transportModeOther</td><td><a href="http://hl7.org/fhir/R5/codesystem-concept-map-relationship.html#equivalent" title="equivalent">is equivalent to</a></td><td>Observation.valueString</td></tr><tr><td>MDSRoadSafety.oneiss.incident.triagePriority</td><td><a href="http://hl7.org/fhir/R5/codesystem-concept-map-relationship.html#equivalent" title="equivalent">is equivalent to</a></td><td>Observation.valueCodeableConcept</td></tr><tr><td>MDSRoadSafety.oneiss.incident.urgency</td><td><a href="http://hl7.org/fhir/R5/codesystem-concept-map-relationship.html#equivalent" title="equivalent">is equivalent to</a></td><td>Observation.valueCodeableConcept</td></tr><tr><td>MDSRoadSafety.oneiss.incident.placeOfOccurrence</td><td><a href="http://hl7.org/fhir/R5/codesystem-concept-map-relationship.html#equivalent" title="equivalent">is equivalent to</a></td><td>Observation.valueCodeableConcept</td></tr><tr><td>MDSRoadSafety.oneiss.incident.placeOfOccurrenceWorkplaceName</td><td><a href="http://hl7.org/fhir/R5/codesystem-concept-map-relationship.html#equivalent" title="equivalent">is equivalent to</a></td><td>Observation.note</td></tr><tr><td>MDSRoadSafety.oneiss.incident.placeOfOccurrenceOther</td><td><a href="http://hl7.org/fhir/R5/codesystem-concept-map-relationship.html#equivalent" title="equivalent">is equivalent to</a></td><td>Observation.valueString</td></tr><tr><td>MDSRoadSafety.oneiss.incident.activityAtTime</td><td><a href="http://hl7.org/fhir/R5/codesystem-concept-map-relationship.html#equivalent" title="equivalent">is equivalent to</a></td><td>Observation.valueCodeableConcept</td></tr><tr><td>MDSRoadSafety.oneiss.incident.activityOther</td><td><a href="http://hl7.org/fhir/R5/codesystem-concept-map-relationship.html#equivalent" title="equivalent">is equivalent to</a></td><td>Observation.valueString</td></tr><tr><td>MDSRoadSafety.oneiss.incident.collisionVsNonCollision</td><td><a href="http://hl7.org/fhir/R5/codesystem-concept-map-relationship.html#equivalent" title="equivalent">is equivalent to</a></td><td>Observation.valueCodeableConcept</td></tr><tr><td>MDSRoadSafety.oneiss.incident.safetyAccessories</td><td><a href="http://hl7.org/fhir/R5/codesystem-concept-map-relationship.html#equivalent" title="equivalent">is equivalent to</a></td><td>Observation.valueString</td></tr><tr><td>MDSRoadSafety.oneiss.incident.safetyAccessoriesOther</td><td><a href="http://hl7.org/fhir/R5/codesystem-concept-map-relationship.html#equivalent" title="equivalent">is equivalent to</a></td><td>Observation.valueString</td></tr><tr><td>MDSRoadSafety.oneiss.incident.patientsVehicle</td><td><a href="http://hl7.org/fhir/R5/codesystem-concept-map-relationship.html#equivalent" title="equivalent">is equivalent to</a></td><td>Observation.valueCodeableConcept</td></tr><tr><td>MDSRoadSafety.oneiss.incident.patientsVehicleOther</td><td><a href="http://hl7.org/fhir/R5/codesystem-concept-map-relationship.html#equivalent" title="equivalent">is equivalent to</a></td><td>Observation.valueString</td></tr><tr><td>MDSRoadSafety.oneiss.incident.otherVehicleOrObject</td><td><a href="http://hl7.org/fhir/R5/codesystem-concept-map-relationship.html#equivalent" title="equivalent">is equivalent to</a></td><td>Observation.valueCodeableConcept</td></tr><tr><td>MDSRoadSafety.oneiss.incident.otherVehicleOther</td><td><a href="http://hl7.org/fhir/R5/codesystem-concept-map-relationship.html#equivalent" title="equivalent">is equivalent to</a></td><td>Observation.valueString</td></tr><tr><td>MDSRoadSafety.oneiss.incident.positionOfPatient</td><td><a href="http://hl7.org/fhir/R5/codesystem-concept-map-relationship.html#equivalent" title="equivalent">is equivalent to</a></td><td>Observation.valueCodeableConcept</td></tr><tr><td>MDSRoadSafety.oneiss.incident.positionOfPatientOther</td><td><a href="http://hl7.org/fhir/R5/codesystem-concept-map-relationship.html#equivalent" title="equivalent">is equivalent to</a></td><td>Observation.valueString</td></tr><tr><td>MDSRoadSafety.oneiss.incident.howManyVehicles</td><td><a href="http://hl7.org/fhir/R5/codesystem-concept-map-relationship.html#equivalent" title="equivalent">is equivalent to</a></td><td>Observation.valueInteger</td></tr><tr><td>MDSRoadSafety.oneiss.incident.howManyPatients</td><td><a href="http://hl7.org/fhir/R5/codesystem-concept-map-relationship.html#equivalent" title="equivalent">is equivalent to</a></td><td>Observation.valueInteger</td></tr><tr><td>MDSRoadSafety.oneiss.incident.referredByAnotherFacility</td><td><a href="http://hl7.org/fhir/R5/codesystem-concept-map-relationship.html#equivalent" title="equivalent">is equivalent to</a></td><td>Observation.valueBoolean</td></tr><tr><td>MDSRoadSafety.oneiss.encounter.transferredFromAnotherFacility</td><td><a href="http://hl7.org/fhir/R5/codesystem-concept-map-relationship.html#equivalent" title="equivalent">is equivalent to</a></td><td>Observation.valueBoolean</td></tr><tr><td>MDSRoadSafety.oneiss.injuries</td><td><a href="http://hl7.org/fhir/R5/codesystem-concept-map-relationship.html#equivalent" title="equivalent">is equivalent to</a></td><td>Observation.valueString</td></tr><tr><td>MDSRoadSafety.oneiss.injuries.multipleInjuries</td><td><a href="http://hl7.org/fhir/R5/codesystem-concept-map-relationship.html#equivalent" title="equivalent">is equivalent to</a></td><td>Observation.valueBoolean</td></tr><tr><td>MDSRoadSafety.oneiss.injuries.extentOfInjury</td><td><a href="http://hl7.org/fhir/R5/codesystem-concept-map-relationship.html#equivalent" title="equivalent">is equivalent to</a></td><td>Observation.valueCodeableConcept</td></tr><tr><td>MDSRoadSafety.oneiss.injuries.abrasion</td><td><a href="http://hl7.org/fhir/R5/codesystem-concept-map-relationship.html#equivalent" title="equivalent">is equivalent to</a></td><td>Observation.valueString</td></tr><tr><td>MDSRoadSafety.oneiss.injuries.abrasion.present</td><td><a href="http://hl7.org/fhir/R5/codesystem-concept-map-relationship.html#equivalent" title="equivalent">is equivalent to</a></td><td>Observation.valueBoolean</td></tr><tr><td>MDSRoadSafety.oneiss.injuries.abrasion.site</td><td><a href="http://hl7.org/fhir/R5/codesystem-concept-map-relationship.html#equivalent" title="equivalent">is equivalent to</a></td><td>Observation.bodySite</td></tr><tr><td>MDSRoadSafety.oneiss.injuries.abrasion.details</td><td><a href="http://hl7.org/fhir/R5/codesystem-concept-map-relationship.html#equivalent" title="equivalent">is equivalent to</a></td><td>Observation.note</td></tr><tr><td>MDSRoadSafety.oneiss.injuries.avulsion</td><td><a href="http://hl7.org/fhir/R5/codesystem-concept-map-relationship.html#equivalent" title="equivalent">is equivalent to</a></td><td>Observation.valueString</td></tr><tr><td>MDSRoadSafety.oneiss.injuries.avulsion.present</td><td><a href="http://hl7.org/fhir/R5/codesystem-concept-map-relationship.html#equivalent" title="equivalent">is equivalent to</a></td><td>Observation.valueBoolean</td></tr><tr><td>MDSRoadSafety.oneiss.injuries.avulsion.site</td><td><a href="http://hl7.org/fhir/R5/codesystem-concept-map-relationship.html#equivalent" title="equivalent">is equivalent to</a></td><td>Observation.bodySite</td></tr><tr><td>MDSRoadSafety.oneiss.injuries.avulsion.details</td><td><a href="http://hl7.org/fhir/R5/codesystem-concept-map-relationship.html#equivalent" title="equivalent">is equivalent to</a></td><td>Observation.note</td></tr><tr><td>MDSRoadSafety.oneiss.injuries.burn</td><td><a href="http://hl7.org/fhir/R5/codesystem-concept-map-relationship.html#equivalent" title="equivalent">is equivalent to</a></td><td>Observation.valueString</td></tr><tr><td>MDSRoadSafety.oneiss.injuries.burn.present</td><td><a href="http://hl7.org/fhir/R5/codesystem-concept-map-relationship.html#equivalent" title="equivalent">is equivalent to</a></td><td>Observation.valueBoolean</td></tr><tr><td>MDSRoadSafety.oneiss.injuries.burn.firstDegree</td><td><a href="http://hl7.org/fhir/R5/codesystem-concept-map-relationship.html#equivalent" title="equivalent">is equivalent to</a></td><td>Observation.valueString</td></tr><tr><td>MDSRoadSafety.oneiss.injuries.burn.firstDegree.site</td><td><a href="http://hl7.org/fhir/R5/codesystem-concept-map-relationship.html#equivalent" title="equivalent">is equivalent to</a></td><td>Observation.valueString</td></tr><tr><td>MDSRoadSafety.oneiss.injuries.burn.firstDegree.details</td><td><a href="http://hl7.org/fhir/R5/codesystem-concept-map-relationship.html#equivalent" title="equivalent">is equivalent to</a></td><td>Observation.valueString</td></tr><tr><td>MDSRoadSafety.oneiss.injuries.burn.secondDegree</td><td><a href="http://hl7.org/fhir/R5/codesystem-concept-map-relationship.html#equivalent" title="equivalent">is equivalent to</a></td><td>Observation.valueString</td></tr><tr><td>MDSRoadSafety.oneiss.injuries.burn.secondDegree.site</td><td><a href="http://hl7.org/fhir/R5/codesystem-concept-map-relationship.html#equivalent" title="equivalent">is equivalent to</a></td><td>Observation.valueString</td></tr><tr><td>MDSRoadSafety.oneiss.injuries.burn.secondDegree.details</td><td><a href="http://hl7.org/fhir/R5/codesystem-concept-map-relationship.html#equivalent" title="equivalent">is equivalent to</a></td><td>Observation.valueString</td></tr><tr><td>MDSRoadSafety.oneiss.injuries.burn.thirdDegree</td><td><a href="http://hl7.org/fhir/R5/codesystem-concept-map-relationship.html#equivalent" title="equivalent">is equivalent to</a></td><td>Observation.valueString</td></tr><tr><td>MDSRoadSafety.oneiss.injuries.burn.thirdDegree.site</td><td><a href="http://hl7.org/fhir/R5/codesystem-concept-map-relationship.html#equivalent" title="equivalent">is equivalent to</a></td><td>Observation.valueString</td></tr><tr><td>MDSRoadSafety.oneiss.injuries.burn.thirdDegree.details</td><td><a href="http://hl7.org/fhir/R5/codesystem-concept-map-relationship.html#equivalent" title="equivalent">is equivalent to</a></td><td>Observation.valueString</td></tr><tr><td>MDSRoadSafety.oneiss.injuries.burn.fourthDegree</td><td><a href="http://hl7.org/fhir/R5/codesystem-concept-map-relationship.html#equivalent" title="equivalent">is equivalent to</a></td><td>Observation.valueString</td></tr><tr><td>MDSRoadSafety.oneiss.injuries.burn.fourthDegree.site</td><td><a href="http://hl7.org/fhir/R5/codesystem-concept-map-relationship.html#equivalent" title="equivalent">is equivalent to</a></td><td>Observation.valueString</td></tr><tr><td>MDSRoadSafety.oneiss.injuries.burn.fourthDegree.details</td><td><a href="http://hl7.org/fhir/R5/codesystem-concept-map-relationship.html#equivalent" title="equivalent">is equivalent to</a></td><td>Observation.valueString</td></tr><tr><td>MDSRoadSafety.oneiss.injuries.concussion</td><td><a href="http://hl7.org/fhir/R5/codesystem-concept-map-relationship.html#equivalent" title="equivalent">is equivalent to</a></td><td>Observation.valueString</td></tr><tr><td>MDSRoadSafety.oneiss.injuries.concussion.present</td><td><a href="http://hl7.org/fhir/R5/codesystem-concept-map-relationship.html#equivalent" title="equivalent">is equivalent to</a></td><td>Observation.valueBoolean</td></tr><tr><td>MDSRoadSafety.oneiss.injuries.concussion.site</td><td><a href="http://hl7.org/fhir/R5/codesystem-concept-map-relationship.html#equivalent" title="equivalent">is equivalent to</a></td><td>Observation.bodySite</td></tr><tr><td>MDSRoadSafety.oneiss.injuries.concussion.details</td><td><a href="http://hl7.org/fhir/R5/codesystem-concept-map-relationship.html#equivalent" title="equivalent">is equivalent to</a></td><td>Observation.note</td></tr><tr><td>MDSRoadSafety.oneiss.injuries.contusion</td><td><a href="http://hl7.org/fhir/R5/codesystem-concept-map-relationship.html#equivalent" title="equivalent">is equivalent to</a></td><td>Observation.valueString</td></tr><tr><td>MDSRoadSafety.oneiss.injuries.contusion.present</td><td><a href="http://hl7.org/fhir/R5/codesystem-concept-map-relationship.html#equivalent" title="equivalent">is equivalent to</a></td><td>Observation.valueBoolean</td></tr><tr><td>MDSRoadSafety.oneiss.injuries.contusion.site</td><td><a href="http://hl7.org/fhir/R5/codesystem-concept-map-relationship.html#equivalent" title="equivalent">is equivalent to</a></td><td>Observation.bodySite</td></tr><tr><td>MDSRoadSafety.oneiss.injuries.contusion.details</td><td><a href="http://hl7.org/fhir/R5/codesystem-concept-map-relationship.html#equivalent" title="equivalent">is equivalent to</a></td><td>Observation.note</td></tr><tr><td>MDSRoadSafety.oneiss.injuries.fracture</td><td><a href="http://hl7.org/fhir/R5/codesystem-concept-map-relationship.html#equivalent" title="equivalent">is equivalent to</a></td><td>Observation.valueString</td></tr><tr><td>MDSRoadSafety.oneiss.injuries.fracture.present</td><td><a href="http://hl7.org/fhir/R5/codesystem-concept-map-relationship.html#equivalent" title="equivalent">is equivalent to</a></td><td>Observation.valueBoolean</td></tr><tr><td>MDSRoadSafety.oneiss.injuries.fracture.closed</td><td><a href="http://hl7.org/fhir/R5/codesystem-concept-map-relationship.html#equivalent" title="equivalent">is equivalent to</a></td><td>Observation.valueString</td></tr><tr><td>MDSRoadSafety.oneiss.injuries.fracture.closed.site</td><td><a href="http://hl7.org/fhir/R5/codesystem-concept-map-relationship.html#equivalent" title="equivalent">is equivalent to</a></td><td>Observation.valueString</td></tr><tr><td>MDSRoadSafety.oneiss.injuries.fracture.closed.details</td><td><a href="http://hl7.org/fhir/R5/codesystem-concept-map-relationship.html#equivalent" title="equivalent">is equivalent to</a></td><td>Observation.valueString</td></tr><tr><td>MDSRoadSafety.oneiss.injuries.fracture.open</td><td><a href="http://hl7.org/fhir/R5/codesystem-concept-map-relationship.html#equivalent" title="equivalent">is equivalent to</a></td><td>Observation.valueString</td></tr><tr><td>MDSRoadSafety.oneiss.injuries.fracture.open.site</td><td><a href="http://hl7.org/fhir/R5/codesystem-concept-map-relationship.html#equivalent" title="equivalent">is equivalent to</a></td><td>Observation.valueString</td></tr><tr><td>MDSRoadSafety.oneiss.injuries.fracture.open.details</td><td><a href="http://hl7.org/fhir/R5/codesystem-concept-map-relationship.html#equivalent" title="equivalent">is equivalent to</a></td><td>Observation.valueString</td></tr><tr><td>MDSRoadSafety.oneiss.injuries.openWound</td><td><a href="http://hl7.org/fhir/R5/codesystem-concept-map-relationship.html#equivalent" title="equivalent">is equivalent to</a></td><td>Observation.valueString</td></tr><tr><td>MDSRoadSafety.oneiss.injuries.openWound.present</td><td><a href="http://hl7.org/fhir/R5/codesystem-concept-map-relationship.html#equivalent" title="equivalent">is equivalent to</a></td><td>Observation.valueBoolean</td></tr><tr><td>MDSRoadSafety.oneiss.injuries.openWound.site</td><td><a href="http://hl7.org/fhir/R5/codesystem-concept-map-relationship.html#equivalent" title="equivalent">is equivalent to</a></td><td>Observation.bodySite</td></tr><tr><td>MDSRoadSafety.oneiss.injuries.openWound.details</td><td><a href="http://hl7.org/fhir/R5/codesystem-concept-map-relationship.html#equivalent" title="equivalent">is equivalent to</a></td><td>Observation.note</td></tr><tr><td>MDSRoadSafety.oneiss.injuries.traumaticAmputation</td><td><a href="http://hl7.org/fhir/R5/codesystem-concept-map-relationship.html#equivalent" title="equivalent">is equivalent to</a></td><td>Observation.valueString</td></tr><tr><td>MDSRoadSafety.oneiss.injuries.traumaticAmputation.present</td><td><a href="http://hl7.org/fhir/R5/codesystem-concept-map-relationship.html#equivalent" title="equivalent">is equivalent to</a></td><td>Observation.valueBoolean</td></tr><tr><td>MDSRoadSafety.oneiss.injuries.traumaticAmputation.site</td><td><a href="http://hl7.org/fhir/R5/codesystem-concept-map-relationship.html#equivalent" title="equivalent">is equivalent to</a></td><td>Observation.bodySite</td></tr><tr><td>MDSRoadSafety.oneiss.injuries.traumaticAmputation.details</td><td><a href="http://hl7.org/fhir/R5/codesystem-concept-map-relationship.html#equivalent" title="equivalent">is equivalent to</a></td><td>Observation.note</td></tr><tr><td>MDSRoadSafety.oneiss.injuries.otherInjury</td><td><a href="http://hl7.org/fhir/R5/codesystem-concept-map-relationship.html#equivalent" title="equivalent">is equivalent to</a></td><td>Observation.valueString</td></tr><tr><td>MDSRoadSafety.oneiss.injuries.otherInjury.present</td><td><a href="http://hl7.org/fhir/R5/codesystem-concept-map-relationship.html#equivalent" title="equivalent">is equivalent to</a></td><td>Observation.valueBoolean</td></tr><tr><td>MDSRoadSafety.oneiss.injuries.otherInjury.site</td><td><a href="http://hl7.org/fhir/R5/codesystem-concept-map-relationship.html#equivalent" title="equivalent">is equivalent to</a></td><td>Observation.bodySite</td></tr><tr><td>MDSRoadSafety.oneiss.injuries.otherInjury.details</td><td><a href="http://hl7.org/fhir/R5/codesystem-concept-map-relationship.html#equivalent" title="equivalent">is equivalent to</a></td><td>Observation.note</td></tr><tr><td>MDSRoadSafety.oneiss.finance</td><td><a href="http://hl7.org/fhir/R5/codesystem-concept-map-relationship.html#equivalent" title="equivalent">is equivalent to</a></td><td>Observation.valueString</td></tr><tr><td>MDSRoadSafety.postcrash.evidence</td><td><a href="http://hl7.org/fhir/R5/codesystem-concept-map-relationship.html#equivalent" title="equivalent">is equivalent to</a></td><td>Observation.valueString</td></tr><tr><td>MDSRoadSafety.postcrash.incident</td><td><a href="http://hl7.org/fhir/R5/codesystem-concept-map-relationship.html#equivalent" title="equivalent">is equivalent to</a></td><td>Observation.valueString</td></tr><tr><td>MDSRoadSafety.postcrash.incident.collisionType</td><td><a href="http://hl7.org/fhir/R5/codesystem-concept-map-relationship.html#equivalent" title="equivalent">is equivalent to</a></td><td>Observation.valueCodeableConcept</td></tr><tr><td>MDSRoadSafety.postcrash.incident.trafficInvestigatorPresent</td><td><a href="http://hl7.org/fhir/R5/codesystem-concept-map-relationship.html#equivalent" title="equivalent">is equivalent to</a></td><td>Observation.valueBoolean</td></tr></table><hr/><p><b>Group 8 </b>Mapping from <code>https://build.fhir.org/ig/UP-Manila-SILab/PH-RoadSafetyIG/StructureDefinition/MDSRoadSafety</code> to <a href="http://hl7.org/fhir/R4/condition.html">Condition</a></p><table class="grid"><tr><td><b>Source Code</b></td><td><b>Relationship</b></td><td><b>Target Code</b></td></tr><tr><td>MDSRoadSafety.oneiss.clinical.initialImpression</td><td><a href="http://hl7.org/fhir/R5/codesystem-concept-map-relationship.html#equivalent" title="equivalent">is equivalent to</a></td><td>Condition.code</td></tr><tr><td>MDSRoadSafety.oneiss.clinical.icd10NatureOfInjury</td><td><a href="http://hl7.org/fhir/R5/codesystem-concept-map-relationship.html#equivalent" title="equivalent">is equivalent to</a></td><td>Condition.code</td></tr><tr><td>MDSRoadSafety.oneiss.clinical.icd10ExternalCause</td><td><a href="http://hl7.org/fhir/R5/codesystem-concept-map-relationship.html#equivalent" title="equivalent">is equivalent to</a></td><td>Condition.code</td></tr><tr><td>MDSRoadSafety.oneiss.clinical.finalDiagnosis</td><td><a href="http://hl7.org/fhir/R5/codesystem-concept-map-relationship.html#equivalent" title="equivalent">is equivalent to</a></td><td>Condition.code</td></tr></table><hr/><p><b>Group 9 </b>Mapping from <code>https://build.fhir.org/ig/UP-Manila-SILab/PH-RoadSafetyIG/StructureDefinition/MDSRoadSafety</code> to <a href="http://hl7.org/fhir/R4/documentreference.html">DocumentReference</a></p><table class="grid"><tr><td><b>Source Code</b></td><td><b>Relationship</b></td><td><b>Target Code</b></td></tr><tr><td>MDSRoadSafety.postcrash.evidence.causeOfCrash</td><td><a href="http://hl7.org/fhir/R5/codesystem-concept-map-relationship.html#equivalent" title="equivalent">is equivalent to</a></td><td>DocumentReference.content.attachment.url</td></tr><tr><td>MDSRoadSafety.postcrash.evidence.partyAtFault</td><td><a href="http://hl7.org/fhir/R5/codesystem-concept-map-relationship.html#equivalent" title="equivalent">is equivalent to</a></td><td>DocumentReference.content.attachment.url</td></tr><tr><td>MDSRoadSafety.postcrash.evidence.trafficIncidentManagement</td><td><a href="http://hl7.org/fhir/R5/codesystem-concept-map-relationship.html#equivalent" title="equivalent">is equivalent to</a></td><td>DocumentReference.content.attachment.url</td></tr><tr><td>MDSRoadSafety.postcrash.evidence.roadNetworkShapeFiles</td><td><a href="http://hl7.org/fhir/R5/codesystem-concept-map-relationship.html#equivalent" title="equivalent">is equivalent to</a></td><td>DocumentReference.content.attachment.url</td></tr><tr><td>MDSRoadSafety.postcrash.evidence.vehicleCondition</td><td><a href="http://hl7.org/fhir/R5/codesystem-concept-map-relationship.html#equivalent" title="equivalent">is equivalent to</a></td><td>DocumentReference.content.attachment.url</td></tr><tr><td>MDSRoadSafety.postcrash.evidence.cctvReconstruction</td><td><a href="http://hl7.org/fhir/R5/codesystem-concept-map-relationship.html#equivalent" title="equivalent">is equivalent to</a></td><td>DocumentReference.content.attachment.url</td></tr><tr><td>MDSRoadSafety.postcrash.evidence.cctvReconstruction.available</td><td><a href="http://hl7.org/fhir/R5/codesystem-concept-map-relationship.html#equivalent" title="equivalent">is equivalent to</a></td><td>DocumentReference.content.attachment.url</td></tr><tr><td>MDSRoadSafety.postcrash.evidence.cctvReconstruction.link</td><td><a href="http://hl7.org/fhir/R5/codesystem-concept-map-relationship.html#equivalent" title="equivalent">is equivalent to</a></td><td>DocumentReference.content.attachment.url</td></tr></table><hr/><p><b>Group 10 </b>Mapping from <code>https://build.fhir.org/ig/UP-Manila-SILab/PH-RoadSafetyIG/StructureDefinition/MDSRoadSafety</code> to <a href="http://hl7.org/fhir/R4/claim.html">Claim</a></p><table class="grid"><tr><td><b>Source Code</b></td><td><b>Relationship</b></td><td><b>Target Code</b></td></tr><tr><td>MDSRoadSafety.oneiss.finance.costOfCare</td><td><a href="http://hl7.org/fhir/R5/codesystem-concept-map-relationship.html#equivalent" title="equivalent">is equivalent to</a></td><td>Claim.total</td></tr></table></div></text><url value="https://build.fhir.org/ig/UPM-NTHC/PH-RoadSafetyIG/ConceptMap/MDSRoadSafety2FHIR"/><version value="0.2.0"/><name value="MDSRoadSafety2FHIR"/><title value="MDSRoadSafety Logical Model to FHIR Mapping"/><status value="active"/><experimental value="false"/><date value="2025-11-03T09:29:05+00:00"/><publisher value="UP Manila - National Institutes of Health - National Telehealth Center"/><contact><name value="UP Manila - National Institutes of Health - National Telehealth Center"/><telecom><system value="url"/><value value="https://github.com/UPM-NTHC/PH-RoadSafetyIG"/></telecom></contact><contact><name value="PH Road Safety IG Repository"/><telecom><system value="url"/><value value="https://github.com/UPM-NTHC/PH-RoadSafetyIG"/></telecom></contact><description value="Maps elements from the logical model to FHIR R4 resources. Generated by scripts/generate-conceptmap.js"/><jurisdiction><coding><system value="urn:iso:std:iso:3166"/><code value="PH"/><display value="Philippines"/></coding></jurisdiction><sourceUri value="https://build.fhir.org/ig/UP-Manila-SILab/PH-RoadSafetyIG/StructureDefinition/MDSRoadSafety"/><targetUri value="http://hl7.org/fhir/R4"/><group><source value="https://build.fhir.org/ig/UP-Manila-SILab/PH-RoadSafetyIG/StructureDefinition/MDSRoadSafety"/><target value="http://hl7.org/fhir/StructureDefinition/Encounter"/><element><code value="MDSRoadSafety.runreport.workflow.receivedBy"/><target><code value="Encounter.participant.individual"/><equivalence value="equivalent"/></target></element><element><code value="MDSRoadSafety.runreport.workflow.crew.teamLeader"/><target><code value="Encounter.participant.individual"/><equivalence value="equivalent"/></target></element><element><code value="MDSRoadSafety.runreport.workflow.crew.treatmentOfficer"/><target><code value="Encounter.participant.individual"/><equivalence value="equivalent"/></target></element><element><code value="MDSRoadSafety.runreport.workflow.crew.transportOfficer"/><target><code value="Encounter.participant.individual"/><equivalence value="equivalent"/></target></element><element><code value="MDSRoadSafety.runreport.workflow.crew.assistant"/><target><code value="Encounter.participant.individual"/><equivalence value="equivalent"/></target></element><element><code value="MDSRoadSafety.oneiss.encounter.incidentNumber"/><target><code value="Encounter.identifier"/><equivalence value="equivalent"/></target></element><element><code value="MDSRoadSafety.oneiss.encounter.hospitalCaseNo"/><target><code value="Encounter.identifier"/><equivalence value="equivalent"/></target></element><element><code value="MDSRoadSafety.oneiss.encounter.typeOfPatient"/><target><code value="Encounter.class"/><equivalence value="equivalent"/></target></element><element><code value="MDSRoadSafety.oneiss.encounter.dateTimeOfConsult"/><target><code value="Encounter.period.start"/><equivalence value="equivalent"/></target></element><element><code value="MDSRoadSafety.oneiss.encounter.serviceProvider"/><target><code value="Encounter.serviceProvider"/><equivalence value="equivalent"/></target></element><element><code value="MDSRoadSafety.oneiss.encounter.originating.organization"/><target><code value="Encounter.hospitalization.origin"/><equivalence value="equivalent"/></target></element><element><code value="MDSRoadSafety.oneiss.encounter.originating.practitioner"/><target><code value="Encounter.participant.individual"/><equivalence value="equivalent"/></target></element><element><code value="MDSRoadSafety.oneiss.encounter.disposition"/><target><code value="Encounter.hospitalization.dischargeDisposition"/><equivalence value="equivalent"/></target></element><element><code value="MDSRoadSafety.oneiss.encounter.disposition.text"/><target><code value="Encounter.hospitalization.dischargeDisposition.text"/><equivalence value="equivalent"/></target></element><element><code value="MDSRoadSafety.oneiss.encounter.transferDestination"/><target><code value="Encounter.hospitalization.destination"/><equivalence value="equivalent"/></target></element></group><group><source value="https://build.fhir.org/ig/UP-Manila-SILab/PH-RoadSafetyIG/StructureDefinition/MDSRoadSafety"/><target value="http://hl7.org/fhir/StructureDefinition/Patient"/><element><code value="MDSRoadSafety.oneiss.patient.name.family"/><target><code value="Patient.name.family"/><equivalence value="equivalent"/></target></element><element><code value="MDSRoadSafety.oneiss.patient.name.given"/><target><code value="Patient.name.given"/><equivalence value="equivalent"/></target></element><element><code value="MDSRoadSafety.oneiss.patient.birthDate"/><target><code value="Patient.birthDate"/><equivalence value="equivalent"/></target></element><element><code value="MDSRoadSafety.oneiss.patient.gender"/><target><code value="Patient.gender"/><equivalence value="equivalent"/></target></element><element><code value="MDSRoadSafety.oneiss.patient.telecom"/><target><code value="Patient.telecom"/><equivalence value="equivalent"/></target></element><element><code value="MDSRoadSafety.oneiss.patient.identifier"/><target><code value="Patient.identifier"/><equivalence value="equivalent"/></target></element><element><code value="MDSRoadSafety.oneiss.patient.occupation"/><target><code value="Patient.extension:occupation"/><equivalence value="equivalent"/></target></element><element><code value="MDSRoadSafety.oneiss.patient.address.line"/><target><code value="Patient.address.line"/><equivalence value="equivalent"/></target></element><element><code value="MDSRoadSafety.oneiss.patient.address.barangay"/><target><code value="Patient.address.extension:barangay"/><equivalence value="equivalent"/></target></element><element><code value="MDSRoadSafety.oneiss.patient.address.cityMunicipality"/><target><code value="Patient.address.extension:cityMunicipality"/><equivalence value="equivalent"/></target></element><element><code value="MDSRoadSafety.oneiss.patient.address.province"/><target><code value="Patient.address.extension:province"/><equivalence value="equivalent"/></target></element><element><code value="MDSRoadSafety.oneiss.patient.address.region"/><target><code value="Patient.address.extension:region"/><equivalence value="equivalent"/></target></element></group><group><source value="https://build.fhir.org/ig/UP-Manila-SILab/PH-RoadSafetyIG/StructureDefinition/MDSRoadSafety"/><target value="http://hl7.org/fhir/StructureDefinition/Location"/><element><code value="MDSRoadSafety.runreport.incident.location.street"/><target><code value="Location.address.line"/><equivalence value="equivalent"/></target></element><element><code value="MDSRoadSafety.runreport.incident.location.barangay"/><target><code value="Location.address.extension:barangay"/><equivalence value="equivalent"/></target></element><element><code value="MDSRoadSafety.runreport.incident.location.city"/><target><code value="Location.address.extension:cityMunicipality"/><equivalence value="equivalent"/></target></element><element><code value="MDSRoadSafety.runreport.incident.location.province"/><target><code value="Location.address.extension:province"/><equivalence value="equivalent"/></target></element><element><code value="MDSRoadSafety.runreport.incident.location.region"/><target><code value="Location.address.extension:region"/><equivalence value="equivalent"/></target></element><element><code value="MDSRoadSafety.runreport.incident.location.position.longitude"/><target><code value="Location.position.longitude"/><equivalence value="equivalent"/></target></element><element><code value="MDSRoadSafety.runreport.incident.location.position.latitude"/><target><code value="Location.position.latitude"/><equivalence value="equivalent"/></target></element></group><group><source value="https://build.fhir.org/ig/UP-Manila-SILab/PH-RoadSafetyIG/StructureDefinition/MDSRoadSafety"/><target value="http://hl7.org/fhir/StructureDefinition/HealthcareService"/><element><code value="MDSRoadSafety.oneiss.encounter.hospitalAvailable"/><target><code value="HealthcareService.active"/><equivalence value="equivalent"/></target></element></group><group><source value="https://build.fhir.org/ig/UP-Manila-SILab/PH-RoadSafetyIG/StructureDefinition/MDSRoadSafety"/><target value="http://hl7.org/fhir/StructureDefinition/ServiceRequest"/><element><code value="MDSRoadSafety.runreport.workflow.refusalToAdmit.flag"/><target><code value="ServiceRequest.status"/><equivalence value="equivalent"/></target></element><element><code value="MDSRoadSafety.runreport.workflow.refusalToAdmit.hospital"/><target><code value="ServiceRequest.supportingInfo"/><equivalence value="equivalent"/></target></element><element><code value="MDSRoadSafety.runreport.workflow.refusalToAdmit.physician"/><target><code value="ServiceRequest.supportingInfo"/><equivalence value="equivalent"/></target></element><element><code value="MDSRoadSafety.runreport.workflow.refusalToAdmit.dateTime"/><target><code value="ServiceRequest.occurrenceDateTime"/><equivalence value="equivalent"/></target></element></group><group><source value="https://build.fhir.org/ig/UP-Manila-SILab/PH-RoadSafetyIG/StructureDefinition/MDSRoadSafety"/><target value="http://hl7.org/fhir/StructureDefinition/Procedure"/><element><code value="MDSRoadSafety.runreport.clinical.procedures.intervention"/><target><code value="Procedure.code"/><equivalence value="equivalent"/></target></element><element><code value="MDSRoadSafety.runreport.clinical.procedures.suppliesUsed.usedCode"/><target><code value="Procedure.usedCode"/><equivalence value="equivalent"/></target></element><element><code value="MDSRoadSafety.runreport.clinical.procedures.suppliesUsed.usedReference"/><target><code value="Procedure.usedReference"/><equivalence value="equivalent"/></target></element><element><code value="MDSRoadSafety.oneiss.clinical.psychosocialSupport"/><target><code value="Procedure.code"/><equivalence value="equivalent"/></target></element><element><code value="MDSRoadSafety.oneiss.clinical.transportCoordination"/><target><code value="Procedure.code"/><equivalence value="equivalent"/></target></element><element><code value="MDSRoadSafety.oneiss.clinical.procedures.firstAid.given"/><target><code value="Procedure.note"/><equivalence value="equivalent"/></target></element><element><code value="MDSRoadSafety.oneiss.clinical.procedures.firstAid.what"/><target><code value="Procedure.note"/><equivalence value="equivalent"/></target></element><element><code value="MDSRoadSafety.oneiss.clinical.procedures.firstAid.byWhom"/><target><code value="Procedure.performer"/><equivalence value="equivalent"/></target></element></group><group><source value="https://build.fhir.org/ig/UP-Manila-SILab/PH-RoadSafetyIG/StructureDefinition/MDSRoadSafety"/><target value="http://hl7.org/fhir/StructureDefinition/Observation"/><element><code value="MDSRoadSafety.runreport.workflow"/><target><code value="Observation.valueString"/><equivalence value="equivalent"/></target></element><element><code value="MDSRoadSafety.runreport.workflow.dateReceived"/><target><code value="Observation.valueDateTime"/><equivalence value="equivalent"/></target></element><element><code value="MDSRoadSafety.runreport.workflow.timeEnroute"/><target><code value="Observation.valueDateTime"/><equivalence value="equivalent"/></target></element><element><code value="MDSRoadSafety.runreport.workflow.timeOnScene"/><target><code value="Observation.valueDateTime"/><equivalence value="equivalent"/></target></element><element><code value="MDSRoadSafety.runreport.workflow.timeDepartedScene"/><target><code value="Observation.valueDateTime"/><equivalence value="equivalent"/></target></element><element><code value="MDSRoadSafety.runreport.workflow.timeHospitalArrival"/><target><code value="Observation.valueDateTime"/><equivalence value="equivalent"/></target></element><element><code value="MDSRoadSafety.runreport.workflow.timeStationArrival"/><target><code value="Observation.valueDateTime"/><equivalence value="equivalent"/></target></element><element><code value="MDSRoadSafety.runreport.workflow.crew"/><target><code value="Observation.valueString"/><equivalence value="equivalent"/></target></element><element><code value="MDSRoadSafety.runreport.workflow.medicalFacility"/><target><code value="Observation.valueString"/><equivalence value="equivalent"/></target></element><element><code value="MDSRoadSafety.runreport.workflow.vehicleUsed"/><target><code value="Observation.valueString"/><equivalence value="equivalent"/></target></element><element><code value="MDSRoadSafety.runreport.workflow.refusalToAdmit"/><target><code value="Observation.valueString"/><equivalence value="equivalent"/></target></element><element><code value="MDSRoadSafety.runreport.incident"/><target><code value="Observation.valueString"/><equivalence value="equivalent"/></target></element><element><code value="MDSRoadSafety.runreport.incident.reportedComplaint"/><target><code value="Observation.valueString"/><equivalence value="equivalent"/></target></element><element><code value="MDSRoadSafety.runreport.incident.callSource"/><target><code value="Observation.valueString"/><equivalence value="equivalent"/></target></element><element><code value="MDSRoadSafety.runreport.incident.location"/><target><code value="Observation.valueString"/><equivalence value="equivalent"/></target></element><element><code value="MDSRoadSafety.runreport.incident.location.position"/><target><code value="Observation.valueString"/><equivalence value="equivalent"/></target></element><element><code value="MDSRoadSafety.runreport.clinical"/><target><code value="Observation.valueString"/><equivalence value="equivalent"/></target></element><element><code value="MDSRoadSafety.runreport.clinical.procedures"/><target><code value="Observation.valueString"/><equivalence value="equivalent"/></target></element><element><code value="MDSRoadSafety.runreport.clinical.procedures.suppliesUsed"/><target><code value="Observation.valueString"/><equivalence value="equivalent"/></target></element><element><code value="MDSRoadSafety.runreport.clinical.remarks"/><target><code value="Observation.valueString"/><equivalence value="equivalent"/></target></element><element><code value="MDSRoadSafety.runreport.vitals"/><target><code value="Observation.valueString"/><equivalence value="equivalent"/></target></element><element><code value="MDSRoadSafety.runreport.vitals.time"/><target><code value="Observation.effectiveDateTime"/><equivalence value="equivalent"/></target></element><element><code value="MDSRoadSafety.runreport.vitals.respiratoryRate"/><target><code value="Observation.valueQuantity"/><equivalence value="equivalent"/></target></element><element><code value="MDSRoadSafety.runreport.vitals.respiratoryRhythm"/><target><code value="Observation.valueCodeableConcept"/><equivalence value="equivalent"/></target></element><element><code value="MDSRoadSafety.runreport.vitals.breathSounds"/><target><code value="Observation.valueCodeableConcept"/><equivalence value="equivalent"/></target></element><element><code value="MDSRoadSafety.runreport.vitals.pulseRate"/><target><code value="Observation.valueQuantity"/><equivalence value="equivalent"/></target></element><element><code value="MDSRoadSafety.runreport.vitals.pulseRhythm"/><target><code value="Observation.valueCodeableConcept"/><equivalence value="equivalent"/></target></element><element><code value="MDSRoadSafety.runreport.vitals.pulseQuality"/><target><code value="Observation.valueCodeableConcept"/><equivalence value="equivalent"/></target></element><element><code value="MDSRoadSafety.runreport.vitals.bloodPressure"/><target><code value="Observation.valueString"/><equivalence value="equivalent"/></target></element><element><code value="MDSRoadSafety.runreport.vitals.bloodPressure.systolic"/><target><code value="Observation.component:bpSystolic.valueQuantity"/><equivalence value="equivalent"/></target></element><element><code value="MDSRoadSafety.runreport.vitals.bloodPressure.diastolic"/><target><code value="Observation.component:bpDiastolic.valueQuantity"/><equivalence value="equivalent"/></target></element><element><code value="MDSRoadSafety.runreport.vitals.temperature"/><target><code value="Observation.valueQuantity"/><equivalence value="equivalent"/></target></element><element><code value="MDSRoadSafety.runreport.vitals.levelOfConsciousness"/><target><code value="Observation.valueCodeableConcept"/><equivalence value="equivalent"/></target></element><element><code value="MDSRoadSafety.runreport.vitals.pupils"/><target><code value="Observation.valueCodeableConcept"/><equivalence value="equivalent"/></target></element><element><code value="MDSRoadSafety.runreport.vitals.gcs"/><target><code value="Observation.valueString"/><equivalence value="equivalent"/></target></element><element><code value="MDSRoadSafety.runreport.vitals.gcs.eyes"/><target><code value="Observation.component:gcsEyes.valueCodeableConcept"/><equivalence value="equivalent"/></target></element><element><code value="MDSRoadSafety.runreport.vitals.gcs.verbal"/><target><code value="Observation.component:gcsVerbal.valueCodeableConcept"/><equivalence value="equivalent"/></target></element><element><code value="MDSRoadSafety.runreport.vitals.gcs.motor"/><target><code value="Observation.component:gcsMotor.valueCodeableConcept"/><equivalence value="equivalent"/></target></element><element><code value="MDSRoadSafety.runreport.vitals.gcs.total"/><target><code value="Observation.valueInteger"/><equivalence value="equivalent"/></target></element><element><code value="MDSRoadSafety.runreport.vitals.cyanosis"/><target><code value="Observation.valueString"/><equivalence value="equivalent"/></target></element><element><code value="MDSRoadSafety.runreport.notes"/><target><code value="Observation.valueString"/><equivalence value="equivalent"/></target></element><element><code value="MDSRoadSafety.oneiss.patient"/><target><code value="Observation.valueString"/><equivalence value="equivalent"/></target></element><element><code value="MDSRoadSafety.oneiss.patient.name"/><target><code value="Observation.valueString"/><equivalence value="equivalent"/></target></element><element><code value="MDSRoadSafety.oneiss.patient.identifier.system"/><target><code value="Observation.valueString"/><equivalence value="equivalent"/></target></element><element><code value="MDSRoadSafety.oneiss.patient.identifier.value"/><target><code value="Observation.valueString"/><equivalence value="equivalent"/></target></element><element><code value="MDSRoadSafety.oneiss.patient.identifier.type"/><target><code value="Observation.valueString"/><equivalence value="equivalent"/></target></element><element><code value="MDSRoadSafety.oneiss.patient.address"/><target><code value="Observation.valueString"/><equivalence value="equivalent"/></target></element><element><code value="MDSRoadSafety.oneiss.patient.address.use"/><target><code value="Observation.valueString"/><equivalence value="equivalent"/></target></element><element><code value="MDSRoadSafety.oneiss.encounter"/><target><code value="Observation.valueString"/><equivalence value="equivalent"/></target></element><element><code value="MDSRoadSafety.oneiss.encounter.originating"/><target><code value="Observation.valueString"/><equivalence value="equivalent"/></target></element><element><code value="MDSRoadSafety.oneiss.encounter.outcomeAtRelease"/><target><code value="Observation.valueString"/><equivalence value="equivalent"/></target></element><element><code value="MDSRoadSafety.oneiss.encounter.outcomeAtDischarge"/><target><code value="Observation.valueString"/><equivalence value="equivalent"/></target></element><element><code value="MDSRoadSafety.oneiss.clinical"/><target><code value="Observation.valueString"/><equivalence value="equivalent"/></target></element><element><code value="MDSRoadSafety.oneiss.clinical.conditionOfPatient"/><target><code value="Observation.valueCodeableConcept"/><equivalence value="equivalent"/></target></element><element><code value="MDSRoadSafety.oneiss.clinical.outcomeAtRelease"/><target><code value="Observation.valueCodeableConcept"/><equivalence value="equivalent"/></target></element><element><code value="MDSRoadSafety.oneiss.clinical.outcomeAtDischarge"/><target><code value="Observation.valueCodeableConcept"/><equivalence value="equivalent"/></target></element><element><code value="MDSRoadSafety.oneiss.clinical.statusOnArrival"/><target><code value="Observation.valueCodeableConcept"/><equivalence value="equivalent"/></target></element><element><code value="MDSRoadSafety.oneiss.clinical.statusOnArrivalAliveDetail"/><target><code value="Observation.valueCodeableConcept"/><equivalence value="equivalent"/></target></element><element><code value="MDSRoadSafety.oneiss.clinical.procedures"/><target><code value="Observation.valueString"/><equivalence value="equivalent"/></target></element><element><code value="MDSRoadSafety.oneiss.clinical.procedures.firstAid"/><target><code value="Observation.valueString"/><equivalence value="equivalent"/></target></element><element><code value="MDSRoadSafety.oneiss.clinical.bloodAlcoholConcentration"/><target><code value="Observation.valueQuantity"/><equivalence value="equivalent"/></target></element><element><code value="MDSRoadSafety.oneiss.clinical.otherRiskFactors"/><target><code value="Observation.valueString"/><equivalence value="equivalent"/></target></element><element><code value="MDSRoadSafety.oneiss.clinical.otherRiskFactorsOther"/><target><code value="Observation.valueString"/><equivalence value="equivalent"/></target></element><element><code value="MDSRoadSafety.oneiss.incident"/><target><code value="Observation.valueString"/><equivalence value="equivalent"/></target></element><element><code value="MDSRoadSafety.oneiss.incident.injuryDateTime"/><target><code value="Observation.valueDateTime"/><equivalence value="equivalent"/></target></element><element><code value="MDSRoadSafety.oneiss.incident.injuryIntent"/><target><code value="Observation.valueCodeableConcept"/><equivalence value="equivalent"/></target></element><element><code value="MDSRoadSafety.oneiss.incident.transportOrVehicular"/><target><code value="Observation.valueBoolean"/><equivalence value="equivalent"/></target></element><element><code value="MDSRoadSafety.oneiss.incident.transportModeToFacility"/><target><code value="Observation.valueCodeableConcept"/><equivalence value="equivalent"/></target></element><element><code value="MDSRoadSafety.oneiss.incident.transportModeOther"/><target><code value="Observation.valueString"/><equivalence value="equivalent"/></target></element><element><code value="MDSRoadSafety.oneiss.incident.triagePriority"/><target><code value="Observation.valueCodeableConcept"/><equivalence value="equivalent"/></target></element><element><code value="MDSRoadSafety.oneiss.incident.urgency"/><target><code value="Observation.valueCodeableConcept"/><equivalence value="equivalent"/></target></element><element><code value="MDSRoadSafety.oneiss.incident.placeOfOccurrence"/><target><code value="Observation.valueCodeableConcept"/><equivalence value="equivalent"/></target></element><element><code value="MDSRoadSafety.oneiss.incident.placeOfOccurrenceWorkplaceName"/><target><code value="Observation.note"/><equivalence value="equivalent"/></target></element><element><code value="MDSRoadSafety.oneiss.incident.placeOfOccurrenceOther"/><target><code value="Observation.valueString"/><equivalence value="equivalent"/></target></element><element><code value="MDSRoadSafety.oneiss.incident.activityAtTime"/><target><code value="Observation.valueCodeableConcept"/><equivalence value="equivalent"/></target></element><element><code value="MDSRoadSafety.oneiss.incident.activityOther"/><target><code value="Observation.valueString"/><equivalence value="equivalent"/></target></element><element><code value="MDSRoadSafety.oneiss.incident.collisionVsNonCollision"/><target><code value="Observation.valueCodeableConcept"/><equivalence value="equivalent"/></target></element><element><code value="MDSRoadSafety.oneiss.incident.safetyAccessories"/><target><code value="Observation.valueString"/><equivalence value="equivalent"/></target></element><element><code value="MDSRoadSafety.oneiss.incident.safetyAccessoriesOther"/><target><code value="Observation.valueString"/><equivalence value="equivalent"/></target></element><element><code value="MDSRoadSafety.oneiss.incident.patientsVehicle"/><target><code value="Observation.valueCodeableConcept"/><equivalence value="equivalent"/></target></element><element><code value="MDSRoadSafety.oneiss.incident.patientsVehicleOther"/><target><code value="Observation.valueString"/><equivalence value="equivalent"/></target></element><element><code value="MDSRoadSafety.oneiss.incident.otherVehicleOrObject"/><target><code value="Observation.valueCodeableConcept"/><equivalence value="equivalent"/></target></element><element><code value="MDSRoadSafety.oneiss.incident.otherVehicleOther"/><target><code value="Observation.valueString"/><equivalence value="equivalent"/></target></element><element><code value="MDSRoadSafety.oneiss.incident.positionOfPatient"/><target><code value="Observation.valueCodeableConcept"/><equivalence value="equivalent"/></target></element><element><code value="MDSRoadSafety.oneiss.incident.positionOfPatientOther"/><target><code value="Observation.valueString"/><equivalence value="equivalent"/></target></element><element><code value="MDSRoadSafety.oneiss.incident.howManyVehicles"/><target><code value="Observation.valueInteger"/><equivalence value="equivalent"/></target></element><element><code value="MDSRoadSafety.oneiss.incident.howManyPatients"/><target><code value="Observation.valueInteger"/><equivalence value="equivalent"/></target></element><element><code value="MDSRoadSafety.oneiss.incident.referredByAnotherFacility"/><target><code value="Observation.valueBoolean"/><equivalence value="equivalent"/></target></element><element><code value="MDSRoadSafety.oneiss.encounter.transferredFromAnotherFacility"/><target><code value="Observation.valueBoolean"/><equivalence value="equivalent"/></target></element><element><code value="MDSRoadSafety.oneiss.injuries"/><target><code value="Observation.valueString"/><equivalence value="equivalent"/></target></element><element><code value="MDSRoadSafety.oneiss.injuries.multipleInjuries"/><target><code value="Observation.valueBoolean"/><equivalence value="equivalent"/></target></element><element><code value="MDSRoadSafety.oneiss.injuries.extentOfInjury"/><target><code value="Observation.valueCodeableConcept"/><equivalence value="equivalent"/></target></element><element><code value="MDSRoadSafety.oneiss.injuries.abrasion"/><target><code value="Observation.valueString"/><equivalence value="equivalent"/></target></element><element><code value="MDSRoadSafety.oneiss.injuries.abrasion.present"/><target><code value="Observation.valueBoolean"/><equivalence value="equivalent"/></target></element><element><code value="MDSRoadSafety.oneiss.injuries.abrasion.site"/><target><code value="Observation.bodySite"/><equivalence value="equivalent"/></target></element><element><code value="MDSRoadSafety.oneiss.injuries.abrasion.details"/><target><code value="Observation.note"/><equivalence value="equivalent"/></target></element><element><code value="MDSRoadSafety.oneiss.injuries.avulsion"/><target><code value="Observation.valueString"/><equivalence value="equivalent"/></target></element><element><code value="MDSRoadSafety.oneiss.injuries.avulsion.present"/><target><code value="Observation.valueBoolean"/><equivalence value="equivalent"/></target></element><element><code value="MDSRoadSafety.oneiss.injuries.avulsion.site"/><target><code value="Observation.bodySite"/><equivalence value="equivalent"/></target></element><element><code value="MDSRoadSafety.oneiss.injuries.avulsion.details"/><target><code value="Observation.note"/><equivalence value="equivalent"/></target></element><element><code value="MDSRoadSafety.oneiss.injuries.burn"/><target><code value="Observation.valueString"/><equivalence value="equivalent"/></target></element><element><code value="MDSRoadSafety.oneiss.injuries.burn.present"/><target><code value="Observation.valueBoolean"/><equivalence value="equivalent"/></target></element><element><code value="MDSRoadSafety.oneiss.injuries.burn.firstDegree"/><target><code value="Observation.valueString"/><equivalence value="equivalent"/></target></element><element><code value="MDSRoadSafety.oneiss.injuries.burn.firstDegree.site"/><target><code value="Observation.valueString"/><equivalence value="equivalent"/></target></element><element><code value="MDSRoadSafety.oneiss.injuries.burn.firstDegree.details"/><target><code value="Observation.valueString"/><equivalence value="equivalent"/></target></element><element><code value="MDSRoadSafety.oneiss.injuries.burn.secondDegree"/><target><code value="Observation.valueString"/><equivalence value="equivalent"/></target></element><element><code value="MDSRoadSafety.oneiss.injuries.burn.secondDegree.site"/><target><code value="Observation.valueString"/><equivalence value="equivalent"/></target></element><element><code value="MDSRoadSafety.oneiss.injuries.burn.secondDegree.details"/><target><code value="Observation.valueString"/><equivalence value="equivalent"/></target></element><element><code value="MDSRoadSafety.oneiss.injuries.burn.thirdDegree"/><target><code value="Observation.valueString"/><equivalence value="equivalent"/></target></element><element><code value="MDSRoadSafety.oneiss.injuries.burn.thirdDegree.site"/><target><code value="Observation.valueString"/><equivalence value="equivalent"/></target></element><element><code value="MDSRoadSafety.oneiss.injuries.burn.thirdDegree.details"/><target><code value="Observation.valueString"/><equivalence value="equivalent"/></target></element><element><code value="MDSRoadSafety.oneiss.injuries.burn.fourthDegree"/><target><code value="Observation.valueString"/><equivalence value="equivalent"/></target></element><element><code value="MDSRoadSafety.oneiss.injuries.burn.fourthDegree.site"/><target><code value="Observation.valueString"/><equivalence value="equivalent"/></target></element><element><code value="MDSRoadSafety.oneiss.injuries.burn.fourthDegree.details"/><target><code value="Observation.valueString"/><equivalence value="equivalent"/></target></element><element><code value="MDSRoadSafety.oneiss.injuries.concussion"/><target><code value="Observation.valueString"/><equivalence value="equivalent"/></target></element><element><code value="MDSRoadSafety.oneiss.injuries.concussion.present"/><target><code value="Observation.valueBoolean"/><equivalence value="equivalent"/></target></element><element><code value="MDSRoadSafety.oneiss.injuries.concussion.site"/><target><code value="Observation.bodySite"/><equivalence value="equivalent"/></target></element><element><code value="MDSRoadSafety.oneiss.injuries.concussion.details"/><target><code value="Observation.note"/><equivalence value="equivalent"/></target></element><element><code value="MDSRoadSafety.oneiss.injuries.contusion"/><target><code value="Observation.valueString"/><equivalence value="equivalent"/></target></element><element><code value="MDSRoadSafety.oneiss.injuries.contusion.present"/><target><code value="Observation.valueBoolean"/><equivalence value="equivalent"/></target></element><element><code value="MDSRoadSafety.oneiss.injuries.contusion.site"/><target><code value="Observation.bodySite"/><equivalence value="equivalent"/></target></element><element><code value="MDSRoadSafety.oneiss.injuries.contusion.details"/><target><code value="Observation.note"/><equivalence value="equivalent"/></target></element><element><code value="MDSRoadSafety.oneiss.injuries.fracture"/><target><code value="Observation.valueString"/><equivalence value="equivalent"/></target></element><element><code value="MDSRoadSafety.oneiss.injuries.fracture.present"/><target><code value="Observation.valueBoolean"/><equivalence value="equivalent"/></target></element><element><code value="MDSRoadSafety.oneiss.injuries.fracture.closed"/><target><code value="Observation.valueString"/><equivalence value="equivalent"/></target></element><element><code value="MDSRoadSafety.oneiss.injuries.fracture.closed.site"/><target><code value="Observation.valueString"/><equivalence value="equivalent"/></target></element><element><code value="MDSRoadSafety.oneiss.injuries.fracture.closed.details"/><target><code value="Observation.valueString"/><equivalence value="equivalent"/></target></element><element><code value="MDSRoadSafety.oneiss.injuries.fracture.open"/><target><code value="Observation.valueString"/><equivalence value="equivalent"/></target></element><element><code value="MDSRoadSafety.oneiss.injuries.fracture.open.site"/><target><code value="Observation.valueString"/><equivalence value="equivalent"/></target></element><element><code value="MDSRoadSafety.oneiss.injuries.fracture.open.details"/><target><code value="Observation.valueString"/><equivalence value="equivalent"/></target></element><element><code value="MDSRoadSafety.oneiss.injuries.openWound"/><target><code value="Observation.valueString"/><equivalence value="equivalent"/></target></element><element><code value="MDSRoadSafety.oneiss.injuries.openWound.present"/><target><code value="Observation.valueBoolean"/><equivalence value="equivalent"/></target></element><element><code value="MDSRoadSafety.oneiss.injuries.openWound.site"/><target><code value="Observation.bodySite"/><equivalence value="equivalent"/></target></element><element><code value="MDSRoadSafety.oneiss.injuries.openWound.details"/><target><code value="Observation.note"/><equivalence value="equivalent"/></target></element><element><code value="MDSRoadSafety.oneiss.injuries.traumaticAmputation"/><target><code value="Observation.valueString"/><equivalence value="equivalent"/></target></element><element><code value="MDSRoadSafety.oneiss.injuries.traumaticAmputation.present"/><target><code value="Observation.valueBoolean"/><equivalence value="equivalent"/></target></element><element><code value="MDSRoadSafety.oneiss.injuries.traumaticAmputation.site"/><target><code value="Observation.bodySite"/><equivalence value="equivalent"/></target></element><element><code value="MDSRoadSafety.oneiss.injuries.traumaticAmputation.details"/><target><code value="Observation.note"/><equivalence value="equivalent"/></target></element><element><code value="MDSRoadSafety.oneiss.injuries.otherInjury"/><target><code value="Observation.valueString"/><equivalence value="equivalent"/></target></element><element><code value="MDSRoadSafety.oneiss.injuries.otherInjury.present"/><target><code value="Observation.valueBoolean"/><equivalence value="equivalent"/></target></element><element><code value="MDSRoadSafety.oneiss.injuries.otherInjury.site"/><target><code value="Observation.bodySite"/><equivalence value="equivalent"/></target></element><element><code value="MDSRoadSafety.oneiss.injuries.otherInjury.details"/><target><code value="Observation.note"/><equivalence value="equivalent"/></target></element><element><code value="MDSRoadSafety.oneiss.finance"/><target><code value="Observation.valueString"/><equivalence value="equivalent"/></target></element><element><code value="MDSRoadSafety.postcrash.evidence"/><target><code value="Observation.valueString"/><equivalence value="equivalent"/></target></element><element><code value="MDSRoadSafety.postcrash.incident"/><target><code value="Observation.valueString"/><equivalence value="equivalent"/></target></element><element><code value="MDSRoadSafety.postcrash.incident.collisionType"/><target><code value="Observation.valueCodeableConcept"/><equivalence value="equivalent"/></target></element><element><code value="MDSRoadSafety.postcrash.incident.trafficInvestigatorPresent"/><target><code value="Observation.valueBoolean"/><equivalence value="equivalent"/></target></element></group><group><source value="https://build.fhir.org/ig/UP-Manila-SILab/PH-RoadSafetyIG/StructureDefinition/MDSRoadSafety"/><target value="http://hl7.org/fhir/StructureDefinition/Condition"/><element><code value="MDSRoadSafety.oneiss.clinical.initialImpression"/><target><code value="Condition.code"/><equivalence value="equivalent"/></target></element><element><code value="MDSRoadSafety.oneiss.clinical.icd10NatureOfInjury"/><target><code value="Condition.code"/><equivalence value="equivalent"/></target></element><element><code value="MDSRoadSafety.oneiss.clinical.icd10ExternalCause"/><target><code value="Condition.code"/><equivalence value="equivalent"/></target></element><element><code value="MDSRoadSafety.oneiss.clinical.finalDiagnosis"/><target><code value="Condition.code"/><equivalence value="equivalent"/></target></element></group><group><source value="https://build.fhir.org/ig/UP-Manila-SILab/PH-RoadSafetyIG/StructureDefinition/MDSRoadSafety"/><target value="http://hl7.org/fhir/StructureDefinition/DocumentReference"/><element><code value="MDSRoadSafety.postcrash.evidence.causeOfCrash"/><target><code value="DocumentReference.content.attachment.url"/><equivalence value="equivalent"/></target></element><element><code value="MDSRoadSafety.postcrash.evidence.partyAtFault"/><target><code value="DocumentReference.content.attachment.url"/><equivalence value="equivalent"/></target></element><element><code value="MDSRoadSafety.postcrash.evidence.trafficIncidentManagement"/><target><code value="DocumentReference.content.attachment.url"/><equivalence value="equivalent"/></target></element><element><code value="MDSRoadSafety.postcrash.evidence.roadNetworkShapeFiles"/><target><code value="DocumentReference.content.attachment.url"/><equivalence value="equivalent"/></target></element><element><code value="MDSRoadSafety.postcrash.evidence.vehicleCondition"/><target><code value="DocumentReference.content.attachment.url"/><equivalence value="equivalent"/></target></element><element><code value="MDSRoadSafety.postcrash.evidence.cctvReconstruction"/><target><code value="DocumentReference.content.attachment.url"/><equivalence value="equivalent"/></target></element><element><code value="MDSRoadSafety.postcrash.evidence.cctvReconstruction.available"/><target><code value="DocumentReference.content.attachment.url"/><equivalence value="equivalent"/></target></element><element><code value="MDSRoadSafety.postcrash.evidence.cctvReconstruction.link"/><target><code value="DocumentReference.content.attachment.url"/><equivalence value="equivalent"/></target></element></group><group><source value="https://build.fhir.org/ig/UP-Manila-SILab/PH-RoadSafetyIG/StructureDefinition/MDSRoadSafety"/><target value="http://hl7.org/fhir/StructureDefinition/Claim"/><element><code value="MDSRoadSafety.oneiss.finance.costOfCare"/><target><code value="Claim.total"/><equivalence value="equivalent"/></target></element></group></ConceptMap>