<?xml version="1.0" encoding="UTF-8"?><ValueSet xmlns="http://hl7.org/fhir"><id value="rs-task-status"/><text><status value="generated"/><div xmlns="http://www.w3.org/1999/xhtml"><p class="res-header-id"><b>Generated Narrative: ValueSet rs-task-status</b></p><a name="rs-task-status"> </a><a name="hcrs-task-status"> </a><ul><li>Include all codes defined in <a href="CodeSystem-rs-task-status-cs.html"><code>https://build.fhir.org/ig/UPM-NTHC/PH-RoadSafetyIG/CodeSystem/rs-task-status-cs</code></a> version <span title="Version is not explicitly stated, which means it is fixed to the version provided in this specification">📦0.1.0</span></li></ul></div></text><url value="https://build.fhir.org/ig/UPM-NTHC/PH-RoadSafetyIG/ValueSet/rs-task-status"/><version value="0.1.0"/><name value="RSTaskStatusVS"/><title value="Road Safety Task Status"/><status value="draft"/><experimental value="true"/><date value="2025-10-08T02:57:10+00:00"/><publisher value="UP Manila - National Institutes of Health - National Telehealth Center"/><contact><name value="UP Manila - National Institutes of Health - National Telehealth Center"/><telecom><system value="url"/><value value="https://github.com/UPM-NTHC/PH-RoadSafetyIG"/></telecom></contact><contact><name value="PH Road Safety IG Repository"/><telecom><system value="url"/><value value="https://github.com/UPM-NTHC/PH-RoadSafetyIG"/></telecom></contact><description value="ValueSet for Task.status using custom Road Safety codes."/><jurisdiction><coding><system value="urn:iso:std:iso:3166"/><code value="PH"/><display value="Philippines"/></coding></jurisdiction><compose><include><system value="https://build.fhir.org/ig/UPM-NTHC/PH-RoadSafetyIG/CodeSystem/rs-task-status-cs"/></include></compose></ValueSet>