<?xml version="1.0" encoding="UTF-8"?><ValueSet xmlns="http://hl7.org/fhir"><id value="a451137e-f7ff-4fb3-af03-e2bae290ea22"/><meta><versionId value="1"/><lastUpdated value="2025-10-31T00:13:17.034+00:00"/></meta><text><status value="generated"/><div xmlns="http://www.w3.org/1999/xhtml"><p class="res-header-id"><b>Generated Narrative: ValueSet a451137e-f7ff-4fb3-af03-e2bae290ea22</b></p><a name="a451137e-f7ff-4fb3-af03-e2bae290ea22"> </a><a name="hca451137e-f7ff-4fb3-af03-e2bae290ea22"> </a><div style="display: inline-block; background-color: #d9e0e7; padding: 6px; margin: 4px; border: 1px solid #8da1b4; border-radius: 5px; line-height: 60%"><p style="margin-bottom: 0px">version: 1; Last updated: 2025-10-31 00:13:17+0000</p></div><div style="border: black 1px dotted; background-color: #EEEEEE; padding: 8px; margin-bottom: 8px"><p>Expansion based on:</p><ul><li>Loinc v2.78</li><li>SNOMED CT International edition 01-Oct 2024</li><li><a href="http://terminology.hl7.org/6.5.0/CodeSystem-v3-ParticipationType.html">codesystem ParticipationType v5.0.0 (CodeSystem)</a></li></ul></div><p>This value set contains 5 concepts</p><table class="codes"><tr><td><b>System</b></td><td><b>Version</b></td><td style="white-space:nowrap"><b>Code</b></td><td><b>Display</b></td></tr><tr><td><a name="a451137e-f7ff-4fb3-af03-e2bae290ea22-http://loinc.org-90123-1"> </a><code>http://loinc.org</code></td><td>2.78</td><td style="white-space:nowrap">  <a href="https://loinc.org/90123-1/">90123-1</a></td><td>Response team leader name</td></tr><tr><td><a name="a451137e-f7ff-4fb3-af03-e2bae290ea22-http://snomed.info/sct-397897005"> </a><code>http://snomed.info/sct</code></td><td>http://snomed.info/sct/900000000000207008/version/20241001</td><td style="white-space:nowrap">  <a href="http://snomed.info/sct/900000000000207008/id/397897005">397897005</a></td><td>Paramedic (occupation)</td></tr><tr><td><a name="a451137e-f7ff-4fb3-af03-e2bae290ea22-http://snomed.info/sct-159738005"> </a><code>http://snomed.info/sct</code></td><td>http://snomed.info/sct/900000000000207008/version/20241001</td><td style="white-space:nowrap">  <a href="http://snomed.info/sct/900000000000207008/id/159738005">159738005</a></td><td>Ambulanceman (occupation)</td></tr><tr><td><a name="a451137e-f7ff-4fb3-af03-e2bae290ea22-http://snomed.info/sct-22515006"> </a><code>http://snomed.info/sct</code></td><td>http://snomed.info/sct/900000000000207008/version/20241001</td><td style="white-space:nowrap">  <a href="http://snomed.info/sct/900000000000207008/id/22515006">22515006</a></td><td>Medical assistant (occupation)</td></tr><tr><td><a name="a451137e-f7ff-4fb3-af03-e2bae290ea22-http://terminology.hl7.org/CodeSystem/v3-ParticipationType-RCV"> </a><code>http://terminology.hl7.org/CodeSystem/v3-ParticipationType</code></td><td>5.0.0</td><td style="white-space:nowrap">  <a href="http://terminology.hl7.org/6.5.0/CodeSystem-v3-ParticipationType.html#v3-ParticipationType-RCV">RCV</a></td><td>receiver</td></tr></table></div></text><url value="http://www.roadsafetyph.doh.gov.ph/ValueSet/SILPH-EncounterParticipantRole"/><version value="0.3.0"/><name value="SILPHEncounterParticipantRoleVS"/><title value="SILPH - Encounter Participant Role (VS)"/><status value="draft"/><date value="2025-11-06T11:55:20+00:00"/><publisher value="UP Manila - National Institutes of Health - National Telehealth Center"/><contact><name value="UP Manila - National Institutes of Health - National Telehealth Center"/><telecom><system value="url"/><value value="https://github.com/UPM-NTHC/PH-RoadSafetyIG"/></telecom></contact><contact><name value="PH Road Safety IG Repository"/><telecom><system value="url"/><value value="https://github.com/UPM-NTHC/PH-RoadSafetyIG"/></telecom></contact><description value="SILPH Value Set for EMS encounter participant roles documented on the run report."/><jurisdiction><coding><system value="urn:iso:std:iso:3166"/><code value="PH"/><display value="Philippines"/></coding></jurisdiction><compose><include><system value="http://loinc.org"/><concept><code value="90123-1"/><display value="Response team leader name"/></concept></include><include><system value="http://snomed.info/sct"/><concept><code value="397897005"/><display value="Paramedic (occupation)"/></concept><concept><code value="159738005"/><display value="Ambulanceman (occupation)"/></concept><concept><code value="22515006"/><display value="Medical assistant (occupation)"/></concept></include><include><system value="http://terminology.hl7.org/CodeSystem/v3-ParticipationType"/><concept><code value="RCV"/><display value="receiver"/></concept></include></compose><expansion><identifier value="urn:uuid:2f7e8bec-1033-4f24-8391-38ea28d95d6c"/><timestamp value="2025-10-31T01:58:21+00:00"/><total value="5"/><parameter><name value="used-codesystem"/><valueUri value="http://snomed.info/sct|http://snomed.info/sct/900000000000207008/version/20241001"/></parameter><parameter><name value="version"/><valueUri value="http://snomed.info/sct|http://snomed.info/sct/900000000000207008/version/20241001"/></parameter><parameter><name value="used-codesystem"/><valueUri value="http://terminology.hl7.org/CodeSystem/v3-ParticipationType|5.0.0"/></parameter><parameter><name value="version"/><valueUri value="http://terminology.hl7.org/CodeSystem/v3-ParticipationType|5.0.0"/></parameter><parameter><name value="used-codesystem"/><valueUri value="http://loinc.org|2.78"/></parameter><parameter><name value="version"/><valueUri value="http://loinc.org|2.78"/></parameter><parameter><name value="warning-draft"/><valueUri value="http://www.roadsafetyph.doh.gov.ph/ValueSet/SILPH-EncounterParticipantRole|0.2.0"/></parameter><contains><system value="http://loinc.org"/><version value="2.78"/><code value="90123-1"/><display value="Response team leader name"/></contains><contains><system value="http://snomed.info/sct"/><version value="http://snomed.info/sct/900000000000207008/version/20241001"/><code value="397897005"/><display value="Paramedic (occupation)"/></contains><contains><system value="http://snomed.info/sct"/><version value="http://snomed.info/sct/900000000000207008/version/20241001"/><code value="159738005"/><display value="Ambulanceman (occupation)"/></contains><contains><system value="http://snomed.info/sct"/><version value="http://snomed.info/sct/900000000000207008/version/20241001"/><code value="22515006"/><display value="Medical assistant (occupation)"/></contains><contains><system value="http://terminology.hl7.org/CodeSystem/v3-ParticipationType"/><version value="5.0.0"/><code value="RCV"/><display value="receiver"/></contains></expansion></ValueSet>