<?xml version="1.0" encoding="UTF-8"?><ValueSet xmlns="http://hl7.org/fhir"><id value="vehicle-condition-vs"/><text><status value="generated"/><div xmlns="http://www.w3.org/1999/xhtml"><p class="res-header-id"><b>Generated Narrative: ValueSet vehicle-condition-vs</b></p><a name="vehicle-condition-vs"> </a><a name="hcvehicle-condition-vs"> </a><ul><li>Include all codes defined in <a href="CodeSystem-vehicle-condition-cs.html"><code>https://build.fhir.org/ig/UPM-NTHC/PH-RoadSafetyIG/CodeSystem/vehicle-condition-cs</code></a> version <span title="Version is not explicitly stated, which means it is fixed to the version provided in this specification">📦0.1.0</span></li></ul></div></text><url value="https://build.fhir.org/ig/UPM-NTHC/PH-RoadSafetyIG/ValueSet/vehicle-condition-vs"/><version value="0.1.0"/><name value="VehicleConditionVS"/><title value="Vehicle Condition"/><status value="draft"/><date value="2025-10-09T08:41:35+00:00"/><publisher value="UP Manila - National Institutes of Health - National Telehealth Center"/><contact><name value="UP Manila - National Institutes of Health - National Telehealth Center"/><telecom><system value="url"/><value value="https://github.com/UPM-NTHC/PH-RoadSafetyIG"/></telecom></contact><contact><name value="PH Road Safety IG Repository"/><telecom><system value="url"/><value value="https://github.com/UPM-NTHC/PH-RoadSafetyIG"/></telecom></contact><description value="ValueSet indicating the condition of a vehicle."/><jurisdiction><coding><system value="urn:iso:std:iso:3166"/><code value="PH"/><display value="Philippines"/></coding></jurisdiction><compose><include><system value="https://build.fhir.org/ig/UPM-NTHC/PH-RoadSafetyIG/CodeSystem/vehicle-condition-cs"/></include></compose></ValueSet>