<?xml version="1.0" encoding="UTF-8"?><ValueSet xmlns="http://hl7.org/fhir"><id value="SILPH-TransportAccidentCollisionorNoncollisionVS"/><meta><versionId value="6"/><lastUpdated value="2025-10-30T00:34:07.958+00:00"/></meta><text><status value="generated"/><div xmlns="http://www.w3.org/1999/xhtml"><p class="res-header-id"><b>Generated Narrative: ValueSet SILPH-TransportAccidentCollisionorNoncollisionVS</b></p><a name="SILPH-TransportAccidentCollisionorNoncollisionVS"> </a><a name="hcSILPH-TransportAccidentCollisionorNoncollisionVS"> </a><div style="display: inline-block; background-color: #d9e0e7; padding: 6px; margin: 4px; border: 1px solid #8da1b4; border-radius: 5px; line-height: 60%"><p style="margin-bottom: 0px">version: 6; Last updated: 2025-10-30 00:34:07+0000</p></div><div style="border: black 1px dotted; background-color: #EEEEEE; padding: 8px; margin-bottom: 8px"><p>Expansion based on:</p><ul><li>Loinc v2.78</li><li><a href="CodeSystem-SILPH-LocalCodesCS.html">codesystem SILPH Road Safety Local Codes v0.2.0 (CodeSystem)</a></li></ul></div><p>This value set contains 2 concepts</p><table class="codes"><tr><td><b>System</b></td><td><b>Version</b></td><td style="white-space:nowrap"><b>Code</b></td><td><b>Display</b></td></tr><tr><td><a name="SILPH-TransportAccidentCollisionorNoncollisionVS-http://loinc.org-LA7319-2"> </a><code>http://loinc.org</code></td><td>2.78</td><td style="white-space:nowrap">  <a href="https://loinc.org/LA7319-2/">LA7319-2</a></td><td>Collision</td></tr><tr><td><a name="SILPH-TransportAccidentCollisionorNoncollisionVS-http://www.roadsafetyph.doh.gov.ph/CodeSystem-NONCOLLISION"> </a><code>http://www.roadsafetyph.doh.gov.ph/CodeSystem</code></td><td>0.2.0</td><td style="white-space:nowrap">  <a href="CodeSystem-SILPH-LocalCodesCS.html#SILPH-LocalCodesCS-NONCOLLISION">NONCOLLISION</a></td><td>Non-Collision</td></tr></table></div></text><url value="http://www.roadsafetyph.doh.gov.ph/ValueSet/SILPH-TransportAccidentCollision"/><version value="0.2.0"/><name value="SILPH___Transport_Accident__Collision_or_Noncollision__VS_"/><title value="SILPH - Transport Accident: Collision or Noncollision (VS)"/><status value="draft"/><date value="2025-11-03T09:29:05+00:00"/><publisher value="UP Manila - National Institutes of Health - National Telehealth Center"/><contact><name value="UP Manila - National Institutes of Health - National Telehealth Center"/><telecom><system value="url"/><value value="https://github.com/UPM-NTHC/PH-RoadSafetyIG"/></telecom></contact><contact><name value="PH Road Safety IG Repository"/><telecom><system value="url"/><value value="https://github.com/UPM-NTHC/PH-RoadSafetyIG"/></telecom></contact><description value="SILPH Value Set for Transport Accident if Collision or Noncollision"/><jurisdiction><coding><system value="urn:iso:std:iso:3166"/><code value="PH"/><display value="Philippines"/></coding></jurisdiction><compose><include><system value="http://loinc.org"/><concept><code value="LA7319-2"/><display value="Collision"/></concept></include><include><system value="http://www.roadsafetyph.doh.gov.ph/CodeSystem"/><concept><code value="NONCOLLISION"/><display value="Non-Collision"/></concept></include></compose><expansion><identifier value="urn:uuid:d22313cd-72f5-4387-aa6d-06dc1a5300d4"/><timestamp value="2025-10-29T23:49:36+00:00"/><total value="2"/><parameter><name value="used-codesystem"/><valueUri value="http://www.roadsafetyph.doh.gov.ph/CodeSystem|0.2.0"/></parameter><parameter><name value="version"/><valueUri value="http://www.roadsafetyph.doh.gov.ph/CodeSystem|0.2.0"/></parameter><parameter><name value="used-codesystem"/><valueUri value="http://loinc.org|2.78"/></parameter><parameter><name value="version"/><valueUri value="http://loinc.org|2.78"/></parameter><parameter><name value="warning-draft"/><valueUri value="http://www.roadsafetyph.doh.gov.ph/CodeSystem|0.2.0"/></parameter><parameter><name value="warning-draft"/><valueUri value="http://www.roadsafetyph.doh.gov.ph/ValueSet/SILPH-TransportAccidentCollision|0.1.2"/></parameter><contains><system value="http://loinc.org"/><version value="2.78"/><code value="LA7319-2"/><display value="Collision"/></contains><contains><system value="http://www.roadsafetyph.doh.gov.ph/CodeSystem"/><version value="0.2.0"/><code value="NONCOLLISION"/><display value="Non-Collision"/></contains></expansion></ValueSet>