<?xml version="1.0" encoding="UTF-8"?><ValueSet xmlns="http://hl7.org/fhir"><id value="external-cause-vs"/><text><status value="generated"/><div xmlns="http://www.w3.org/1999/xhtml"><p class="res-header-id"><b>Generated Narrative: ValueSet external-cause-vs</b></p><a name="external-cause-vs"> </a><a name="hcexternal-cause-vs"> </a><ul><li>Include all codes defined in <a href="CodeSystem-external-cause-cs.html"><code>https://build.fhir.org/ig/UPM-NTHC/PH-RoadSafetyIG/CodeSystem/external-cause-cs</code></a><span title="Version is not explicitly stated, which means it is fixed to the version provided in this specification"> version 📦0.1.0</span></li></ul></div></text><url value="https://build.fhir.org/ig/UPM-NTHC/PH-RoadSafetyIG/ValueSet/external-cause-vs"/><version value="0.1.0"/><name value="ExternalCauseVS"/><title value="External Cause ValueSet (example)"/><status value="draft"/><experimental value="true"/><date value="2025-10-21T09:14:28+00:00"/><publisher value="UP Manila - National Institutes of Health - National Telehealth Center"/><contact><name value="UP Manila - National Institutes of Health - National Telehealth Center"/><telecom><system value="url"/><value value="https://github.com/UPM-NTHC/PH-RoadSafetyIG"/></telecom></contact><contact><name value="PH Road Safety IG Repository"/><telecom><system value="url"/><value value="https://github.com/UPM-NTHC/PH-RoadSafetyIG"/></telecom></contact><description value="Illustrative set of codes representing external causes of injury."/><jurisdiction><coding><system value="urn:iso:std:iso:3166"/><code value="PH"/><display value="Philippines"/></coding></jurisdiction><compose><include><system value="https://build.fhir.org/ig/UPM-NTHC/PH-RoadSafetyIG/CodeSystem/external-cause-cs"/></include></compose></ValueSet>