<?xml version="1.0" encoding="UTF-8"?><ValueSet xmlns="http://hl7.org/fhir"><id value="priority-vs"/><text><status value="generated"/><div xmlns="http://www.w3.org/1999/xhtml"><p class="res-header-id"><b>Generated Narrative: ValueSet priority-vs</b></p><a name="priority-vs"> </a><a name="hcpriority-vs"> </a><ul><li>Include all codes defined in <a href="CodeSystem-priority-cs.html"><code>https://build.fhir.org/ig/UPM-NTHC/PH-RoadSafetyIG/CodeSystem/priority-cs</code></a><span title="Version is not explicitly stated, which means it is fixed to the version provided in this specification"> version 📦0.1.0</span></li></ul></div></text><url value="https://build.fhir.org/ig/UPM-NTHC/PH-RoadSafetyIG/ValueSet/priority-vs"/><version value="0.1.0"/><name value="PriorityVS"/><title value="Triage Priority ValueSet (example)"/><status value="draft"/><experimental value="true"/><date value="2025-10-21T04:48:52+00:00"/><publisher value="UP Manila - National Institutes of Health - National Telehealth Center"/><contact><name value="UP Manila - National Institutes of Health - National Telehealth Center"/><telecom><system value="url"/><value value="https://github.com/UPM-NTHC/PH-RoadSafetyIG"/></telecom></contact><contact><name value="PH Road Safety IG Repository"/><telecom><system value="url"/><value value="https://github.com/UPM-NTHC/PH-RoadSafetyIG"/></telecom></contact><description value="Example ValueSet capturing triage priorities."/><jurisdiction><coding><system value="urn:iso:std:iso:3166"/><code value="PH"/><display value="Philippines"/></coding></jurisdiction><compose><include><system value="https://build.fhir.org/ig/UPM-NTHC/PH-RoadSafetyIG/CodeSystem/priority-cs"/></include></compose></ValueSet>