<?xml version="1.0" encoding="UTF-8"?><ValueSet xmlns="http://hl7.org/fhir"><id value="SILPH-GCSVerbalVS"/><meta><versionId value="3"/><lastUpdated value="2025-10-30T00:34:01.955+00:00"/></meta><text><status value="generated"/><div xmlns="http://www.w3.org/1999/xhtml"><p class="res-header-id"><b>Generated Narrative: ValueSet SILPH-GCSVerbalVS</b></p><a name="SILPH-GCSVerbalVS"> </a><a name="hcSILPH-GCSVerbalVS"> </a><div style="display: inline-block; background-color: #d9e0e7; padding: 6px; margin: 4px; border: 1px solid #8da1b4; border-radius: 5px; line-height: 60%"><p style="margin-bottom: 0px">version: 3; Last updated: 2025-10-30 00:34:01+0000</p></div><p style="border: black 1px dotted; background-color: #EEEEEE; padding: 8px; margin-bottom: 8px">Expansion based on Loinc v2.78</p><p>This value set contains 5 concepts</p><table class="codes"><tr><td><b>System</b></td><td style="white-space:nowrap"><b>Code</b></td><td><b>Display</b></td></tr><tr><td><a name="SILPH-GCSVerbalVS-http://loinc.org-LA6561-0"> </a><code>http://loinc.org</code></td><td style="white-space:nowrap">  <a href="https://loinc.org/LA6561-0/">LA6561-0</a></td><td>5 Oriented</td></tr><tr><td><a name="SILPH-GCSVerbalVS-http://loinc.org-LA6560-2"> </a><code>http://loinc.org</code></td><td style="white-space:nowrap">  <a href="https://loinc.org/LA6560-2/">LA6560-2</a></td><td>4 Confused</td></tr><tr><td><a name="SILPH-GCSVerbalVS-http://loinc.org-LA6559-4"> </a><code>http://loinc.org</code></td><td style="white-space:nowrap">  <a href="https://loinc.org/LA6559-4/">LA6559-4</a></td><td>3 Inappropriate words</td></tr><tr><td><a name="SILPH-GCSVerbalVS-http://loinc.org-LA6558-6"> </a><code>http://loinc.org</code></td><td style="white-space:nowrap">  <a href="https://loinc.org/LA6558-6/">LA6558-6</a></td><td>2 Incomprehensible words</td></tr><tr><td><a name="SILPH-GCSVerbalVS-http://loinc.org-LA6557-8"> </a><code>http://loinc.org</code></td><td style="white-space:nowrap">  <a href="https://loinc.org/LA6557-8/">LA6557-8</a></td><td>1 None</td></tr></table></div></text><url value="http://www.roadsafetyph.doh.gov.ph/ValueSet/SILPH-GCS-Verbal"/><version value="0.2.0"/><name value="SILPH___GCS___Verbal__VS_"/><title value="SILPH - GCS - Verbal (VS)"/><status value="draft"/><date value="2025-11-01T11:24:55+00:00"/><publisher value="UP Manila - National Institutes of Health - National Telehealth Center"/><contact><name value="UP Manila - National Institutes of Health - National Telehealth Center"/><telecom><system value="url"/><value value="https://github.com/UPM-NTHC/PH-RoadSafetyIG"/></telecom></contact><contact><name value="PH Road Safety IG Repository"/><telecom><system value="url"/><value value="https://github.com/UPM-NTHC/PH-RoadSafetyIG"/></telecom></contact><description value="SILPH Value Set for GCS Verbal Score"/><jurisdiction><coding><system value="urn:iso:std:iso:3166"/><code value="PH"/><display value="Philippines"/></coding></jurisdiction><compose><include><system value="http://loinc.org"/><concept><code value="LA6561-0"/><display value="5 Oriented"/></concept><concept><code value="LA6560-2"/><display value="4 Confused"/></concept><concept><code value="LA6559-4"/><display value="3 Inappropriate words"/></concept><concept><code value="LA6558-6"/><display value="2 Incomprehensible words"/></concept><concept><code value="LA6557-8"/><display value="1 None"/></concept></include></compose><expansion><identifier value="urn:uuid:f6e72f36-9779-478a-a9af-c0d62d9e9634"/><timestamp value="2025-10-29T23:49:33+00:00"/><total value="5"/><parameter><name value="used-codesystem"/><valueUri value="http://loinc.org|2.78"/></parameter><parameter><name value="version"/><valueUri value="http://loinc.org|2.78"/></parameter><parameter><name value="warning-draft"/><valueUri value="http://www.roadsafetyph.doh.gov.ph/ValueSet/SILPH-GCS-Verbal|1"/></parameter><contains><system value="http://loinc.org"/><code value="LA6561-0"/><display value="5 Oriented"/></contains><contains><system value="http://loinc.org"/><code value="LA6560-2"/><display value="4 Confused"/></contains><contains><system value="http://loinc.org"/><code value="LA6559-4"/><display value="3 Inappropriate words"/></contains><contains><system value="http://loinc.org"/><code value="LA6558-6"/><display value="2 Incomprehensible words"/></contains><contains><system value="http://loinc.org"/><code value="LA6557-8"/><display value="1 None"/></contains></expansion></ValueSet>