<?xml version="1.0" encoding="UTF-8"?><ValueSet xmlns="http://hl7.org/fhir"><id value="mode-of-transport-vs"/><text><status value="generated"/><div xmlns="http://www.w3.org/1999/xhtml"><p class="res-header-id"><b>Generated Narrative: ValueSet mode-of-transport-vs</b></p><a name="mode-of-transport-vs"> </a><a name="hcmode-of-transport-vs"> </a><ul><li>Include all codes defined in <a href="CodeSystem-mode-of-transport-cs.html"><code>https://build.fhir.org/ig/UPM-NTHC/PH-RoadSafetyIG/CodeSystem/mode-of-transport-cs</code></a><span title="Version is not explicitly stated, which means it is fixed to the version provided in this specification"> version 📦0.1.0</span></li></ul></div></text><url value="https://build.fhir.org/ig/UPM-NTHC/PH-RoadSafetyIG/ValueSet/mode-of-transport-vs"/><version value="0.1.0"/><name value="ModeOfTransportVS"/><title value="Mode of Transport ValueSet (example)"/><status value="draft"/><experimental value="true"/><date value="2025-10-22T01:50:39+00:00"/><publisher value="UP Manila - National Institutes of Health - National Telehealth Center"/><contact><name value="UP Manila - National Institutes of Health - National Telehealth Center"/><telecom><system value="url"/><value value="https://github.com/UPM-NTHC/PH-RoadSafetyIG"/></telecom></contact><contact><name value="PH Road Safety IG Repository"/><telecom><system value="url"/><value value="https://github.com/UPM-NTHC/PH-RoadSafetyIG"/></telecom></contact><description value="Sample ValueSet capturing transport modes."/><jurisdiction><coding><system value="urn:iso:std:iso:3166"/><code value="PH"/><display value="Philippines"/></coding></jurisdiction><compose><include><system value="https://build.fhir.org/ig/UPM-NTHC/PH-RoadSafetyIG/CodeSystem/mode-of-transport-cs"/></include></compose></ValueSet>