<?xml version="1.0" encoding="UTF-8"?><ValueSet xmlns="http://hl7.org/fhir"><id value="SILPH-BurnsVS"/><meta><versionId value="4"/><lastUpdated value="2025-10-30T00:34:00.619+00:00"/></meta><text><status value="generated"/><div xmlns="http://www.w3.org/1999/xhtml"><p class="res-header-id"><b>Generated Narrative: ValueSet SILPH-BurnsVS</b></p><a name="SILPH-BurnsVS"> </a><a name="hcSILPH-BurnsVS"> </a><div style="display: inline-block; background-color: #d9e0e7; padding: 6px; margin: 4px; border: 1px solid #8da1b4; border-radius: 5px; line-height: 60%"><p style="margin-bottom: 0px">version: 4; Last updated: 2025-10-30 00:34:00+0000</p></div><p style="border: black 1px dotted; background-color: #EEEEEE; padding: 8px; margin-bottom: 8px">Expansion based on SNOMED CT International edition 01-Oct 2024</p><p>This value set contains 4 concepts</p><table class="codes"><tr><td><b>System</b></td><td style="white-space:nowrap"><b>Code</b></td><td><b>Display</b></td></tr><tr><td><a name="SILPH-BurnsVS-http://snomed.info/sct-77140003"> </a><code>http://snomed.info/sct</code></td><td style="white-space:nowrap">  <a href="http://snomed.info/id/77140003">77140003</a></td><td>1st Degree Burn</td></tr><tr><td><a name="SILPH-BurnsVS-http://snomed.info/sct-46541008"> </a><code>http://snomed.info/sct</code></td><td style="white-space:nowrap">  <a href="http://snomed.info/id/46541008">46541008</a></td><td>2nd Degree Burn</td></tr><tr><td><a name="SILPH-BurnsVS-http://snomed.info/sct-80247002"> </a><code>http://snomed.info/sct</code></td><td style="white-space:nowrap">  <a href="http://snomed.info/id/80247002">80247002</a></td><td>3rd Degree Burn</td></tr><tr><td><a name="SILPH-BurnsVS-http://snomed.info/sct-770400008"> </a><code>http://snomed.info/sct</code></td><td style="white-space:nowrap">  <a href="http://snomed.info/id/770400008">770400008</a></td><td>4th Degree Burn</td></tr></table></div></text><url value="http://www.roadsafetyph.doh.gov.ph/ValueSet/SILPH-Burns"/><version value="0.2.0"/><name value="SILPH___Burns__VS_"/><title value="SILPH - Burns (VS)"/><status value="draft"/><date value="2025-11-01T02:32:07+00:00"/><publisher value="UP Manila - National Institutes of Health - National Telehealth Center"/><contact><name value="UP Manila - National Institutes of Health - National Telehealth Center"/><telecom><system value="url"/><value value="https://github.com/UPM-NTHC/PH-RoadSafetyIG"/></telecom></contact><contact><name value="PH Road Safety IG Repository"/><telecom><system value="url"/><value value="https://github.com/UPM-NTHC/PH-RoadSafetyIG"/></telecom></contact><description value="SILPH Value Set for Degree of Burn"/><jurisdiction><coding><system value="urn:iso:std:iso:3166"/><code value="PH"/><display value="Philippines"/></coding></jurisdiction><compose><include><system value="http://snomed.info/sct"/><concept><code value="77140003"/><display value="1st Degree Burn"/></concept><concept><code value="46541008"/><display value="2nd Degree Burn"/></concept><concept><code value="80247002"/><display value="3rd Degree Burn"/></concept><concept><code value="770400008"/><display value="4th Degree Burn"/></concept></include></compose><expansion><identifier value="urn:uuid:b4fbdf17-f75f-4f4f-b8a7-5f3d76b01ead"/><timestamp value="2025-10-29T23:49:33+00:00"/><total value="4"/><parameter><name value="used-codesystem"/><valueUri value="http://snomed.info/sct|http://snomed.info/sct/900000000000207008/version/20241001"/></parameter><parameter><name value="version"/><valueUri value="http://snomed.info/sct|http://snomed.info/sct/900000000000207008/version/20241001"/></parameter><parameter><name value="warning-draft"/><valueUri value="http://www.roadsafetyph.doh.gov.ph/ValueSet/SILPH-Burns|1"/></parameter><contains><system value="http://snomed.info/sct"/><code value="77140003"/><display value="1st Degree Burn"/></contains><contains><system value="http://snomed.info/sct"/><code value="46541008"/><display value="2nd Degree Burn"/></contains><contains><system value="http://snomed.info/sct"/><code value="80247002"/><display value="3rd Degree Burn"/></contains><contains><system value="http://snomed.info/sct"/><code value="770400008"/><display value="4th Degree Burn"/></contains></expansion></ValueSet>