<?xml version="1.0" encoding="UTF-8"?><ValueSet xmlns="http://hl7.org/fhir"><id value="SILPH-ExternalCauseofDrowningVS"/><meta><versionId value="5"/><lastUpdated value="2025-10-30T00:34:01.305+00:00"/></meta><text><status value="generated"/><div xmlns="http://www.w3.org/1999/xhtml"><p class="res-header-id"><b>Generated Narrative: ValueSet SILPH-ExternalCauseofDrowningVS</b></p><a name="SILPH-ExternalCauseofDrowningVS"> </a><a name="hcSILPH-ExternalCauseofDrowningVS"> </a><div style="display: inline-block; background-color: #d9e0e7; padding: 6px; margin: 4px; border: 1px solid #8da1b4; border-radius: 5px; line-height: 60%"><p style="margin-bottom: 0px">version: 5; Last updated: 2025-10-30 00:34:01+0000</p></div><p style="border: black 1px dotted; background-color: #EEEEEE; padding: 8px; margin-bottom: 8px">Expansion based on SNOMED CT International edition 01-Oct 2024</p><p>This value set contains 6 concepts</p><table class="codes"><tr><td><b>System</b></td><td style="white-space:nowrap"><b>Code</b></td><td><b>Display</b></td></tr><tr><td><a name="SILPH-ExternalCauseofDrowningVS-http://snomed.info/sct-225742004"> </a><code>http://snomed.info/sct</code></td><td style="white-space:nowrap">  <a href="http://snomed.info/id/225742004">225742004</a></td><td>Sea</td></tr><tr><td><a name="SILPH-ExternalCauseofDrowningVS-http://snomed.info/sct-420531007"> </a><code>http://snomed.info/sct</code></td><td style="white-space:nowrap">  <a href="http://snomed.info/id/420531007">420531007</a></td><td>River</td></tr><tr><td><a name="SILPH-ExternalCauseofDrowningVS-http://snomed.info/sct-421084007"> </a><code>http://snomed.info/sct</code></td><td style="white-space:nowrap">  <a href="http://snomed.info/id/421084007">421084007</a></td><td>Lake</td></tr><tr><td><a name="SILPH-ExternalCauseofDrowningVS-http://snomed.info/sct-69297003"> </a><code>http://snomed.info/sct</code></td><td style="white-space:nowrap">  <a href="http://snomed.info/id/69297003">69297003</a></td><td>Pool</td></tr><tr><td><a name="SILPH-ExternalCauseofDrowningVS-http://snomed.info/sct-75988000"> </a><code>http://snomed.info/sct</code></td><td style="white-space:nowrap">  <a href="http://snomed.info/id/75988000">75988000</a></td><td>Bath tub</td></tr><tr><td><a name="SILPH-ExternalCauseofDrowningVS-http://snomed.info/sct-74964007"> </a><code>http://snomed.info/sct</code></td><td style="white-space:nowrap">  <a href="http://snomed.info/id/74964007">74964007</a></td><td>Others</td></tr></table></div></text><url value="http://www.roadsafetyph.doh.gov.ph/ValueSet/SILPH-ExternalCauseofDrowning"/><version value="0.2.0"/><name value="SILPH___External_Cause_of_Drowning__VS_"/><title value="SILPH - External Cause of Drowning (VS)"/><status value="draft"/><date value="2025-11-01T03:08:11+00:00"/><publisher value="UP Manila - National Institutes of Health - National Telehealth Center"/><contact><name value="UP Manila - National Institutes of Health - National Telehealth Center"/><telecom><system value="url"/><value value="https://github.com/UPM-NTHC/PH-RoadSafetyIG"/></telecom></contact><contact><name value="PH Road Safety IG Repository"/><telecom><system value="url"/><value value="https://github.com/UPM-NTHC/PH-RoadSafetyIG"/></telecom></contact><description value="SILPH Value Set for External Cause of Drowning"/><jurisdiction><coding><system value="urn:iso:std:iso:3166"/><code value="PH"/><display value="Philippines"/></coding></jurisdiction><compose><include><system value="http://snomed.info/sct"/><concept><code value="225742004"/><display value="Sea"/></concept><concept><code value="420531007"/><display value="River"/></concept><concept><code value="421084007"/><display value="Lake"/></concept><concept><code value="69297003"/><display value="Pool"/></concept><concept><code value="75988000"/><display value="Bath tub"/></concept><concept><code value="74964007"/><display value="Others"/></concept></include></compose><expansion><identifier value="urn:uuid:b2c4db64-92f3-4da6-9b4d-e765962357d0"/><timestamp value="2025-10-29T23:49:28+00:00"/><total value="6"/><parameter><name value="used-codesystem"/><valueUri value="http://snomed.info/sct|http://snomed.info/sct/900000000000207008/version/20241001"/></parameter><parameter><name value="version"/><valueUri value="http://snomed.info/sct|http://snomed.info/sct/900000000000207008/version/20241001"/></parameter><parameter><name value="warning-draft"/><valueUri value="http://www.roadsafetyph.doh.gov.ph/ValueSet/SILPH-ExternalCauseofDrowning|1"/></parameter><contains><system value="http://snomed.info/sct"/><code value="225742004"/><display value="Sea"/></contains><contains><system value="http://snomed.info/sct"/><code value="420531007"/><display value="River"/></contains><contains><system value="http://snomed.info/sct"/><code value="421084007"/><display value="Lake"/></contains><contains><system value="http://snomed.info/sct"/><code value="69297003"/><display value="Pool"/></contains><contains><system value="http://snomed.info/sct"/><code value="75988000"/><display value="Bath tub"/></contains><contains><system value="http://snomed.info/sct"/><code value="74964007"/><display value="Others"/></contains></expansion></ValueSet>