<?xml version="1.0" encoding="UTF-8"?><ValueSet xmlns="http://hl7.org/fhir"><id value="ICD10ExternalCauseVS"/><text><status value="generated"/><div xmlns="http://www.w3.org/1999/xhtml"><p class="res-header-id"><b>Generated Narrative: ValueSet ICD10ExternalCauseVS</b></p><a name="ICD10ExternalCauseVS"> </a><a name="hcICD10ExternalCauseVS"> </a><ul><li>Include all codes defined in <a href="http://terminology.hl7.org/6.5.0/CodeSystem-icd10.html"><code>http://hl7.org/fhir/sid/icd-10</code></a> version <span title="Version is not explicity stated. No matching Code System found">Not Stated (use latest from terminology server)</span></li></ul></div></text><url value="https://build.fhir.org/ig/UPM-NTHC/PH-RoadSafetyIG/ValueSet/ICD10ExternalCauseVS"/><version value="0.1.0"/><name value="ICD10ExternalCauseVS"/><title value="ICD-10 External Cause (sample)"/><status value="draft"/><date value="2025-10-09T07:33:25+00:00"/><publisher value="UP Manila - National Institutes of Health - National Telehealth Center"/><contact><name value="UP Manila - National Institutes of Health - National Telehealth Center"/><telecom><system value="url"/><value value="https://github.com/UPM-NTHC/PH-RoadSafetyIG"/></telecom></contact><contact><name value="PH Road Safety IG Repository"/><telecom><system value="url"/><value value="https://github.com/UPM-NTHC/PH-RoadSafetyIG"/></telecom></contact><jurisdiction><coding><system value="urn:iso:std:iso:3166"/><code value="PH"/><display value="Philippines"/></coding></jurisdiction><compose><include><system value="http://hl7.org/fhir/sid/icd-10"/></include></compose></ValueSet>