<?xml version="1.0" encoding="UTF-8"?><ValueSet xmlns="http://hl7.org/fhir"><id value="SILPH-ActivityVS"/><meta><versionId value="5"/><lastUpdated value="2025-10-30T00:34:00.459+00:00"/></meta><text><status value="generated"/><div xmlns="http://www.w3.org/1999/xhtml"><p class="res-header-id"><b>Generated Narrative: ValueSet SILPH-ActivityVS</b></p><a name="SILPH-ActivityVS"> </a><a name="hcSILPH-ActivityVS"> </a><div style="display: inline-block; background-color: #d9e0e7; padding: 6px; margin: 4px; border: 1px solid #8da1b4; border-radius: 5px; line-height: 60%"><p style="margin-bottom: 0px">version: 5; Last updated: 2025-10-30 00:34:00+0000</p></div><div style="border: black 1px dotted; background-color: #EEEEEE; padding: 8px; margin-bottom: 8px"><p>Expansion based on:</p><ul><li>SNOMED CT International edition 01-Oct 2024</li><li>codesystem SILPH Road Safety Local Codes version 0.2.0</li></ul></div><p>This value set contains 5 concepts</p><table class="codes"><tr><td><b>System</b></td><td><b>Version</b></td><td style="white-space:nowrap"><b>Code</b></td><td><b>Display</b></td></tr><tr><td><a name="SILPH-ActivityVS-http://snomed.info/sct-443786003"> </a><code>http://snomed.info/sct</code></td><td>http://snomed.info/sct/900000000000207008/version/20241001</td><td style="white-space:nowrap">  <a href="http://snomed.info/sct/900000000000207008/id/443786003">443786003</a></td><td>Sports</td></tr><tr><td><a name="SILPH-ActivityVS-http://snomed.info/sct-17542004"> </a><code>http://snomed.info/sct</code></td><td>http://snomed.info/sct/900000000000207008/version/20241001</td><td style="white-space:nowrap">  <a href="http://snomed.info/sct/900000000000207008/id/17542004">17542004</a></td><td>Work related</td></tr><tr><td><a name="SILPH-ActivityVS-http://snomed.info/sct-74964007"> </a><code>http://snomed.info/sct</code></td><td>http://snomed.info/sct/900000000000207008/version/20241001</td><td style="white-space:nowrap">  <a href="http://snomed.info/sct/900000000000207008/id/74964007">74964007</a></td><td>Others</td></tr><tr><td><a name="SILPH-ActivityVS-http://snomed.info/sct-261665006"> </a><code>http://snomed.info/sct</code></td><td>http://snomed.info/sct/900000000000207008/version/20241001</td><td style="white-space:nowrap">  <a href="http://snomed.info/sct/900000000000207008/id/261665006">261665006</a></td><td>Unknown</td></tr><tr><td><a name="SILPH-ActivityVS-http://www.roadsafetyph.doh.gov.ph/CodeSystem-LEISURE"> </a><code>http://www.roadsafetyph.doh.gov.ph/CodeSystem</code></td><td>0.2.0</td><td style="white-space:nowrap">  LEISURE</td><td>Leisure</td></tr></table></div></text><url value="http://www.roadsafetyph.doh.gov.ph/ValueSet/SILPH-Activity"/><version value="0.3.0"/><name value="SILPH___Activity__VS_"/><title value="SILPH - Activity (VS)"/><status value="draft"/><date value="2025-11-16T14:11:53+00:00"/><publisher value="UP Manila - National Institutes of Health - National Telehealth Center"/><contact><name value="UP Manila - National Institutes of Health - National Telehealth Center"/><telecom><system value="url"/><value value="https://github.com/UPM-NTHC/PH-RoadSafetyIG"/></telecom></contact><contact><name value="PH Road Safety IG Repository"/><telecom><system value="url"/><value value="https://github.com/UPM-NTHC/PH-RoadSafetyIG"/></telecom></contact><description value="SILPH Value Set for Patient Activity at the Time of Injury/Accident"/><jurisdiction><coding><system value="urn:iso:std:iso:3166"/><code value="PH"/><display value="Philippines"/></coding></jurisdiction><compose><include><system value="http://snomed.info/sct"/><version value="http://snomed.info/sct/900000000000207008/version/20241001"/><concept><code value="443786003"/><display value="Sports"/></concept><concept><code value="17542004"/><display value="Work related"/></concept><concept><code value="74964007"/><display value="Others"/></concept><concept><code value="261665006"/><display value="Unknown"/></concept></include><include><system value="http://www.roadsafetyph.doh.gov.ph/CodeSystem"/><concept><code value="LEISURE"/><display value="Leisure"/></concept></include></compose><expansion><identifier value="urn:uuid:7716cc9c-cd09-433a-9e20-77c93649eb5e"/><timestamp value="2025-10-29T23:49:37+00:00"/><total value="5"/><parameter><name value="used-codesystem"/><valueUri value="http://snomed.info/sct|http://snomed.info/sct/900000000000207008/version/20241001"/></parameter><parameter><name value="version"/><valueUri value="http://snomed.info/sct|http://snomed.info/sct/900000000000207008/version/20241001"/></parameter><parameter><name value="used-codesystem"/><valueUri value="http://www.roadsafetyph.doh.gov.ph/CodeSystem|0.2.0"/></parameter><parameter><name value="version"/><valueUri value="http://www.roadsafetyph.doh.gov.ph/CodeSystem|0.2.0"/></parameter><parameter><name value="warning-draft"/><valueUri value="http://www.roadsafetyph.doh.gov.ph/CodeSystem|0.2.0"/></parameter><parameter><name value="warning-draft"/><valueUri value="http://www.roadsafetyph.doh.gov.ph/ValueSet/SILPH-Activity|0.1.2"/></parameter><contains><system value="http://snomed.info/sct"/><version value="http://snomed.info/sct/900000000000207008/version/20241001"/><code value="443786003"/><display value="Sports"/></contains><contains><system value="http://snomed.info/sct"/><version value="http://snomed.info/sct/900000000000207008/version/20241001"/><code value="17542004"/><display value="Work related"/></contains><contains><system value="http://snomed.info/sct"/><version value="http://snomed.info/sct/900000000000207008/version/20241001"/><code value="74964007"/><display value="Others"/></contains><contains><system value="http://snomed.info/sct"/><version value="http://snomed.info/sct/900000000000207008/version/20241001"/><code value="261665006"/><display value="Unknown"/></contains><contains><system value="http://www.roadsafetyph.doh.gov.ph/CodeSystem"/><version value="0.2.0"/><code value="LEISURE"/><display value="Leisure"/></contains></expansion></ValueSet>