<?xml version="1.0" encoding="UTF-8"?><ValueSet xmlns="http://hl7.org/fhir"><id value="SILPH-TypeofPatientVS"/><meta><versionId value="9"/><lastUpdated value="2025-10-30T00:34:08.431+00:00"/></meta><text><status value="generated"/><div xmlns="http://www.w3.org/1999/xhtml"><p class="res-header-id"><b>Generated Narrative: ValueSet SILPH-TypeofPatientVS</b></p><a name="SILPH-TypeofPatientVS"> </a><a name="hcSILPH-TypeofPatientVS"> </a><div style="display: inline-block; background-color: #d9e0e7; padding: 6px; margin: 4px; border: 1px solid #8da1b4; border-radius: 5px; line-height: 60%"><p style="margin-bottom: 0px">version: 9; Last updated: 2025-10-30 00:34:08+0000</p></div><div style="border: black 1px dotted; background-color: #EEEEEE; padding: 8px; margin-bottom: 8px"><p>Expansion based on:</p><ul><li>Loinc v2.78</li><li>codesystem SILPH Road Safety Local Codes version 0.2.0</li></ul></div><p>This value set contains 5 concepts</p><table class="codes"><tr><td><b>System</b></td><td><b>Version</b></td><td style="white-space:nowrap"><b>Code</b></td><td><b>Display</b></td></tr><tr><td><a name="SILPH-TypeofPatientVS-http://loinc.org-LA10268-3"> </a><code>http://loinc.org</code></td><td>2.78</td><td style="white-space:nowrap">  <a href="https://loinc.org/LA10268-3/">LA10268-3</a></td><td>ER</td></tr><tr><td><a name="SILPH-TypeofPatientVS-http://loinc.org-LA21424-9"> </a><code>http://loinc.org</code></td><td>2.78</td><td style="white-space:nowrap">  <a href="https://loinc.org/LA21424-9/">LA21424-9</a></td><td>OPD</td></tr><tr><td><a name="SILPH-TypeofPatientVS-http://loinc.org-LA21427-2"> </a><code>http://loinc.org</code></td><td>2.78</td><td style="white-space:nowrap">  <a href="https://loinc.org/LA21427-2/">LA21427-2</a></td><td>Inpatient</td></tr><tr><td><a name="SILPH-TypeofPatientVS-http://www.roadsafetyph.doh.gov.ph/CodeSystem-BHS"> </a><code>http://www.roadsafetyph.doh.gov.ph/CodeSystem</code></td><td>0.2.0</td><td style="white-space:nowrap">  BHS</td><td>BHS</td></tr><tr><td><a name="SILPH-TypeofPatientVS-http://www.roadsafetyph.doh.gov.ph/CodeSystem-RHU"> </a><code>http://www.roadsafetyph.doh.gov.ph/CodeSystem</code></td><td>0.2.0</td><td style="white-space:nowrap">  RHU</td><td>RHU</td></tr></table></div></text><url value="http://www.roadsafetyph.doh.gov.ph/ValueSet/SILPH-TypeofPatient"/><version value="0.3.0"/><name value="SILPH___Type_of_Patient__VS_"/><title value="SILPH - Type of Patient (VS)"/><status value="draft"/><date value="2025-11-13T06:09:51+00:00"/><publisher value="UP Manila - National Institutes of Health - National Telehealth Center"/><contact><name value="UP Manila - National Institutes of Health - National Telehealth Center"/><telecom><system value="url"/><value value="https://github.com/UPM-NTHC/PH-RoadSafetyIG"/></telecom></contact><contact><name value="PH Road Safety IG Repository"/><telecom><system value="url"/><value value="https://github.com/UPM-NTHC/PH-RoadSafetyIG"/></telecom></contact><description value="SILPH Value Set for Type of Patient Encounter"/><jurisdiction><coding><system value="urn:iso:std:iso:3166"/><code value="PH"/><display value="Philippines"/></coding></jurisdiction><compose><include><system value="http://loinc.org"/><concept><code value="LA10268-3"/><display value="ER"/></concept><concept><code value="LA21424-9"/><display value="OPD"/></concept><concept><code value="LA21427-2"/><display value="Inpatient"/></concept></include><include><system value="http://www.roadsafetyph.doh.gov.ph/CodeSystem"/><concept><code value="BHS"/><display value="BHS"/></concept><concept><code value="RHU"/><display value="RHU"/></concept></include></compose><expansion><identifier value="urn:uuid:c50f9ffb-1b0a-4662-8ace-2c58d2ce232a"/><timestamp value="2025-10-29T23:49:35+00:00"/><total value="5"/><parameter><name value="used-codesystem"/><valueUri value="http://www.roadsafetyph.doh.gov.ph/CodeSystem|0.2.0"/></parameter><parameter><name value="version"/><valueUri value="http://www.roadsafetyph.doh.gov.ph/CodeSystem|0.2.0"/></parameter><parameter><name value="used-codesystem"/><valueUri value="http://loinc.org|2.78"/></parameter><parameter><name value="version"/><valueUri value="http://loinc.org|2.78"/></parameter><parameter><name value="warning-draft"/><valueUri value="http://www.roadsafetyph.doh.gov.ph/CodeSystem|0.2.0"/></parameter><parameter><name value="warning-draft"/><valueUri value="http://www.roadsafetyph.doh.gov.ph/ValueSet/SILPH-TypeofPatient|0.1.2"/></parameter><contains><system value="http://loinc.org"/><version value="2.78"/><code value="LA10268-3"/><display value="ER"/></contains><contains><system value="http://loinc.org"/><version value="2.78"/><code value="LA21424-9"/><display value="OPD"/></contains><contains><system value="http://loinc.org"/><version value="2.78"/><code value="LA21427-2"/><display value="Inpatient"/></contains><contains><system value="http://www.roadsafetyph.doh.gov.ph/CodeSystem"/><version value="0.2.0"/><code value="BHS"/><display value="BHS"/></contains><contains><system value="http://www.roadsafetyph.doh.gov.ph/CodeSystem"/><version value="0.2.0"/><code value="RHU"/><display value="RHU"/></contains></expansion></ValueSet>