<?xml version="1.0" encoding="UTF-8"?><ValueSet xmlns="http://hl7.org/fhir"><id value="SILPH-TransportAccidentTypeVS"/><meta><versionId value="6"/><lastUpdated value="2025-10-30T00:34:08.125+00:00"/></meta><text><status value="generated"/><div xmlns="http://www.w3.org/1999/xhtml"><p class="res-header-id"><b>Generated Narrative: ValueSet SILPH-TransportAccidentTypeVS</b></p><a name="SILPH-TransportAccidentTypeVS"> </a><a name="hcSILPH-TransportAccidentTypeVS"> </a><div style="display: inline-block; background-color: #d9e0e7; padding: 6px; margin: 4px; border: 1px solid #8da1b4; border-radius: 5px; line-height: 60%"><p style="margin-bottom: 0px">version: 6; Last updated: 2025-10-30 00:34:08+0000</p></div><div style="border: black 1px dotted; background-color: #EEEEEE; padding: 8px; margin-bottom: 8px"><p>Expansion based on:</p><ul><li>SNOMED CT International edition 01-Oct 2024</li><li>codesystem SILPH Road Safety Local Codes version 0.2.0</li></ul></div><p>This value set contains 2 concepts</p><table class="codes"><tr><td><b>System</b></td><td><b>Version</b></td><td style="white-space:nowrap"><b>Code</b></td><td><b>Display</b></td></tr><tr><td><a name="SILPH-TransportAccidentTypeVS-http://snomed.info/sct-215414001"> </a><code>http://snomed.info/sct</code></td><td>http://snomed.info/sct/900000000000207008/version/20241001</td><td style="white-space:nowrap">  <a href="http://snomed.info/sct/900000000000207008/id/215414001">215414001</a></td><td>Water</td></tr><tr><td><a name="SILPH-TransportAccidentTypeVS-http://snomed.info/sct-386679005"> </a><code>http://snomed.info/sct</code></td><td>http://snomed.info/sct/900000000000207008/version/20241001</td><td style="white-space:nowrap">  <a href="http://snomed.info/sct/900000000000207008/id/386679005">386679005</a></td><td>Air</td></tr></table></div></text><url value="http://www.roadsafetyph.doh.gov.ph/ValueSet/SILPH-TransportAccidentType"/><version value="0.3.0"/><name value="SILPH___Transport_Accident_Type__VS_"/><title value="SILPH - Transport Accident Type (VS)"/><status value="draft"/><date value="2025-11-09T10:56:11+00:00"/><publisher value="UP Manila - National Institutes of Health - National Telehealth Center"/><contact><name value="UP Manila - National Institutes of Health - National Telehealth Center"/><telecom><system value="url"/><value value="https://github.com/UPM-NTHC/PH-RoadSafetyIG"/></telecom></contact><contact><name value="PH Road Safety IG Repository"/><telecom><system value="url"/><value value="https://github.com/UPM-NTHC/PH-RoadSafetyIG"/></telecom></contact><description value="SILPH Value Set for Transport Accident Type (Land, Water or Air)"/><jurisdiction><coding><system value="urn:iso:std:iso:3166"/><code value="PH"/><display value="Philippines"/></coding></jurisdiction><compose><include><system value="http://www.roadsafetyph.doh.gov.ph/CodeSystem"/><concept><code value="LAND"/><display value="Land"/></concept></include><include><system value="http://snomed.info/sct"/><concept><code value="215414001"/><display value="Water"/></concept><concept><code value="386679005"/><display value="Air"/></concept></include></compose><expansion><identifier value="urn:uuid:abb68c36-1fe4-4d94-b352-5640c45c78f2"/><timestamp value="2025-10-29T23:49:35+00:00"/><total value="2"/><parameter><name value="used-codesystem"/><valueUri value="http://www.roadsafetyph.doh.gov.ph/CodeSystem|0.2.0"/></parameter><parameter><name value="version"/><valueUri value="http://www.roadsafetyph.doh.gov.ph/CodeSystem|0.2.0"/></parameter><parameter><name value="used-codesystem"/><valueUri value="http://snomed.info/sct|http://snomed.info/sct/900000000000207008/version/20241001"/></parameter><parameter><name value="version"/><valueUri value="http://snomed.info/sct|http://snomed.info/sct/900000000000207008/version/20241001"/></parameter><parameter><name value="warning-draft"/><valueUri value="http://www.roadsafetyph.doh.gov.ph/CodeSystem|0.2.0"/></parameter><parameter><name value="warning-draft"/><valueUri value="http://www.roadsafetyph.doh.gov.ph/ValueSet/SILPH-TransportAccidentType|0.1.2"/></parameter><contains><system value="http://snomed.info/sct"/><version value="http://snomed.info/sct/900000000000207008/version/20241001"/><code value="215414001"/><display value="Water"/></contains><contains><system value="http://snomed.info/sct"/><version value="http://snomed.info/sct/900000000000207008/version/20241001"/><code value="386679005"/><display value="Air"/></contains></expansion></ValueSet>