<?xml version="1.0" encoding="UTF-8"?><ValueSet xmlns="http://hl7.org/fhir"><id value="SILPH-OtherVehicleVS"/><meta><versionId value="5"/><lastUpdated value="2025-10-30T00:34:05.382+00:00"/></meta><text><status value="generated"/><div xmlns="http://www.w3.org/1999/xhtml"><p class="res-header-id"><b>Generated Narrative: ValueSet SILPH-OtherVehicleVS</b></p><a name="SILPH-OtherVehicleVS"> </a><a name="hcSILPH-OtherVehicleVS"> </a><div style="display: inline-block; background-color: #d9e0e7; padding: 6px; margin: 4px; border: 1px solid #8da1b4; border-radius: 5px; line-height: 60%"><p style="margin-bottom: 0px">version: 5; Last updated: 2025-10-30 00:34:05+0000</p></div><div style="border: black 1px dotted; background-color: #EEEEEE; padding: 8px; margin-bottom: 8px"><p>Expansion based on:</p><ul><li>SNOMED CT International edition 01-Oct 2024</li><li>codesystem SILPH Road Safety Local Codes version 0.2.0</li></ul></div><p>This value set contains 11 concepts</p><table class="codes"><tr><td><b>System</b></td><td><b>Version</b></td><td style="white-space:nowrap"><b>Code</b></td><td><b>Display</b></td></tr><tr><td><a name="SILPH-OtherVehicleVS-http://snomed.info/sct-260413007"> </a><code>http://snomed.info/sct</code></td><td>http://snomed.info/sct/900000000000207008/version/20241001</td><td style="white-space:nowrap">  <a href="http://snomed.info/sct/900000000000207008/id/260413007">260413007</a></td><td>None</td></tr><tr><td><a name="SILPH-OtherVehicleVS-http://snomed.info/sct-71783008"> </a><code>http://snomed.info/sct</code></td><td>http://snomed.info/sct/900000000000207008/version/20241001</td><td style="white-space:nowrap">  <a href="http://snomed.info/sct/900000000000207008/id/71783008">71783008</a></td><td>Car</td></tr><tr><td><a name="SILPH-OtherVehicleVS-http://snomed.info/sct-224832000"> </a><code>http://snomed.info/sct</code></td><td>http://snomed.info/sct/900000000000207008/version/20241001</td><td style="white-space:nowrap">  <a href="http://snomed.info/sct/900000000000207008/id/224832000">224832000</a></td><td>Van</td></tr><tr><td><a name="SILPH-OtherVehicleVS-http://snomed.info/sct-224830008"> </a><code>http://snomed.info/sct</code></td><td>http://snomed.info/sct/900000000000207008/version/20241001</td><td style="white-space:nowrap">  <a href="http://snomed.info/sct/900000000000207008/id/224830008">224830008</a></td><td>Bus</td></tr><tr><td><a name="SILPH-OtherVehicleVS-http://snomed.info/sct-90748009"> </a><code>http://snomed.info/sct</code></td><td>http://snomed.info/sct/900000000000207008/version/20241001</td><td style="white-space:nowrap">  <a href="http://snomed.info/sct/900000000000207008/id/90748009">90748009</a></td><td>Motorcycle</td></tr><tr><td><a name="SILPH-OtherVehicleVS-http://snomed.info/sct-70224005"> </a><code>http://snomed.info/sct</code></td><td>http://snomed.info/sct/900000000000207008/version/20241001</td><td style="white-space:nowrap">  <a href="http://snomed.info/sct/900000000000207008/id/70224005">70224005</a></td><td>Bicycle</td></tr><tr><td><a name="SILPH-OtherVehicleVS-http://snomed.info/sct-12247004"> </a><code>http://snomed.info/sct</code></td><td>http://snomed.info/sct/900000000000207008/version/20241001</td><td style="white-space:nowrap">  <a href="http://snomed.info/sct/900000000000207008/id/12247004">12247004</a></td><td>Truck</td></tr><tr><td><a name="SILPH-OtherVehicleVS-http://snomed.info/sct-74964007"> </a><code>http://snomed.info/sct</code></td><td>http://snomed.info/sct/900000000000207008/version/20241001</td><td style="white-space:nowrap">  <a href="http://snomed.info/sct/900000000000207008/id/74964007">74964007</a></td><td>Others</td></tr><tr><td><a name="SILPH-OtherVehicleVS-http://snomed.info/sct-261665006"> </a><code>http://snomed.info/sct</code></td><td>http://snomed.info/sct/900000000000207008/version/20241001</td><td style="white-space:nowrap">  <a href="http://snomed.info/sct/900000000000207008/id/261665006">261665006</a></td><td>Unknown</td></tr><tr><td><a name="SILPH-OtherVehicleVS-http://www.roadsafetyph.doh.gov.ph/CodeSystem-TRICYCLE"> </a><code>http://www.roadsafetyph.doh.gov.ph/CodeSystem</code></td><td>0.2.0</td><td style="white-space:nowrap">  TRICYCLE</td><td>Tricycle</td></tr><tr><td><a name="SILPH-OtherVehicleVS-http://www.roadsafetyph.doh.gov.ph/CodeSystem-JEEPNEY"> </a><code>http://www.roadsafetyph.doh.gov.ph/CodeSystem</code></td><td>0.2.0</td><td style="white-space:nowrap">  JEEPNEY</td><td>Jeepney</td></tr></table></div></text><url value="http://www.roadsafetyph.doh.gov.ph/ValueSet/SILPH-OtherVehicle"/><version value="0.3.0"/><name value="SILPH___Other_Vehicle_in_Collision__VS_"/><title value="SILPH - Other Vehicle in Collision (VS)"/><status value="draft"/><date value="2025-11-16T14:40:58+00:00"/><publisher value="UP Manila - National Institutes of Health - National Telehealth Center"/><contact><name value="UP Manila - National Institutes of Health - National Telehealth Center"/><telecom><system value="url"/><value value="https://github.com/UPM-NTHC/PH-RoadSafetyIG"/></telecom></contact><contact><name value="PH Road Safety IG Repository"/><telecom><system value="url"/><value value="https://github.com/UPM-NTHC/PH-RoadSafetyIG"/></telecom></contact><description value="SILPH Value Set for Other Vehicle in Collision Accident"/><jurisdiction><coding><system value="urn:iso:std:iso:3166"/><code value="PH"/><display value="Philippines"/></coding></jurisdiction><compose><include><system value="http://snomed.info/sct"/><version value="http://snomed.info/sct/900000000000207008/version/20241001"/><concept><code value="260413007"/><display value="None"/></concept><concept><code value="71783008"/><display value="Car"/></concept><concept><code value="224832000"/><display value="Van"/></concept><concept><code value="224830008"/><display value="Bus"/></concept><concept><code value="90748009"/><display value="Motorcycle"/></concept><concept><code value="70224005"/><display value="Bicycle"/></concept><concept><code value="12247004"/><display value="Truck"/></concept><concept><code value="74964007"/><display value="Others"/></concept><concept><code value="261665006"/><display value="Unknown"/></concept></include><include><system value="http://www.roadsafetyph.doh.gov.ph/CodeSystem"/><concept><code value="TRICYCLE"/><display value="Tricycle"/></concept><concept><code value="JEEPNEY"/><display value="Jeepney"/></concept></include></compose><expansion><identifier value="urn:uuid:c5bbec0b-eacb-4ddd-9f25-6fa6343511ca"/><timestamp value="2025-10-29T23:49:36+00:00"/><total value="11"/><parameter><name value="used-codesystem"/><valueUri value="http://snomed.info/sct|http://snomed.info/sct/900000000000207008/version/20241001"/></parameter><parameter><name value="version"/><valueUri value="http://snomed.info/sct|http://snomed.info/sct/900000000000207008/version/20241001"/></parameter><parameter><name value="used-codesystem"/><valueUri value="http://www.roadsafetyph.doh.gov.ph/CodeSystem|0.2.0"/></parameter><parameter><name value="version"/><valueUri value="http://www.roadsafetyph.doh.gov.ph/CodeSystem|0.2.0"/></parameter><parameter><name value="warning-draft"/><valueUri value="http://www.roadsafetyph.doh.gov.ph/CodeSystem|0.2.0"/></parameter><parameter><name value="warning-draft"/><valueUri value="http://www.roadsafetyph.doh.gov.ph/ValueSet/SILPH-OtherVehicle|0.1.2"/></parameter><contains><system value="http://snomed.info/sct"/><version value="http://snomed.info/sct/900000000000207008/version/20241001"/><code value="260413007"/><display value="None"/></contains><contains><system value="http://snomed.info/sct"/><version value="http://snomed.info/sct/900000000000207008/version/20241001"/><code value="71783008"/><display value="Car"/></contains><contains><system value="http://snomed.info/sct"/><version value="http://snomed.info/sct/900000000000207008/version/20241001"/><code value="224832000"/><display value="Van"/></contains><contains><system value="http://snomed.info/sct"/><version value="http://snomed.info/sct/900000000000207008/version/20241001"/><code value="224830008"/><display value="Bus"/></contains><contains><system value="http://snomed.info/sct"/><version value="http://snomed.info/sct/900000000000207008/version/20241001"/><code value="90748009"/><display value="Motorcycle"/></contains><contains><system value="http://snomed.info/sct"/><version value="http://snomed.info/sct/900000000000207008/version/20241001"/><code value="70224005"/><display value="Bicycle"/></contains><contains><system value="http://snomed.info/sct"/><version value="http://snomed.info/sct/900000000000207008/version/20241001"/><code value="12247004"/><display value="Truck"/></contains><contains><system value="http://snomed.info/sct"/><version value="http://snomed.info/sct/900000000000207008/version/20241001"/><code value="74964007"/><display value="Others"/></contains><contains><system value="http://snomed.info/sct"/><version value="http://snomed.info/sct/900000000000207008/version/20241001"/><code value="261665006"/><display value="Unknown"/></contains><contains><system value="http://www.roadsafetyph.doh.gov.ph/CodeSystem"/><version value="0.2.0"/><code value="TRICYCLE"/><display value="Tricycle"/></contains><contains><system value="http://www.roadsafetyph.doh.gov.ph/CodeSystem"/><version value="0.2.0"/><code value="JEEPNEY"/><display value="Jeepney"/></contains></expansion></ValueSet>