<?xml version="1.0" encoding="UTF-8"?><ValueSet xmlns="http://hl7.org/fhir"><id value="SILPH-PR-RhythmVS"/><meta><versionId value="5"/><lastUpdated value="2025-10-30T00:34:06.033+00:00"/></meta><text><status value="generated"/><div xmlns="http://www.w3.org/1999/xhtml"><p class="res-header-id"><b>Generated Narrative: ValueSet SILPH-PR-RhythmVS</b></p><a name="SILPH-PR-RhythmVS"> </a><a name="hcSILPH-PR-RhythmVS"> </a><div style="display: inline-block; background-color: #d9e0e7; padding: 6px; margin: 4px; border: 1px solid #8da1b4; border-radius: 5px; line-height: 60%"><p style="margin-bottom: 0px">version: 5; Last updated: 2025-10-30 00:34:06+0000</p></div><p style="border: black 1px dotted; background-color: #EEEEEE; padding: 8px; margin-bottom: 8px">Expansion based on SNOMED CT International edition 01-Oct 2024</p><p>This value set contains 2 concepts</p><table class="codes"><tr><td><b>System</b></td><td style="white-space:nowrap"><b>Code</b></td><td><b>Display</b></td></tr><tr><td><a name="SILPH-PR-RhythmVS-http://snomed.info/sct-271636001"> </a><code>http://snomed.info/sct</code></td><td style="white-space:nowrap">  <a href="http://snomed.info/id/271636001">271636001</a></td><td>Regular</td></tr><tr><td><a name="SILPH-PR-RhythmVS-http://snomed.info/sct-61086009"> </a><code>http://snomed.info/sct</code></td><td style="white-space:nowrap">  <a href="http://snomed.info/id/61086009">61086009</a></td><td>Irregular</td></tr></table></div></text><url value="http://www.roadsafetyph.doh.gov.ph/ValueSet/SILPH-PR-Rhythm"/><version value="0.3.0"/><name value="SILPH___PR___Rhythm__VS_"/><title value="SILPH - PR - Rhythm (VS)"/><status value="draft"/><date value="2025-11-05T05:21:38+00:00"/><publisher value="UP Manila - National Institutes of Health - National Telehealth Center"/><contact><name value="UP Manila - National Institutes of Health - National Telehealth Center"/><telecom><system value="url"/><value value="https://github.com/UPM-NTHC/PH-RoadSafetyIG"/></telecom></contact><contact><name value="PH Road Safety IG Repository"/><telecom><system value="url"/><value value="https://github.com/UPM-NTHC/PH-RoadSafetyIG"/></telecom></contact><description value="SILPH Value Set for Pulse Rhythm"/><jurisdiction><coding><system value="urn:iso:std:iso:3166"/><code value="PH"/><display value="Philippines"/></coding></jurisdiction><compose><include><system value="http://snomed.info/sct"/><concept><code value="271636001"/><display value="Regular"/></concept><concept><code value="61086009"/><display value="Irregular"/></concept></include></compose><expansion><identifier value="urn:uuid:422319b5-9133-4f0e-b00b-1afd49b40121"/><timestamp value="2025-10-29T23:49:30+00:00"/><total value="2"/><parameter><name value="used-codesystem"/><valueUri value="http://snomed.info/sct|http://snomed.info/sct/900000000000207008/version/20241001"/></parameter><parameter><name value="version"/><valueUri value="http://snomed.info/sct|http://snomed.info/sct/900000000000207008/version/20241001"/></parameter><parameter><name value="warning-draft"/><valueUri value="http://www.roadsafetyph.doh.gov.ph/ValueSet/SILPH-PR-Rhythm|1"/></parameter><contains><system value="http://snomed.info/sct"/><code value="271636001"/><display value="Regular"/></contains><contains><system value="http://snomed.info/sct"/><code value="61086009"/><display value="Irregular"/></contains></expansion></ValueSet>