<?xml version="1.0" encoding="UTF-8"?><ValueSet xmlns="http://hl7.org/fhir"><id value="SILPH-InpatientDispositionVS"/><meta><versionId value="4"/><lastUpdated value="2025-10-30T00:34:04.391+00:00"/></meta><text><status value="generated"/><div xmlns="http://www.w3.org/1999/xhtml"><p class="res-header-id"><b>Generated Narrative: ValueSet SILPH-InpatientDispositionVS</b></p><a name="SILPH-InpatientDispositionVS"> </a><a name="hcSILPH-InpatientDispositionVS"> </a><div style="display: inline-block; background-color: #d9e0e7; padding: 6px; margin: 4px; border: 1px solid #8da1b4; border-radius: 5px; line-height: 60%"><p style="margin-bottom: 0px">version: 4; Last updated: 2025-10-30 00:34:04+0000</p></div><p style="border: black 1px dotted; background-color: #EEEEEE; padding: 8px; margin-bottom: 8px">Expansion based on SNOMED CT International edition 01-Oct 2024</p><p>This value set contains 7 concepts</p><table class="codes"><tr><td><b>System</b></td><td style="white-space:nowrap"><b>Code</b></td><td><b>Display</b></td></tr><tr><td><a name="SILPH-InpatientDispositionVS-http://snomed.info/sct-371827001"> </a><code>http://snomed.info/sct</code></td><td style="white-space:nowrap">  <a href="http://snomed.info/id/371827001">371827001</a></td><td>Discharged</td></tr><tr><td><a name="SILPH-InpatientDispositionVS-http://snomed.info/sct-225928004"> </a><code>http://snomed.info/sct</code></td><td style="white-space:nowrap">  <a href="http://snomed.info/id/225928004">225928004</a></td><td>HAMA</td></tr><tr><td><a name="SILPH-InpatientDispositionVS-http://snomed.info/sct-34596002"> </a><code>http://snomed.info/sct</code></td><td style="white-space:nowrap">  <a href="http://snomed.info/id/34596002">34596002</a></td><td>Absconded</td></tr><tr><td><a name="SILPH-InpatientDispositionVS-http://snomed.info/sct-183960004"> </a><code>http://snomed.info/sct</code></td><td style="white-space:nowrap">  <a href="http://snomed.info/id/183960004">183960004</a></td><td>Refused Admission</td></tr><tr><td><a name="SILPH-InpatientDispositionVS-http://snomed.info/sct-371828006"> </a><code>http://snomed.info/sct</code></td><td style="white-space:nowrap">  <a href="http://snomed.info/id/371828006">371828006</a></td><td>Died</td></tr><tr><td><a name="SILPH-InpatientDispositionVS-http://snomed.info/sct-74964007"> </a><code>http://snomed.info/sct</code></td><td style="white-space:nowrap">  <a href="http://snomed.info/id/74964007">74964007</a></td><td>Others</td></tr><tr><td><a name="SILPH-InpatientDispositionVS-http://snomed.info/sct-19712007"> </a><code>http://snomed.info/sct</code></td><td style="white-space:nowrap">  <a href="http://snomed.info/id/19712007">19712007</a></td><td>Transferred to another facility/hospital</td></tr></table></div></text><url value="http://www.roadsafetyph.doh.gov.ph/ValueSet/SILPH-InpatientDisposition"/><version value="0.3.0"/><name value="SILPH___Inpatient_Disposition__VS_"/><title value="SILPH - Inpatient Disposition (VS)"/><status value="draft"/><date value="2025-11-04T05:19:01+00:00"/><publisher value="UP Manila - National Institutes of Health - National Telehealth Center"/><contact><name value="UP Manila - National Institutes of Health - National Telehealth Center"/><telecom><system value="url"/><value value="https://github.com/UPM-NTHC/PH-RoadSafetyIG"/></telecom></contact><contact><name value="PH Road Safety IG Repository"/><telecom><system value="url"/><value value="https://github.com/UPM-NTHC/PH-RoadSafetyIG"/></telecom></contact><description value="SILPH Value Set for Inpatient Visit Disposition"/><jurisdiction><coding><system value="urn:iso:std:iso:3166"/><code value="PH"/><display value="Philippines"/></coding></jurisdiction><compose><include><system value="http://snomed.info/sct"/><concept><code value="371827001"/><display value="Discharged"/></concept><concept><code value="225928004"/><display value="HAMA"/></concept><concept><code value="34596002"/><display value="Absconded"/></concept><concept><code value="183960004"/><display value="Refused Admission"/></concept><concept><code value="371828006"/><display value="Died"/></concept><concept><code value="74964007"/><display value="Others"/></concept><concept><code value="19712007"/><display value="Transferred to another facility/hospital"/></concept></include></compose><expansion><identifier value="urn:uuid:3843e86d-dadb-403d-a023-b203c061e466"/><timestamp value="2025-10-29T23:49:32+00:00"/><total value="7"/><parameter><name value="used-codesystem"/><valueUri value="http://snomed.info/sct|http://snomed.info/sct/900000000000207008/version/20241001"/></parameter><parameter><name value="version"/><valueUri value="http://snomed.info/sct|http://snomed.info/sct/900000000000207008/version/20241001"/></parameter><parameter><name value="warning-draft"/><valueUri value="http://www.roadsafetyph.doh.gov.ph/ValueSet/SILPH-InpatientDisposition|1"/></parameter><contains><system value="http://snomed.info/sct"/><code value="371827001"/><display value="Discharged"/></contains><contains><system value="http://snomed.info/sct"/><code value="225928004"/><display value="HAMA"/></contains><contains><system value="http://snomed.info/sct"/><code value="34596002"/><display value="Absconded"/></contains><contains><system value="http://snomed.info/sct"/><code value="183960004"/><display value="Refused Admission"/></contains><contains><system value="http://snomed.info/sct"/><code value="371828006"/><display value="Died"/></contains><contains><system value="http://snomed.info/sct"/><code value="74964007"/><display value="Others"/></contains><contains><system value="http://snomed.info/sct"/><code value="19712007"/><display value="Transferred to another facility/hospital"/></contains></expansion></ValueSet>