<?xml version="1.0" encoding="UTF-8"?><ValueSet xmlns="http://hl7.org/fhir"><id value="RS-Cyanosis-VS"/><text><status value="generated"/><div xmlns="http://www.w3.org/1999/xhtml"><p class="res-header-id"><b>Generated Narrative: ValueSet RS-Cyanosis-VS</b></p><a name="RS-Cyanosis-VS"> </a><a name="hcRS-Cyanosis-VS"> </a><ul><li>Include these codes as defined in <a href="http://www.snomed.org/"><code>http://snomed.info/sct</code></a> version <span title="Version is not explicity stated. No matching Code System found">Not Stated (use latest from terminology server)</span><table class="none"><tr><td style="white-space:nowrap"><b>Code</b></td><td><b>Display</b></td></tr><tr><td><a href="http://snomed.info/id/260385009">260385009</a></td><td>Negative (qualifier value)</td></tr><tr><td><a href="http://snomed.info/id/95837007">95837007</a></td><td>Central cyanosis (disorder)</td></tr><tr><td><a href="http://snomed.info/id/95442007">95442007</a></td><td>Peripheral cyanosis (finding)</td></tr></table></li></ul></div></text><url value="http://hl7.org/fhir/ValueSet/PH-RoadSafety-Cyanosis"/><version value="0.1.0"/><name value="RSCyanosisVS"/><title value="RS Cyanosis"/><status value="draft"/><date value="2025-10-09T18:52:26+00:00"/><publisher value="UP Manila - National Institutes of Health - National Telehealth Center"/><contact><name value="UP Manila - National Institutes of Health - National Telehealth Center"/><telecom><system value="url"/><value value="https://github.com/UPM-NTHC/PH-RoadSafetyIG"/></telecom></contact><contact><name value="PH Road Safety IG Repository"/><telecom><system value="url"/><value value="https://github.com/UPM-NTHC/PH-RoadSafetyIG"/></telecom></contact><description value="Cyanosis presence/type (SNOMED CT)."/><jurisdiction><coding><system value="urn:iso:std:iso:3166"/><code value="PH"/><display value="Philippines"/></coding></jurisdiction><compose><include><system value="http://snomed.info/sct"/><concept><code value="260385009"/><display value="Negative (qualifier value)"/></concept><concept><code value="95837007"/><display value="Central cyanosis (disorder)"/></concept><concept><code value="95442007"/><display value="Peripheral cyanosis (finding)"/></concept></include></compose></ValueSet>