<?xml version="1.0" encoding="UTF-8"?><ValueSet xmlns="http://hl7.org/fhir"><id value="SILPH-PositionofPatientVS"/><meta><versionId value="3"/><lastUpdated value="2025-10-30T00:34:06.500+00:00"/></meta><text><status value="generated"/><div xmlns="http://www.w3.org/1999/xhtml"><p class="res-header-id"><b>Generated Narrative: ValueSet SILPH-PositionofPatientVS</b></p><a name="SILPH-PositionofPatientVS"> </a><a name="hcSILPH-PositionofPatientVS"> </a><div style="display: inline-block; background-color: #d9e0e7; padding: 6px; margin: 4px; border: 1px solid #8da1b4; border-radius: 5px; line-height: 60%"><p style="margin-bottom: 0px">version: 3; Last updated: 2025-10-30 00:34:06+0000</p></div><p style="border: black 1px dotted; background-color: #EEEEEE; padding: 8px; margin-bottom: 8px">Expansion based on SNOMED CT International edition 01-Oct 2024</p><p>This value set contains 8 concepts</p><table class="codes"><tr><td><b>System</b></td><td style="white-space:nowrap"><b>Code</b></td><td><b>Display</b></td></tr><tr><td><a name="SILPH-PositionofPatientVS-http://snomed.info/sct-32906002"> </a><code>http://snomed.info/sct</code></td><td style="white-space:nowrap">  <a href="http://snomed.info/id/32906002">32906002</a></td><td>Pedestrian</td></tr><tr><td><a name="SILPH-PositionofPatientVS-http://snomed.info/sct-48084008"> </a><code>http://snomed.info/sct</code></td><td style="white-space:nowrap">  <a href="http://snomed.info/id/48084008">48084008</a></td><td>Driver</td></tr><tr><td><a name="SILPH-PositionofPatientVS-http://snomed.info/sct-25636008"> </a><code>http://snomed.info/sct</code></td><td style="white-space:nowrap">  <a href="http://snomed.info/id/25636008">25636008</a></td><td>Captain</td></tr><tr><td><a name="SILPH-PositionofPatientVS-http://snomed.info/sct-41852005"> </a><code>http://snomed.info/sct</code></td><td style="white-space:nowrap">  <a href="http://snomed.info/id/41852005">41852005</a></td><td>Pilot</td></tr><tr><td><a name="SILPH-PositionofPatientVS-http://snomed.info/sct-55062001"> </a><code>http://snomed.info/sct</code></td><td style="white-space:nowrap">  <a href="http://snomed.info/id/55062001">55062001</a></td><td>Front passenger</td></tr><tr><td><a name="SILPH-PositionofPatientVS-http://snomed.info/sct-69290001"> </a><code>http://snomed.info/sct</code></td><td style="white-space:nowrap">  <a href="http://snomed.info/id/69290001">69290001</a></td><td>Rear passenger</td></tr><tr><td><a name="SILPH-PositionofPatientVS-http://snomed.info/sct-74964007"> </a><code>http://snomed.info/sct</code></td><td style="white-space:nowrap">  <a href="http://snomed.info/id/74964007">74964007</a></td><td>Others</td></tr><tr><td><a name="SILPH-PositionofPatientVS-http://snomed.info/sct-261665006"> </a><code>http://snomed.info/sct</code></td><td style="white-space:nowrap">  <a href="http://snomed.info/id/261665006">261665006</a></td><td>Unknown</td></tr></table></div></text><url value="http://www.roadsafetyph.doh.gov.ph/ValueSet/SILPH-PositionofPatient"/><version value="0.3.0"/><name value="SILPH___Position_of_Patient__VS_"/><title value="SILPH - Position of Patient (VS)"/><status value="draft"/><date value="2025-11-12T08:01:17+00:00"/><publisher value="UP Manila - National Institutes of Health - National Telehealth Center"/><contact><name value="UP Manila - National Institutes of Health - National Telehealth Center"/><telecom><system value="url"/><value value="https://github.com/UPM-NTHC/PH-RoadSafetyIG"/></telecom></contact><contact><name value="PH Road Safety IG Repository"/><telecom><system value="url"/><value value="https://github.com/UPM-NTHC/PH-RoadSafetyIG"/></telecom></contact><description value="SILPH Value Set for Position of Patient"/><jurisdiction><coding><system value="urn:iso:std:iso:3166"/><code value="PH"/><display value="Philippines"/></coding></jurisdiction><compose><include><system value="http://snomed.info/sct"/><concept><code value="32906002"/><display value="Pedestrian"/></concept><concept><code value="48084008"/><display value="Driver"/></concept><concept><code value="25636008"/><display value="Captain"/></concept><concept><code value="41852005"/><display value="Pilot"/></concept><concept><code value="55062001"/><display value="Front passenger"/></concept><concept><code value="69290001"/><display value="Rear passenger"/></concept><concept><code value="74964007"/><display value="Others"/></concept><concept><code value="261665006"/><display value="Unknown"/></concept></include></compose><expansion><identifier value="urn:uuid:ce84ba04-28dc-4601-ad6a-53ddd4b93aa7"/><timestamp value="2025-10-29T23:49:31+00:00"/><total value="8"/><parameter><name value="used-codesystem"/><valueUri value="http://snomed.info/sct|http://snomed.info/sct/900000000000207008/version/20241001"/></parameter><parameter><name value="version"/><valueUri value="http://snomed.info/sct|http://snomed.info/sct/900000000000207008/version/20241001"/></parameter><parameter><name value="warning-draft"/><valueUri value="http://www.roadsafetyph.doh.gov.ph/ValueSet/SILPH-PositionofPatient|1"/></parameter><contains><system value="http://snomed.info/sct"/><code value="32906002"/><display value="Pedestrian"/></contains><contains><system value="http://snomed.info/sct"/><code value="48084008"/><display value="Driver"/></contains><contains><system value="http://snomed.info/sct"/><code value="25636008"/><display value="Captain"/></contains><contains><system value="http://snomed.info/sct"/><code value="41852005"/><display value="Pilot"/></contains><contains><system value="http://snomed.info/sct"/><code value="55062001"/><display value="Front passenger"/></contains><contains><system value="http://snomed.info/sct"/><code value="69290001"/><display value="Rear passenger"/></contains><contains><system value="http://snomed.info/sct"/><code value="74964007"/><display value="Others"/></contains><contains><system value="http://snomed.info/sct"/><code value="261665006"/><display value="Unknown"/></contains></expansion></ValueSet>