<?xml version="1.0" encoding="UTF-8"?><ValueSet xmlns="http://hl7.org/fhir"><id value="SILPH-FractureTypeVS"/><meta><versionId value="3"/><lastUpdated value="2025-10-30T00:34:01.469+00:00"/></meta><text><status value="generated"/><div xmlns="http://www.w3.org/1999/xhtml"><p class="res-header-id"><b>Generated Narrative: ValueSet SILPH-FractureTypeVS</b></p><a name="SILPH-FractureTypeVS"> </a><a name="hcSILPH-FractureTypeVS"> </a><div style="display: inline-block; background-color: #d9e0e7; padding: 6px; margin: 4px; border: 1px solid #8da1b4; border-radius: 5px; line-height: 60%"><p style="margin-bottom: 0px">version: 3; Last updated: 2025-10-30 00:34:01+0000</p></div><p style="border: black 1px dotted; background-color: #EEEEEE; padding: 8px; margin-bottom: 8px">Expansion based on SNOMED CT International edition 01-Oct 2024</p><p>This value set contains 2 concepts</p><table class="codes"><tr><td><b>System</b></td><td style="white-space:nowrap"><b>Code</b></td><td><b>Display</b></td></tr><tr><td><a name="SILPH-FractureTypeVS-http://snomed.info/sct-423125000"> </a><code>http://snomed.info/sct</code></td><td style="white-space:nowrap">  <a href="http://snomed.info/id/423125000">423125000</a></td><td>Closed fracture</td></tr><tr><td><a name="SILPH-FractureTypeVS-http://snomed.info/sct-397181002"> </a><code>http://snomed.info/sct</code></td><td style="white-space:nowrap">  <a href="http://snomed.info/id/397181002">397181002</a></td><td>Open fracture</td></tr></table></div></text><url value="http://www.roadsafetyph.doh.gov.ph/ValueSet/SILPH-FractureType"/><version value="0.3.0"/><name value="SILPH___Fracture_Type__VS_"/><title value="SILPH - Fracture Type (VS)"/><status value="draft"/><date value="2025-11-13T05:42:41+00:00"/><publisher value="UP Manila - National Institutes of Health - National Telehealth Center"/><contact><name value="UP Manila - National Institutes of Health - National Telehealth Center"/><telecom><system value="url"/><value value="https://github.com/UPM-NTHC/PH-RoadSafetyIG"/></telecom></contact><contact><name value="PH Road Safety IG Repository"/><telecom><system value="url"/><value value="https://github.com/UPM-NTHC/PH-RoadSafetyIG"/></telecom></contact><description value="SILPH Value Set for fracture type designation (open versus closed)"/><jurisdiction><coding><system value="urn:iso:std:iso:3166"/><code value="PH"/><display value="Philippines"/></coding></jurisdiction><compose><include><system value="http://snomed.info/sct"/><concept><code value="423125000"/><display value="Closed fracture"/></concept><concept><code value="397181002"/><display value="Open fracture"/></concept></include></compose><expansion><identifier value="urn:uuid:a404b9fe-2ec8-42c8-8a1f-fa2a85dbc99d"/><timestamp value="2025-10-29T23:49:34+00:00"/><total value="2"/><parameter><name value="used-codesystem"/><valueUri value="http://snomed.info/sct|http://snomed.info/sct/900000000000207008/version/20241001"/></parameter><parameter><name value="version"/><valueUri value="http://snomed.info/sct|http://snomed.info/sct/900000000000207008/version/20241001"/></parameter><parameter><name value="warning-draft"/><valueUri value="http://www.roadsafetyph.doh.gov.ph/ValueSet/SILPH-FractureType|1"/></parameter><contains><system value="http://snomed.info/sct"/><code value="423125000"/><display value="Closed fracture"/></contains><contains><system value="http://snomed.info/sct"/><code value="397181002"/><display value="Open fracture"/></contains></expansion></ValueSet>