<?xml version="1.0" encoding="UTF-8"?><ValueSet xmlns="http://hl7.org/fhir"><id value="MDSRoadSafetyVS"/><text><status value="generated"/><div xmlns="http://www.w3.org/1999/xhtml"><p class="res-header-id"><b>Generated Narrative: ValueSet MDSRoadSafetyVS</b></p><a name="MDSRoadSafetyVS"> </a><a name="hcMDSRoadSafetyVS"> </a><p>This value set includes codes based on the following rules:</p><ul><li>Include these codes as defined in <a href="http://www.snomed.org/"><code>http://snomed.info/sct</code></a> version <span title="Version is not explicity stated. No matching Code System found">Not Stated (use latest from terminology server)</span><table class="none"><tr><td style="white-space:nowrap"><b>Code</b></td><td><b>Display</b></td></tr><tr><td><a href="http://snomed.info/id/248153007">248153007</a></td><td>Male (finding)</td></tr><tr><td><a href="http://snomed.info/id/248152002">248152002</a></td><td>Female (finding)</td></tr><tr><td><a href="http://snomed.info/id/74964007">74964007</a></td><td>Other (qualifier value)</td></tr><tr><td><a href="http://snomed.info/id/261665006">261665006</a></td><td>Unknown (qualifier value)</td></tr><tr><td><a href="http://snomed.info/id/248234008">248234008</a></td><td>Mentally alert (finding)</td></tr><tr><td><a href="http://snomed.info/id/300202002">300202002</a></td><td>Responds to voice (finding)</td></tr><tr><td><a href="http://snomed.info/id/450847001">450847001</a></td><td>Responds to pain (finding)</td></tr><tr><td><a href="http://snomed.info/id/422768004">422768004</a></td><td>Unresponsive (finding)</td></tr><tr><td><a href="http://snomed.info/id/5467003">5467003</a></td><td>Normal respiratory rhythm (finding)</td></tr><tr><td><a href="http://snomed.info/id/248585001">248585001</a></td><td>Irregular breathing (finding)</td></tr><tr><td><a href="http://snomed.info/id/248549001">248549001</a></td><td>Labored breathing (finding)</td></tr><tr><td><a href="http://snomed.info/id/301708006">301708006</a></td><td>Chest clear (finding)</td></tr><tr><td><a href="http://snomed.info/id/56018004">56018004</a></td><td>Wheezing (finding)</td></tr><tr><td><a href="http://snomed.info/id/271636001">271636001</a></td><td>Pulse regular (finding)</td></tr><tr><td><a href="http://snomed.info/id/61086009">61086009</a></td><td>Pulse irregular (finding)</td></tr><tr><td><a href="http://snomed.info/id/12146004">12146004</a></td><td>Normal pulse (finding)</td></tr><tr><td><a href="http://snomed.info/id/64661000">64661000</a></td><td>Thready pulse (finding)</td></tr><tr><td><a href="http://snomed.info/id/271640005">271640005</a></td><td>Bounding pulse (finding)</td></tr><tr><td><a href="http://snomed.info/id/386666001">386666001</a></td><td>Pupils equal and reacting to light (finding)</td></tr><tr><td><a href="http://snomed.info/id/37125009">37125009</a></td><td>Dilated pupil (finding)</td></tr><tr><td><a href="http://snomed.info/id/301939004">301939004</a></td><td>Constricted pupil (finding)</td></tr><tr><td><a href="http://snomed.info/id/823998002">823998002</a></td><td>Unequal reaction of bilateral pupils (finding)</td></tr><tr><td><a href="http://snomed.info/id/301944006">301944006</a></td><td>No pupillary reaction to light (finding)</td></tr><tr><td><a href="http://snomed.info/id/260385009">260385009</a></td><td>Negative (qualifier value)</td></tr><tr><td><a href="http://snomed.info/id/95837007">95837007</a></td><td>Central cyanosis (disorder)</td></tr><tr><td><a href="http://snomed.info/id/95442007">95442007</a></td><td>Peripheral cyanosis (finding)</td></tr><tr><td><a href="http://snomed.info/id/399963005">399963005</a></td><td>Abrasion (disorder)</td></tr><tr><td><a href="http://snomed.info/id/284554003">284554003</a></td><td>Avulsion - injury (disorder)</td></tr><tr><td><a href="http://snomed.info/id/125666000">125666000</a></td><td>Burn (disorder)</td></tr><tr><td><a href="http://snomed.info/id/46541008">46541008</a></td><td>Second degree burn injury (morphologic abnormality)</td></tr><tr><td><a href="http://snomed.info/id/77140003">77140003</a></td><td>First degree burn injury (morphologic abnormality)</td></tr><tr><td><a href="http://snomed.info/id/80247002">80247002</a></td><td>Third degree burn injury (morphologic abnormality)</td></tr><tr><td><a href="http://snomed.info/id/770400008">770400008</a></td><td>Fourth degree burn injury (morphologic abnormality)</td></tr><tr><td><a href="http://snomed.info/id/110030002">110030002</a></td><td>Concussion injury of brain (disorder)</td></tr><tr><td><a href="http://snomed.info/id/125667009">125667009</a></td><td>Contusion (disorder)</td></tr><tr><td><a href="http://snomed.info/id/72704001">72704001</a></td><td>Fracture (morphologic abnormality)</td></tr><tr><td><a href="http://snomed.info/id/423125000">423125000</a></td><td>Closed fracture of bone (disorder)</td></tr><tr><td><a href="http://snomed.info/id/397181002">397181002</a></td><td>Open fracture (disorder)</td></tr><tr><td><a href="http://snomed.info/id/125643001">125643001</a></td><td>Open wound (disorder)</td></tr><tr><td><a href="http://snomed.info/id/262595009">262595009</a></td><td>Traumatic amputation (disorder)</td></tr><tr><td><a href="http://snomed.info/id/40947009">40947009</a></td><td>Drowning (event)</td></tr><tr><td><a href="http://snomed.info/id/88999006">88999006</a></td><td>Heat (physical force)</td></tr><tr><td><a href="http://snomed.info/id/80032004">80032004</a></td><td>Fire (physical force)</td></tr><tr><td><a href="http://snomed.info/id/18213006">18213006</a></td><td>Electricity (physical force)</td></tr><tr><td><a href="http://snomed.info/id/21847005">21847005</a></td><td>Oil (substance)</td></tr><tr><td><a href="http://snomed.info/id/263762005">263762005</a></td><td>Friction (physical force)</td></tr><tr><td><a href="http://snomed.info/id/1912002">1912002</a></td><td>Fall (event)</td></tr><tr><td><a href="http://snomed.info/id/225742004">225742004</a></td><td>Sea (environment)</td></tr><tr><td><a href="http://snomed.info/id/420531007">420531007</a></td><td>River (environment)</td></tr><tr><td><a href="http://snomed.info/id/421084007">421084007</a></td><td>Lake (environment)</td></tr><tr><td><a href="http://snomed.info/id/69297003">69297003</a></td><td>Pool (environment)</td></tr><tr><td><a href="http://snomed.info/id/75988000">75988000</a></td><td>Bathtub, device (physical object)</td></tr><tr><td><a href="http://snomed.info/id/242056005">242056005</a></td><td>Accidental injury (disorder)</td></tr><tr><td><a href="http://snomed.info/id/361269008">361269008</a></td><td>Intentional (qualifier value)</td></tr><tr><td><a href="http://snomed.info/id/276853009">276853009</a></td><td>Self inflicted injury (disorder)</td></tr><tr><td><a href="http://snomed.info/id/269735005">269735005</a></td><td>Injury undetermined whether accidentally or purposely inflicted (disorder)</td></tr><tr><td><a href="http://snomed.info/id/274215009">274215009</a></td><td>Transport accident (event)</td></tr><tr><td><a href="http://snomed.info/id/214031005">214031005</a></td><td>Motor vehicle traffic accident (event)</td></tr><tr><td><a href="http://snomed.info/id/257518000">257518000</a></td><td>Pedestrian (person)</td></tr><tr><td><a href="http://snomed.info/id/71783008">71783008</a></td><td>Automobile, device (physical object)</td></tr><tr><td><a href="http://snomed.info/id/224832000">224832000</a></td><td>Van (physical object)</td></tr><tr><td><a href="http://snomed.info/id/224830008">224830008</a></td><td>Coach (physical object)</td></tr><tr><td><a href="http://snomed.info/id/90748009">90748009</a></td><td>Motorcycle, device (physical object)</td></tr><tr><td><a href="http://snomed.info/id/70224005">70224005</a></td><td>Bicycle, device (physical object)</td></tr><tr><td><a href="http://snomed.info/id/12247004">12247004</a></td><td>Truck, device (physical object)</td></tr><tr><td><a href="http://snomed.info/id/32906002">32906002</a></td><td>Victim, pedestrian in vehicular/traffic accident (finding)</td></tr><tr><td><a href="http://snomed.info/id/48084008">48084008</a></td><td>Driver in vehicular/traffic accident (finding)</td></tr><tr><td><a href="http://snomed.info/id/55062001">55062001</a></td><td>Front seat passenger in vehicular/traffic accident (finding)</td></tr><tr><td><a href="http://snomed.info/id/69290001">69290001</a></td><td>Rear seat passenger in vehicular/traffic accident (finding)</td></tr><tr><td><a href="http://snomed.info/id/264362003">264362003</a></td><td>Home (environment)</td></tr><tr><td><a href="http://snomed.info/id/257698009">257698009</a></td><td>School (environment)</td></tr><tr><td><a href="http://snomed.info/id/272510001">272510001</a></td><td>Road (environment)</td></tr><tr><td><a href="http://snomed.info/id/285141008">285141008</a></td><td>Work environment (environment)</td></tr><tr><td><a href="http://snomed.info/id/443786003">443786003</a></td><td>Injury while engaged in sports activity (disorder)</td></tr><tr><td><a href="http://snomed.info/id/17542004">17542004</a></td><td>Accident while engaged in work-related activity (event)</td></tr><tr><td><a href="http://snomed.info/id/63238001">63238001</a></td><td>Dead on arrival at hospital (finding)</td></tr><tr><td><a href="http://snomed.info/id/438949009">438949009</a></td><td>Alive (finding)</td></tr><tr><td><a href="http://snomed.info/id/271591004">271591004</a></td><td>Fully conscious (finding)</td></tr><tr><td><a href="http://snomed.info/id/418107008">418107008</a></td><td>Unconscious (finding)</td></tr><tr><td><a href="http://snomed.info/id/32485007">32485007</a></td><td>Hospital admission (procedure)</td></tr><tr><td><a href="http://snomed.info/id/306689006">306689006</a></td><td>Discharge to home (procedure)</td></tr><tr><td><a href="http://snomed.info/id/225928004">225928004</a></td><td>Patient self-discharge against medical advice (procedure)</td></tr><tr><td><a href="http://snomed.info/id/34596002">34596002</a></td><td>Patient discharge, elopement (procedure)</td></tr><tr><td><a href="http://snomed.info/id/19712007">19712007</a></td><td>Patient transfer to another health care facility (procedure)</td></tr><tr><td><a href="http://snomed.info/id/183960004">183960004</a></td><td>Patient refuses hospital admission (situation)</td></tr><tr><td><a href="http://snomed.info/id/18632008">18632008</a></td><td>Patient status determination, deceased (finding)</td></tr><tr><td><a href="http://snomed.info/id/268910001">268910001</a></td><td>Patient's condition improved (finding)</td></tr><tr><td><a href="http://snomed.info/id/373864002">373864002</a></td><td>Outpatient (person)</td></tr><tr><td><a href="http://snomed.info/id/416800000">416800000</a></td><td>Inpatient (person)</td></tr><tr><td><a href="http://snomed.info/id/398099009">398099009</a></td><td>Street address (observable entity)</td></tr><tr><td><a href="http://snomed.info/id/703852005">703852005</a></td><td>Narrative comment section (record artifact)</td></tr></table></li><li>Include these codes as defined in <a href="http://loinc.org"><code>http://loinc.org</code></a> version <span title="Version is not explicity stated. No matching Code System found">Not Stated (use latest from terminology server)</span><table class="none"><tr><td style="white-space:nowrap"><b>Code</b></td><td><b>Display</b></td></tr><tr><td><a href="https://loinc.org/30976-5/">30976-5</a></td><td>Date received Form</td></tr><tr><td><a href="https://loinc.org/91877-1/">91877-1</a></td><td>Date and time report was received</td></tr><tr><td><a href="https://loinc.org/69472-9/">69472-9</a></td><td>Unit responded [Date and time] Vehicle</td></tr><tr><td><a href="https://loinc.org/69473-7/">69473-7</a></td><td>Responding unit arrived on the scene [Date and time] Vehicle</td></tr><tr><td><a href="https://loinc.org/69475-2/">69475-2</a></td><td>Responding unit left the scene with a patient [Date and time] Vehicle</td></tr><tr><td><a href="https://loinc.org/69476-0/">69476-0</a></td><td>Responding unit arrived with the patient at the destination or transfer point [Date and time] Vehicle</td></tr><tr><td><a href="https://loinc.org/11288-8/">11288-8</a></td><td>Arrival time documented</td></tr><tr><td><a href="https://loinc.org/8661-1/">8661-1</a></td><td>Chief complaint - Reported</td></tr><tr><td><a href="https://loinc.org/30525-0/">30525-0</a></td><td>Age</td></tr><tr><td><a href="https://loinc.org/46098-0/">46098-0</a></td><td>Sex</td></tr><tr><td><a href="https://loinc.org/56799-0/">56799-0</a></td><td>Address</td></tr><tr><td><a href="https://loinc.org/9279-1/">9279-1</a></td><td>Respiratory rate</td></tr><tr><td><a href="https://loinc.org/9304-7/">9304-7</a></td><td>Respiration rhythm</td></tr><tr><td><a href="https://loinc.org/80319-7/">80319-7</a></td><td>Breath sounds by Auscultation</td></tr><tr><td><a href="https://loinc.org/8889-8/">8889-8</a></td><td>Heart rate by Pulse oximetry</td></tr><tr><td><a href="https://loinc.org/8884-9/">8884-9</a></td><td>Heart rate rhythm</td></tr><tr><td><a href="https://loinc.org/8866-6/">8866-6</a></td><td>Arterial pulse quality by palpation</td></tr><tr><td><a href="https://loinc.org/8480-6/">8480-6</a></td><td>Systolic blood pressure</td></tr><tr><td><a href="https://loinc.org/8462-4/">8462-4</a></td><td>Diastolic blood pressure</td></tr><tr><td><a href="https://loinc.org/8310-5/">8310-5</a></td><td>Body temperature</td></tr><tr><td><a href="https://loinc.org/67775-7/">67775-7</a></td><td>Level of responsiveness</td></tr><tr><td><a href="https://loinc.org/9267-6/">9267-6</a></td><td>Glasgow coma score eye opening</td></tr><tr><td><a href="https://loinc.org/9270-0/">9270-0</a></td><td>Glasgow coma score verbal</td></tr><tr><td><a href="https://loinc.org/9268-4/">9268-4</a></td><td>Glasgow coma score motor</td></tr><tr><td><a href="https://loinc.org/9269-2/">9269-2</a></td><td>Glasgow coma score total</td></tr><tr><td><a href="https://loinc.org/88088-0/">88088-0</a></td><td>EMS transport destination name [Identifier] of Facility</td></tr><tr><td><a href="https://loinc.org/42077-8/">42077-8</a></td><td>Patient phone number</td></tr><tr><td><a href="https://loinc.org/67842-5/">67842-5</a></td><td>EMS past medical history Narrative NEMSIS</td></tr><tr><td><a href="https://loinc.org/67844-1/">67844-1</a></td><td>EMS current medications Narrative NEMSIS</td></tr><tr><td><a href="https://loinc.org/67841-7/">67841-7</a></td><td>EMS allergies and adverse reactions Narrative NEMSIS</td></tr><tr><td><a href="https://loinc.org/67499-4/">67499-4</a></td><td>Safety equipment NEMSIS</td></tr><tr><td><a href="https://loinc.org/67489-5/">67489-5</a></td><td>Total patients at the scene NEMSIS</td></tr><tr><td><a href="https://loinc.org/67482-0/">67482-0</a></td><td>Response mode to scene NEMSIS</td></tr><tr><td><a href="https://loinc.org/67162-8/">67162-8</a></td><td>Patient Disposition</td></tr><tr><td><a href="https://loinc.org/69543-7/">69543-7</a></td><td>Cause of injury NEMSIS</td></tr><tr><td><a href="https://loinc.org/52797-8/">52797-8</a></td><td>Diagnosis ICD code [Identifier]</td></tr><tr><td><a href="https://loinc.org/56801-4/">56801-4</a></td><td>Date and time ED consult starts</td></tr><tr><td><a href="https://loinc.org/11368-8/">11368-8</a></td><td>Illness or injury onset date and time</td></tr><tr><td><a href="https://loinc.org/LA6556-0/">LA6556-0</a></td><td>Eyes open spontaneously</td></tr><tr><td><a href="https://loinc.org/LA6555-2/">LA6555-2</a></td><td>Eye opening to verbal command</td></tr><tr><td><a href="https://loinc.org/LA6554-5/">LA6554-5</a></td><td>Eye opening to pain</td></tr><tr><td><a href="https://loinc.org/LA6553-7/">LA6553-7</a></td><td>No eye opening</td></tr><tr><td><a href="https://loinc.org/LA6561-0/">LA6561-0</a></td><td>Oriented</td></tr><tr><td><a href="https://loinc.org/LA6560-2/">LA6560-2</a></td><td>Confused</td></tr><tr><td><a href="https://loinc.org/LA6559-4/">LA6559-4</a></td><td>Inappropriate words</td></tr><tr><td><a href="https://loinc.org/LA6558-6/">LA6558-6</a></td><td>Incomprehensible sounds</td></tr><tr><td><a href="https://loinc.org/LA6557-8/">LA6557-8</a></td><td>No verbal response (&gt;2 yrs); no vocal response (&lt;=2 yrs)</td></tr><tr><td><a href="https://loinc.org/LA6567-7/">LA6567-7</a></td><td>Obeys commands</td></tr><tr><td><a href="https://loinc.org/LA6566-9/">LA6566-9</a></td><td>Localizing pain</td></tr><tr><td><a href="https://loinc.org/LA6565-1/">LA6565-1</a></td><td>Withdrawal from pain</td></tr><tr><td><a href="https://loinc.org/LA6564-4/">LA6564-4</a></td><td>Flexion to pain</td></tr><tr><td><a href="https://loinc.org/LA6563-6/">LA6563-6</a></td><td>Extension to pain</td></tr><tr><td><a href="https://loinc.org/LA6562-8/">LA6562-8</a></td><td>No motor response</td></tr><tr><td><a href="https://loinc.org/LA9318-2/">LA9318-2</a></td><td>Ambulance</td></tr><tr><td><a href="https://loinc.org/LA9321-6/">LA9321-6</a></td><td>Walk-in following nonambulance, law enforcement transport</td></tr><tr><td><a href="https://loinc.org/LA9319-0/">LA9319-0</a></td><td>Walk-in following transport via private transportation</td></tr><tr><td><a href="https://loinc.org/LA9323-2/">LA9323-2</a></td><td>Other mode of transport</td></tr></table></li><li>Include these codes as defined in <code>https://psgc.gitlab.io/psgc</code> version <span title="Version is not explicity stated. No matching Code System found">Not Stated (use latest from terminology server)</span><table class="none"><tr><td style="white-space:nowrap"><b>Code</b></td><td><b>Display</b></td></tr><tr><td>OTHERS</td><td>Others</td></tr><tr><td>UNKNOWN</td><td>Unknown</td></tr></table></li></ul></div></text><url value="http://hl7.org/fhir/ValueSet/PH-RoadSafety-MDSRoadSafety"/><version value="0.1.0"/><name value="MDSRoadSafetyVS"/><title value="MDSRoadSafety ValueSet"/><status value="draft"/><date value="2025-10-09T07:37:26+00:00"/><publisher value="UP Manila - National Institutes of Health - National Telehealth Center"/><contact><name value="UP Manila - National Institutes of Health - National Telehealth Center"/><telecom><system value="url"/><value value="https://github.com/UPM-NTHC/PH-RoadSafetyIG"/></telecom></contact><contact><name value="PH Road Safety IG Repository"/><telecom><system value="url"/><value value="https://github.com/UPM-NTHC/PH-RoadSafetyIG"/></telecom></contact><description value="Aggregated ValueSet of coded options from the MDS Road Safety dataset, prioritizing SNOMED CT first, then LOINC. One code per sheet row is retained based on this priority."/><jurisdiction><coding><system value="urn:iso:std:iso:3166"/><code value="PH"/><display value="Philippines"/></coding></jurisdiction><compose><include><system value="http://snomed.info/sct"/><concept><code value="248153007"/><display value="Male (finding)"/></concept><concept><code value="248152002"/><display value="Female (finding)"/></concept><concept><code value="74964007"/><display value="Other (qualifier value)"/></concept><concept><code value="261665006"/><display value="Unknown (qualifier value)"/></concept><concept><code value="248234008"/><display value="Mentally alert (finding)"/></concept><concept><code value="300202002"/><display value="Responds to voice (finding)"/></concept><concept><code value="450847001"/><display value="Responds to pain (finding)"/></concept><concept><code value="422768004"/><display value="Unresponsive (finding)"/></concept><concept><code value="5467003"/><display value="Normal respiratory rhythm (finding)"/></concept><concept><code value="248585001"/><display value="Irregular breathing (finding)"/></concept><concept><code value="248549001"/><display value="Labored breathing (finding)"/></concept><concept><code value="301708006"/><display value="Chest clear (finding)"/></concept><concept><code value="56018004"/><display value="Wheezing (finding)"/></concept><concept><code value="271636001"/><display value="Pulse regular (finding)"/></concept><concept><code value="61086009"/><display value="Pulse irregular (finding)"/></concept><concept><code value="12146004"/><display value="Normal pulse (finding)"/></concept><concept><code value="64661000"/><display value="Thready pulse (finding)"/></concept><concept><code value="271640005"/><display value="Bounding pulse (finding)"/></concept><concept><code value="386666001"/><display value="Pupils equal and reacting to light (finding)"/></concept><concept><code value="37125009"/><display value="Dilated pupil (finding)"/></concept><concept><code value="301939004"/><display value="Constricted pupil (finding)"/></concept><concept><code value="823998002"/><display value="Unequal reaction of bilateral pupils (finding)"/></concept><concept><code value="301944006"/><display value="No pupillary reaction to light (finding)"/></concept><concept><code value="260385009"/><display value="Negative (qualifier value)"/></concept><concept><code value="95837007"/><display value="Central cyanosis (disorder)"/></concept><concept><code value="95442007"/><display value="Peripheral cyanosis (finding)"/></concept><concept><code value="399963005"/><display value="Abrasion (disorder)"/></concept><concept><code value="284554003"/><display value="Avulsion - injury (disorder)"/></concept><concept><code value="125666000"/><display value="Burn (disorder)"/></concept><concept><code value="46541008"/><display value="Second degree burn injury (morphologic abnormality)"/></concept><concept><code value="77140003"/><display value="First degree burn injury (morphologic abnormality)"/></concept><concept><code value="80247002"/><display value="Third degree burn injury (morphologic abnormality)"/></concept><concept><code value="770400008"/><display value="Fourth degree burn injury (morphologic abnormality)"/></concept><concept><code value="110030002"/><display value="Concussion injury of brain (disorder)"/></concept><concept><code value="125667009"/><display value="Contusion (disorder)"/></concept><concept><code value="72704001"/><display value="Fracture (morphologic abnormality)"/></concept><concept><code value="423125000"/><display value="Closed fracture of bone (disorder)"/></concept><concept><code value="397181002"/><display value="Open fracture (disorder)"/></concept><concept><code value="125643001"/><display value="Open wound (disorder)"/></concept><concept><code value="262595009"/><display value="Traumatic amputation (disorder)"/></concept><concept><code value="40947009"/><display value="Drowning (event)"/></concept><concept><code value="88999006"/><display value="Heat (physical force)"/></concept><concept><code value="80032004"/><display value="Fire (physical force)"/></concept><concept><code value="18213006"/><display value="Electricity (physical force)"/></concept><concept><code value="21847005"/><display value="Oil (substance)"/></concept><concept><code value="263762005"/><display value="Friction (physical force)"/></concept><concept><code value="1912002"/><display value="Fall (event)"/></concept><concept><code value="225742004"/><display value="Sea (environment)"/></concept><concept><code value="420531007"/><display value="River (environment)"/></concept><concept><code value="421084007"/><display value="Lake (environment)"/></concept><concept><code value="69297003"/><display value="Pool (environment)"/></concept><concept><code value="75988000"/><display value="Bathtub, device (physical object)"/></concept><concept><code value="242056005"/><display value="Accidental injury (disorder)"/></concept><concept><code value="361269008"/><display value="Intentional (qualifier value)"/></concept><concept><code value="276853009"/><display value="Self inflicted injury (disorder)"/></concept><concept><code value="269735005"/><display value="Injury undetermined whether accidentally or purposely inflicted (disorder)"/></concept><concept><code value="274215009"/><display value="Transport accident (event)"/></concept><concept><code value="214031005"/><display value="Motor vehicle traffic accident (event)"/></concept><concept><code value="257518000"/><display value="Pedestrian (person)"/></concept><concept><code value="71783008"/><display value="Automobile, device (physical object)"/></concept><concept><code value="224832000"/><display value="Van (physical object)"/></concept><concept><code value="224830008"/><display value="Coach (physical object)"/></concept><concept><code value="90748009"/><display value="Motorcycle, device (physical object)"/></concept><concept><code value="70224005"/><display value="Bicycle, device (physical object)"/></concept><concept><code value="12247004"/><display value="Truck, device (physical object)"/></concept><concept><code value="32906002"/><display value="Victim, pedestrian in vehicular/traffic accident (finding)"/></concept><concept><code value="48084008"/><display value="Driver in vehicular/traffic accident (finding)"/></concept><concept><code value="55062001"/><display value="Front seat passenger in vehicular/traffic accident (finding)"/></concept><concept><code value="69290001"/><display value="Rear seat passenger in vehicular/traffic accident (finding)"/></concept><concept><code value="264362003"/><display value="Home (environment)"/></concept><concept><code value="257698009"/><display value="School (environment)"/></concept><concept><code value="272510001"/><display value="Road (environment)"/></concept><concept><code value="285141008"/><display value="Work environment (environment)"/></concept><concept><code value="443786003"/><display value="Injury while engaged in sports activity (disorder)"/></concept><concept><code value="17542004"/><display value="Accident while engaged in work-related activity (event)"/></concept><concept><code value="63238001"/><display value="Dead on arrival at hospital (finding)"/></concept><concept><code value="438949009"/><display value="Alive (finding)"/></concept><concept><code value="271591004"/><display value="Fully conscious (finding)"/></concept><concept><code value="418107008"/><display value="Unconscious (finding)"/></concept><concept><code value="32485007"/><display value="Hospital admission (procedure)"/></concept><concept><code value="306689006"/><display value="Discharge to home (procedure)"/></concept><concept><code value="225928004"/><display value="Patient self-discharge against medical advice (procedure)"/></concept><concept><code value="34596002"/><display value="Patient discharge, elopement (procedure)"/></concept><concept><code value="19712007"/><display value="Patient transfer to another health care facility (procedure)"/></concept><concept><code value="183960004"/><display value="Patient refuses hospital admission (situation)"/></concept><concept><code value="18632008"/><display value="Patient status determination, deceased (finding)"/></concept><concept><code value="268910001"/><display value="Patient's condition improved (finding)"/></concept><concept><code value="373864002"/><display value="Outpatient (person)"/></concept><concept><code value="416800000"/><display value="Inpatient (person)"/></concept><concept><code value="398099009"/><display value="Street address (observable entity)"/></concept><concept><code value="703852005"/><display value="Narrative comment section (record artifact)"/></concept></include><include><system value="http://loinc.org"/><concept><code value="30976-5"/><display value="Date received Form"/></concept><concept><code value="91877-1"/><display value="Date and time report was received"/></concept><concept><code value="69472-9"/><display value="Unit responded [Date and time] Vehicle"/></concept><concept><code value="69473-7"/><display value="Responding unit arrived on the scene [Date and time] Vehicle"/></concept><concept><code value="69475-2"/><display value="Responding unit left the scene with a patient [Date and time] Vehicle"/></concept><concept><code value="69476-0"/><display value="Responding unit arrived with the patient at the destination or transfer point [Date and time] Vehicle"/></concept><concept><code value="11288-8"/><display value="Arrival time documented"/></concept><concept><code value="8661-1"/><display value="Chief complaint - Reported"/></concept><concept><code value="30525-0"/><display value="Age"/></concept><concept><code value="46098-0"/><display value="Sex"/></concept><concept><code value="56799-0"/><display value="Address"/></concept><concept><code value="9279-1"/><display value="Respiratory rate"/></concept><concept><code value="9304-7"/><display value="Respiration rhythm"/></concept><concept><code value="80319-7"/><display value="Breath sounds by Auscultation"/></concept><concept><code value="8889-8"/><display value="Heart rate by Pulse oximetry"/></concept><concept><code value="8884-9"/><display value="Heart rate rhythm"/></concept><concept><code value="8866-6"/><display value="Arterial pulse quality by palpation"/></concept><concept><code value="8480-6"/><display value="Systolic blood pressure"/></concept><concept><code value="8462-4"/><display value="Diastolic blood pressure"/></concept><concept><code value="8310-5"/><display value="Body temperature"/></concept><concept><code value="67775-7"/><display value="Level of responsiveness"/></concept><concept><code value="9267-6"/><display value="Glasgow coma score eye opening"/></concept><concept><code value="9270-0"/><display value="Glasgow coma score verbal"/></concept><concept><code value="9268-4"/><display value="Glasgow coma score motor"/></concept><concept><code value="9269-2"/><display value="Glasgow coma score total"/></concept><concept><code value="88088-0"/><display value="EMS transport destination name [Identifier] of Facility"/></concept><concept><code value="42077-8"/><display value="Patient phone number"/></concept><concept><code value="67842-5"/><display value="EMS past medical history Narrative NEMSIS"/></concept><concept><code value="67844-1"/><display value="EMS current medications Narrative NEMSIS"/></concept><concept><code value="67841-7"/><display value="EMS allergies and adverse reactions Narrative NEMSIS"/></concept><concept><code value="67499-4"/><display value="Safety equipment NEMSIS"/></concept><concept><code value="67489-5"/><display value="Total patients at the scene NEMSIS"/></concept><concept><code value="67482-0"/><display value="Response mode to scene NEMSIS"/></concept><concept><code value="67162-8"/><display value="Patient Disposition"/></concept><concept><code value="69543-7"/><display value="Cause of injury NEMSIS"/></concept><concept><code value="52797-8"/><display value="Diagnosis ICD code [Identifier]"/></concept><concept><code value="56801-4"/><display value="Date and time ED consult starts"/></concept><concept><code value="11368-8"/><display value="Illness or injury onset date and time"/></concept><concept><code value="LA6556-0"/><display value="Eyes open spontaneously"/></concept><concept><code value="LA6555-2"/><display value="Eye opening to verbal command"/></concept><concept><code value="LA6554-5"/><display value="Eye opening to pain"/></concept><concept><code value="LA6553-7"/><display value="No eye opening"/></concept><concept><code value="LA6561-0"/><display value="Oriented"/></concept><concept><code value="LA6560-2"/><display value="Confused"/></concept><concept><code value="LA6559-4"/><display value="Inappropriate words"/></concept><concept><code value="LA6558-6"/><display value="Incomprehensible sounds"/></concept><concept><code value="LA6557-8"/><display value="No verbal response (&gt;2 yrs); no vocal response (&lt;=2 yrs)"/></concept><concept><code value="LA6567-7"/><display value="Obeys commands"/></concept><concept><code value="LA6566-9"/><display value="Localizing pain"/></concept><concept><code value="LA6565-1"/><display value="Withdrawal from pain"/></concept><concept><code value="LA6564-4"/><display value="Flexion to pain"/></concept><concept><code value="LA6563-6"/><display value="Extension to pain"/></concept><concept><code value="LA6562-8"/><display value="No motor response"/></concept><concept><code value="LA9318-2"/><display value="Ambulance"/></concept><concept><code value="LA9321-6"/><display value="Walk-in following nonambulance, law enforcement transport"/></concept><concept><code value="LA9319-0"/><display value="Walk-in following transport via private transportation"/></concept><concept><code value="LA9323-2"/><display value="Other mode of transport"/></concept></include><include><system value="https://psgc.gitlab.io/psgc"/><concept><code value="OTHERS"/><display value="Others"/></concept><concept><code value="UNKNOWN"/><display value="Unknown"/></concept></include></compose></ValueSet>