<?xml version="1.0" encoding="UTF-8"?><ValueSet xmlns="http://hl7.org/fhir"><id value="vs-psgc-city"/><text><status value="generated"/><div xmlns="http://www.w3.org/1999/xhtml"><p class="res-header-id"><b>Generated Narrative: ValueSet vs-psgc-city</b></p><a name="vs-psgc-city"> </a><a name="hcvs-psgc-city"> </a><ul><li>Include all codes defined in <a href="https://build.fhir.org/ig/UP-Manila-SILab/ph-core/CodeSystem-PSGC.html"><code>urn://example.com/ph-core/fhir/CodeSystem/PSGC</code></a><span title="Version is not explicitly stated, which means it is fixed to 0.1.0, the version found through the package references"> version 📦0.1.0</span></li></ul></div></text><url value="https://build.fhir.org/ig/UPM-NTHC/PH-RoadSafetyIG/ValueSet/vs-psgc-city"/><version value="0.3.0"/><name value="VSPSGCCityMunicipality"/><title value="RS VS - PSGC City/Municipality"/><status value="draft"/><date value="2025-11-13T05:16:01+00:00"/><publisher value="UP Manila - National Institutes of Health - National Telehealth Center"/><contact><name value="UP Manila - National Institutes of Health - National Telehealth Center"/><telecom><system value="url"/><value value="https://github.com/UPM-NTHC/PH-RoadSafetyIG"/></telecom></contact><contact><name value="PH Road Safety IG Repository"/><telecom><system value="url"/><value value="https://github.com/UPM-NTHC/PH-RoadSafetyIG"/></telecom></contact><description value="PSGC City/Municipality codes (managed externally)."/><jurisdiction><coding><system value="urn:iso:std:iso:3166"/><code value="PH"/><display value="Philippines"/></coding></jurisdiction><compose><include><system value="urn://example.com/ph-core/fhir/CodeSystem/PSGC"/></include></compose></ValueSet>