<?xml version="1.0" encoding="UTF-8"?><ValueSet xmlns="http://hl7.org/fhir"><id value="SILPH-InjuryIntentVS"/><meta><versionId value="9"/><lastUpdated value="2025-10-30T00:34:04.226+00:00"/></meta><text><status value="generated"/><div xmlns="http://www.w3.org/1999/xhtml"><p class="res-header-id"><b>Generated Narrative: ValueSet SILPH-InjuryIntentVS</b></p><a name="SILPH-InjuryIntentVS"> </a><a name="hcSILPH-InjuryIntentVS"> </a><div style="display: inline-block; background-color: #d9e0e7; padding: 6px; margin: 4px; border: 1px solid #8da1b4; border-radius: 5px; line-height: 60%"><p style="margin-bottom: 0px">version: 9; Last updated: 2025-10-30 00:34:04+0000</p></div><div style="border: black 1px dotted; background-color: #EEEEEE; padding: 8px; margin-bottom: 8px"><p>Expansion based on:</p><ul><li>SNOMED CT International edition 01-Oct 2024</li><li>codesystem SILPH Road Safety Local Codes version 0.2.0</li></ul></div><p>This value set contains 5 concepts</p><table class="codes"><tr><td><b>System</b></td><td><b>Version</b></td><td style="white-space:nowrap"><b>Code</b></td><td><b>Display</b></td></tr><tr><td><a name="SILPH-InjuryIntentVS-http://snomed.info/sct-242056005"> </a><code>http://snomed.info/sct</code></td><td>http://snomed.info/sct/900000000000207008/version/20241001</td><td style="white-space:nowrap">  <a href="http://snomed.info/sct/900000000000207008/id/242056005">242056005</a></td><td>Unintentional/Accidental</td></tr><tr><td><a name="SILPH-InjuryIntentVS-http://snomed.info/sct-361269008"> </a><code>http://snomed.info/sct</code></td><td>http://snomed.info/sct/900000000000207008/version/20241001</td><td style="white-space:nowrap">  <a href="http://snomed.info/sct/900000000000207008/id/361269008">361269008</a></td><td>Intentional(violence)</td></tr><tr><td><a name="SILPH-InjuryIntentVS-http://snomed.info/sct-276853009"> </a><code>http://snomed.info/sct</code></td><td>http://snomed.info/sct/900000000000207008/version/20241001</td><td style="white-space:nowrap">  <a href="http://snomed.info/sct/900000000000207008/id/276853009">276853009</a></td><td>Intentional(self-inflicted)</td></tr><tr><td><a name="SILPH-InjuryIntentVS-http://snomed.info/sct-269735005"> </a><code>http://snomed.info/sct</code></td><td>http://snomed.info/sct/900000000000207008/version/20241001</td><td style="white-space:nowrap">  <a href="http://snomed.info/sct/900000000000207008/id/269735005">269735005</a></td><td>Undetermined</td></tr><tr><td><a name="SILPH-InjuryIntentVS-http://www.roadsafetyph.doh.gov.ph/CodeSystem-VAWC"> </a><code>http://www.roadsafetyph.doh.gov.ph/CodeSystem</code></td><td>0.2.0</td><td style="white-space:nowrap">  VAWC</td><td>VAWC Patient</td></tr></table></div></text><url value="http://www.roadsafetyph.doh.gov.ph/ValueSet/SILPH-InjuryIntent"/><version value="0.3.0"/><name value="SILPH___Injury_Intent__VS_"/><title value="SILPH - Injury Intent (VS)"/><status value="draft"/><date value="2025-11-13T06:07:07+00:00"/><publisher value="UP Manila - National Institutes of Health - National Telehealth Center"/><contact><name value="UP Manila - National Institutes of Health - National Telehealth Center"/><telecom><system value="url"/><value value="https://github.com/UPM-NTHC/PH-RoadSafetyIG"/></telecom></contact><contact><name value="PH Road Safety IG Repository"/><telecom><system value="url"/><value value="https://github.com/UPM-NTHC/PH-RoadSafetyIG"/></telecom></contact><description value="SILPH Value Set for Injury Intent"/><jurisdiction><coding><system value="urn:iso:std:iso:3166"/><code value="PH"/><display value="Philippines"/></coding></jurisdiction><compose><include><system value="http://snomed.info/sct"/><concept><code value="242056005"/><display value="Unintentional/Accidental"/></concept><concept><code value="361269008"/><display value="Intentional(violence)"/></concept><concept><code value="276853009"/><display value="Intentional(self-inflicted)"/></concept><concept><code value="269735005"/><display value="Undetermined"/></concept></include><include><system value="http://www.roadsafetyph.doh.gov.ph/CodeSystem"/><concept><code value="VAWC"/><display value="VAWC Patient"/></concept></include></compose><expansion><identifier value="urn:uuid:67b2131d-b9ec-416e-9a5a-2f6109893397"/><timestamp value="2025-10-29T23:49:35+00:00"/><total value="5"/><parameter><name value="used-codesystem"/><valueUri value="http://snomed.info/sct|http://snomed.info/sct/900000000000207008/version/20241001"/></parameter><parameter><name value="version"/><valueUri value="http://snomed.info/sct|http://snomed.info/sct/900000000000207008/version/20241001"/></parameter><parameter><name value="used-codesystem"/><valueUri value="http://www.roadsafetyph.doh.gov.ph/CodeSystem|0.2.0"/></parameter><parameter><name value="version"/><valueUri value="http://www.roadsafetyph.doh.gov.ph/CodeSystem|0.2.0"/></parameter><parameter><name value="warning-draft"/><valueUri value="http://www.roadsafetyph.doh.gov.ph/CodeSystem|0.2.0"/></parameter><parameter><name value="warning-draft"/><valueUri value="http://www.roadsafetyph.doh.gov.ph/ValueSet/SILPH-InjuryIntent|0.1.2"/></parameter><contains><system value="http://snomed.info/sct"/><version value="http://snomed.info/sct/900000000000207008/version/20241001"/><code value="242056005"/><display value="Unintentional/Accidental"/></contains><contains><system value="http://snomed.info/sct"/><version value="http://snomed.info/sct/900000000000207008/version/20241001"/><code value="361269008"/><display value="Intentional(violence)"/></contains><contains><system value="http://snomed.info/sct"/><version value="http://snomed.info/sct/900000000000207008/version/20241001"/><code value="276853009"/><display value="Intentional(self-inflicted)"/></contains><contains><system value="http://snomed.info/sct"/><version value="http://snomed.info/sct/900000000000207008/version/20241001"/><code value="269735005"/><display value="Undetermined"/></contains><contains><system value="http://www.roadsafetyph.doh.gov.ph/CodeSystem"/><version value="0.2.0"/><code value="VAWC"/><display value="VAWC Patient"/></contains></expansion></ValueSet>