<?xml version="1.0" encoding="UTF-8"?><ValueSet xmlns="http://hl7.org/fhir"><id value="SILPH-PlaceofOccurrenceVS"/><meta><versionId value="6"/><lastUpdated value="2025-10-30T00:34:06.334+00:00"/></meta><text><status value="generated"/><div xmlns="http://www.w3.org/1999/xhtml"><p class="res-header-id"><b>Generated Narrative: ValueSet SILPH-PlaceofOccurrenceVS</b></p><a name="SILPH-PlaceofOccurrenceVS"> </a><a name="hcSILPH-PlaceofOccurrenceVS"> </a><div style="display: inline-block; background-color: #d9e0e7; padding: 6px; margin: 4px; border: 1px solid #8da1b4; border-radius: 5px; line-height: 60%"><p style="margin-bottom: 0px">version: 6; Last updated: 2025-10-30 00:34:06+0000</p></div><div style="border: black 1px dotted; background-color: #EEEEEE; padding: 8px; margin-bottom: 8px"><p>Expansion based on:</p><ul><li>SNOMED CT International edition 01-Oct 2024</li><li><a href="CodeSystem-SILPH-LocalCodesCS.html">codesystem SILPH Road Safety Local Codes v0.2.0 (CodeSystem)</a></li></ul></div><p>This value set contains 7 concepts</p><table class="codes"><tr><td><b>System</b></td><td><b>Version</b></td><td style="white-space:nowrap"><b>Code</b></td><td><b>Display</b></td></tr><tr><td><a name="SILPH-PlaceofOccurrenceVS-http://snomed.info/sct-264362003"> </a><code>http://snomed.info/sct</code></td><td>http://snomed.info/sct/900000000000207008/version/20241001</td><td style="white-space:nowrap">  <a href="http://snomed.info/sct/900000000000207008/id/264362003">264362003</a></td><td>Home</td></tr><tr><td><a name="SILPH-PlaceofOccurrenceVS-http://snomed.info/sct-257698009"> </a><code>http://snomed.info/sct</code></td><td>http://snomed.info/sct/900000000000207008/version/20241001</td><td style="white-space:nowrap">  <a href="http://snomed.info/sct/900000000000207008/id/257698009">257698009</a></td><td>School</td></tr><tr><td><a name="SILPH-PlaceofOccurrenceVS-http://snomed.info/sct-272510001"> </a><code>http://snomed.info/sct</code></td><td>http://snomed.info/sct/900000000000207008/version/20241001</td><td style="white-space:nowrap">  <a href="http://snomed.info/sct/900000000000207008/id/272510001">272510001</a></td><td>Road</td></tr><tr><td><a name="SILPH-PlaceofOccurrenceVS-http://snomed.info/sct-285141008"> </a><code>http://snomed.info/sct</code></td><td>http://snomed.info/sct/900000000000207008/version/20241001</td><td style="white-space:nowrap">  <a href="http://snomed.info/sct/900000000000207008/id/285141008">285141008</a></td><td>Workplace</td></tr><tr><td><a name="SILPH-PlaceofOccurrenceVS-http://snomed.info/sct-74964007"> </a><code>http://snomed.info/sct</code></td><td>http://snomed.info/sct/900000000000207008/version/20241001</td><td style="white-space:nowrap">  <a href="http://snomed.info/sct/900000000000207008/id/74964007">74964007</a></td><td>Others</td></tr><tr><td><a name="SILPH-PlaceofOccurrenceVS-http://snomed.info/sct-261665006"> </a><code>http://snomed.info/sct</code></td><td>http://snomed.info/sct/900000000000207008/version/20241001</td><td style="white-space:nowrap">  <a href="http://snomed.info/sct/900000000000207008/id/261665006">261665006</a></td><td>Unknown</td></tr><tr><td><a name="SILPH-PlaceofOccurrenceVS-http://www.roadsafetyph.doh.gov.ph/CodeSystem-VIDEOBAR"> </a><code>http://www.roadsafetyph.doh.gov.ph/CodeSystem</code></td><td>0.2.0</td><td style="white-space:nowrap">  <a href="CodeSystem-SILPH-LocalCodesCS.html#SILPH-LocalCodesCS-VIDEOBAR">VIDEOBAR</a></td><td>Videoke Bars</td></tr></table></div></text><url value="http://www.roadsafetyph.doh.gov.ph/ValueSet/SILPH-PlaceofOccurrence"/><version value="0.2.0"/><name value="SILPH___Place_of_Occurrence__VS_"/><title value="SILPH - Place of Occurrence (VS)"/><status value="draft"/><date value="2025-11-03T06:02:43+00:00"/><publisher value="UP Manila - National Institutes of Health - National Telehealth Center"/><contact><name value="UP Manila - National Institutes of Health - National Telehealth Center"/><telecom><system value="url"/><value value="https://github.com/UPM-NTHC/PH-RoadSafetyIG"/></telecom></contact><contact><name value="PH Road Safety IG Repository"/><telecom><system value="url"/><value value="https://github.com/UPM-NTHC/PH-RoadSafetyIG"/></telecom></contact><description value="SILPH Value Set for Place of Occurrence of Injury/Accident"/><jurisdiction><coding><system value="urn:iso:std:iso:3166"/><code value="PH"/><display value="Philippines"/></coding></jurisdiction><compose><include><system value="http://snomed.info/sct"/><concept><code value="264362003"/><display value="Home"/></concept><concept><code value="257698009"/><display value="School"/></concept><concept><code value="272510001"/><display value="Road"/></concept><concept><code value="285141008"/><display value="Workplace"/></concept><concept><code value="74964007"/><display value="Others"/></concept><concept><code value="261665006"/><display value="Unknown"/></concept></include><include><system value="http://www.roadsafetyph.doh.gov.ph/CodeSystem"/><concept><code value="VIDEOBAR"/><display value="Videoke Bars"/></concept></include></compose><expansion><identifier value="urn:uuid:169745ea-554d-423c-a787-1b089d527340"/><timestamp value="2025-10-29T23:49:37+00:00"/><total value="7"/><parameter><name value="used-codesystem"/><valueUri value="http://snomed.info/sct|http://snomed.info/sct/900000000000207008/version/20241001"/></parameter><parameter><name value="version"/><valueUri value="http://snomed.info/sct|http://snomed.info/sct/900000000000207008/version/20241001"/></parameter><parameter><name value="used-codesystem"/><valueUri value="http://www.roadsafetyph.doh.gov.ph/CodeSystem|0.2.0"/></parameter><parameter><name value="version"/><valueUri value="http://www.roadsafetyph.doh.gov.ph/CodeSystem|0.2.0"/></parameter><parameter><name value="warning-draft"/><valueUri value="http://www.roadsafetyph.doh.gov.ph/CodeSystem|0.2.0"/></parameter><parameter><name value="warning-draft"/><valueUri value="http://www.roadsafetyph.doh.gov.ph/ValueSet/SILPH-PlaceofOccurrence|0.1.2"/></parameter><contains><system value="http://snomed.info/sct"/><version value="http://snomed.info/sct/900000000000207008/version/20241001"/><code value="264362003"/><display value="Home"/></contains><contains><system value="http://snomed.info/sct"/><version value="http://snomed.info/sct/900000000000207008/version/20241001"/><code value="257698009"/><display value="School"/></contains><contains><system value="http://snomed.info/sct"/><version value="http://snomed.info/sct/900000000000207008/version/20241001"/><code value="272510001"/><display value="Road"/></contains><contains><system value="http://snomed.info/sct"/><version value="http://snomed.info/sct/900000000000207008/version/20241001"/><code value="285141008"/><display value="Workplace"/></contains><contains><system value="http://snomed.info/sct"/><version value="http://snomed.info/sct/900000000000207008/version/20241001"/><code value="74964007"/><display value="Others"/></contains><contains><system value="http://snomed.info/sct"/><version value="http://snomed.info/sct/900000000000207008/version/20241001"/><code value="261665006"/><display value="Unknown"/></contains><contains><system value="http://www.roadsafetyph.doh.gov.ph/CodeSystem"/><version value="0.2.0"/><code value="VIDEOBAR"/><display value="Videoke Bars"/></contains></expansion></ValueSet>