<?xml version="1.0" encoding="UTF-8"?><ValueSet xmlns="http://hl7.org/fhir"><id value="RS-ConditionOfPatient-VS"/><text><status value="generated"/><div xmlns="http://www.w3.org/1999/xhtml"><p class="res-header-id"><b>Generated Narrative: ValueSet RS-ConditionOfPatient-VS</b></p><a name="RS-ConditionOfPatient-VS"> </a><a name="hcRS-ConditionOfPatient-VS"> </a><ul><li>Include these codes as defined in <a href="http://www.snomed.org/"><code>http://snomed.info/sct</code></a> version <span title="Version is not explicity stated. No matching Code System found">Not Stated (use latest from terminology server)</span><table class="none"><tr><td style="white-space:nowrap"><b>Code</b></td><td><b>Display</b></td></tr><tr><td><a href="http://snomed.info/id/438949009">438949009</a></td><td>Alive (finding)</td></tr><tr><td><a href="http://snomed.info/id/18632008">18632008</a></td><td>Patient status determination, deceased (finding)</td></tr></table></li></ul></div></text><url value="http://hl7.org/fhir/ValueSet/PH-RoadSafety-ConditionOfPatient"/><version value="0.1.0"/><name value="RSConditionOfPatientVS"/><title value="RS Condition of Patient"/><status value="draft"/><date value="2025-10-09T16:04:50+00:00"/><publisher value="UP Manila - National Institutes of Health - National Telehealth Center"/><contact><name value="UP Manila - National Institutes of Health - National Telehealth Center"/><telecom><system value="url"/><value value="https://github.com/UPM-NTHC/PH-RoadSafetyIG"/></telecom></contact><contact><name value="PH Road Safety IG Repository"/><telecom><system value="url"/><value value="https://github.com/UPM-NTHC/PH-RoadSafetyIG"/></telecom></contact><description value="Overall condition assertion (Alive/Deceased) using SNOMED CT."/><jurisdiction><coding><system value="urn:iso:std:iso:3166"/><code value="PH"/><display value="Philippines"/></coding></jurisdiction><compose><include><system value="http://snomed.info/sct"/><concept><code value="438949009"/><display value="Alive (finding)"/></concept><concept><code value="18632008"/><display value="Patient status determination, deceased (finding)"/></concept></include></compose></ValueSet>