<?xml version="1.0" encoding="UTF-8"?><ValueSet xmlns="http://hl7.org/fhir"><id value="MDS-Outcome-VS"/><text><status value="generated"/><div xmlns="http://www.w3.org/1999/xhtml"><p class="res-header-id"><b>Generated Narrative: ValueSet MDS-Outcome-VS</b></p><a name="MDS-Outcome-VS"> </a><a name="hcMDS-Outcome-VS"> </a><ul><li>Include these codes as defined in <a href="http://www.snomed.org/"><code>http://snomed.info/sct</code></a> version <span title="Version is not explicity stated. No matching Code System found">Not Stated (use latest from terminology server)</span><table class="none"><tr><td style="white-space:nowrap"><b>Code</b></td><td><b>Display</b></td></tr><tr><td><a href="http://snomed.info/id/18632008">18632008</a></td><td>Patient status determination, deceased (finding)</td></tr><tr><td><a href="http://snomed.info/id/268910001">268910001</a></td><td>Patient's condition improved (finding)</td></tr></table></li></ul></div></text><url value="http://hl7.org/fhir/ValueSet/PH-RoadSafety-Outcome"/><version value="0.1.0"/><name value="MDSOutcomeVS"/><title value="MDS Outcome"/><status value="draft"/><date value="2025-10-09T07:33:25+00:00"/><publisher value="UP Manila - National Institutes of Health - National Telehealth Center"/><contact><name value="UP Manila - National Institutes of Health - National Telehealth Center"/><telecom><system value="url"/><value value="https://github.com/UPM-NTHC/PH-RoadSafetyIG"/></telecom></contact><contact><name value="PH Road Safety IG Repository"/><telecom><system value="url"/><value value="https://github.com/UPM-NTHC/PH-RoadSafetyIG"/></telecom></contact><description value="Outcome at discharge/release."/><jurisdiction><coding><system value="urn:iso:std:iso:3166"/><code value="PH"/><display value="Philippines"/></coding></jurisdiction><compose><include><system value="http://snomed.info/sct"/><concept><code value="18632008"/><display value="Patient status determination, deceased (finding)"/></concept><concept><code value="268910001"/><display value="Patient's condition improved (finding)"/></concept></include></compose></ValueSet>