<?xml version="1.0" encoding="UTF-8"?><ValueSet xmlns="http://hl7.org/fhir"><id value="SILPH-LevelofConsciousnessVS"/><meta><versionId value="5"/><lastUpdated value="2025-10-30T00:34:04.540+00:00"/></meta><text><status value="generated"/><div xmlns="http://www.w3.org/1999/xhtml"><p class="res-header-id"><b>Generated Narrative: ValueSet SILPH-LevelofConsciousnessVS</b></p><a name="SILPH-LevelofConsciousnessVS"> </a><a name="hcSILPH-LevelofConsciousnessVS"> </a><div style="display: inline-block; background-color: #d9e0e7; padding: 6px; margin: 4px; border: 1px solid #8da1b4; border-radius: 5px; line-height: 60%"><p style="margin-bottom: 0px">version: 5; Last updated: 2025-10-30 00:34:04+0000</p></div><p style="border: black 1px dotted; background-color: #EEEEEE; padding: 8px; margin-bottom: 8px">Expansion based on SNOMED CT International edition 01-Oct 2024</p><p>This value set contains 4 concepts</p><table class="codes"><tr><td><b>System</b></td><td style="white-space:nowrap"><b>Code</b></td><td><b>Display</b></td></tr><tr><td><a name="SILPH-LevelofConsciousnessVS-http://snomed.info/sct-248234008"> </a><code>http://snomed.info/sct</code></td><td style="white-space:nowrap">  <a href="http://snomed.info/id/248234008">248234008</a></td><td>Alert</td></tr><tr><td><a name="SILPH-LevelofConsciousnessVS-http://snomed.info/sct-300202002"> </a><code>http://snomed.info/sct</code></td><td style="white-space:nowrap">  <a href="http://snomed.info/id/300202002">300202002</a></td><td>Voice</td></tr><tr><td><a name="SILPH-LevelofConsciousnessVS-http://snomed.info/sct-450847001"> </a><code>http://snomed.info/sct</code></td><td style="white-space:nowrap">  <a href="http://snomed.info/id/450847001">450847001</a></td><td>Pain</td></tr><tr><td><a name="SILPH-LevelofConsciousnessVS-http://snomed.info/sct-422768004"> </a><code>http://snomed.info/sct</code></td><td style="white-space:nowrap">  <a href="http://snomed.info/id/422768004">422768004</a></td><td>Unresponsive</td></tr></table></div></text><url value="http://www.roadsafetyph.doh.gov.ph/ValueSet/SILPH-LevelofConsciousness"/><version value="0.3.0"/><name value="SILPH___Level_of_Consciousness__VS_"/><title value="SILPH - Level of Consciousness (VS)"/><status value="draft"/><date value="2025-11-04T05:19:01+00:00"/><publisher value="UP Manila - National Institutes of Health - National Telehealth Center"/><contact><name value="UP Manila - National Institutes of Health - National Telehealth Center"/><telecom><system value="url"/><value value="https://github.com/UPM-NTHC/PH-RoadSafetyIG"/></telecom></contact><contact><name value="PH Road Safety IG Repository"/><telecom><system value="url"/><value value="https://github.com/UPM-NTHC/PH-RoadSafetyIG"/></telecom></contact><description value="SILPH Value Set for Level of Consciousness (AVPU) Score"/><jurisdiction><coding><system value="urn:iso:std:iso:3166"/><code value="PH"/><display value="Philippines"/></coding></jurisdiction><compose><include><system value="http://snomed.info/sct"/><concept><code value="248234008"/><display value="Alert"/></concept><concept><code value="300202002"/><display value="Voice"/></concept><concept><code value="450847001"/><display value="Pain"/></concept><concept><code value="422768004"/><display value="Unresponsive"/></concept></include></compose><expansion><identifier value="urn:uuid:6664a57f-051e-48ff-8dda-1905a58a9180"/><timestamp value="2025-10-29T23:49:29+00:00"/><total value="4"/><parameter><name value="used-codesystem"/><valueUri value="http://snomed.info/sct|http://snomed.info/sct/900000000000207008/version/20241001"/></parameter><parameter><name value="version"/><valueUri value="http://snomed.info/sct|http://snomed.info/sct/900000000000207008/version/20241001"/></parameter><parameter><name value="warning-draft"/><valueUri value="http://www.roadsafetyph.doh.gov.ph/ValueSet/SILPH-LevelofConsciousness|1"/></parameter><contains><system value="http://snomed.info/sct"/><code value="248234008"/><display value="Alert"/></contains><contains><system value="http://snomed.info/sct"/><code value="300202002"/><display value="Voice"/></contains><contains><system value="http://snomed.info/sct"/><code value="450847001"/><display value="Pain"/></contains><contains><system value="http://snomed.info/sct"/><code value="422768004"/><display value="Unresponsive"/></contains></expansion></ValueSet>