<?xml version="1.0" encoding="UTF-8"?><ValueSet xmlns="http://hl7.org/fhir"><id value="SILPH-TriageVS"/><meta><versionId value="3"/><lastUpdated value="2025-10-30T00:34:08.278+00:00"/></meta><text><status value="generated"/><div xmlns="http://www.w3.org/1999/xhtml"><p class="res-header-id"><b>Generated Narrative: ValueSet SILPH-TriageVS</b></p><a name="SILPH-TriageVS"> </a><a name="hcSILPH-TriageVS"> </a><div style="display: inline-block; background-color: #d9e0e7; padding: 6px; margin: 4px; border: 1px solid #8da1b4; border-radius: 5px; line-height: 60%"><p style="margin-bottom: 0px">version: 3; Last updated: 2025-10-30 00:34:08+0000</p></div><div style="border: black 1px dotted; background-color: #EEEEEE; padding: 8px; margin-bottom: 8px"><p>Expansion based on:</p><ul><li>Loinc v2.78</li><li>SNOMED CT International edition 01-Oct 2024</li></ul></div><p>This value set contains 5 concepts</p><table class="codes"><tr><td><b>System</b></td><td><b>Version</b></td><td style="white-space:nowrap"><b>Code</b></td><td><b>Display</b></td></tr><tr><td><a name="SILPH-TriageVS-http://loinc.org-LA17696-8"> </a><code>http://loinc.org</code></td><td>2.78</td><td style="white-space:nowrap">  <a href="https://loinc.org/LA17696-8/">LA17696-8</a></td><td>Red</td></tr><tr><td><a name="SILPH-TriageVS-http://loinc.org-LA17695-0"> </a><code>http://loinc.org</code></td><td>2.78</td><td style="white-space:nowrap">  <a href="https://loinc.org/LA17695-0/">LA17695-0</a></td><td>Yellow</td></tr><tr><td><a name="SILPH-TriageVS-http://loinc.org-LA17694-3"> </a><code>http://loinc.org</code></td><td>2.78</td><td style="white-space:nowrap">  <a href="https://loinc.org/LA17694-3/">LA17694-3</a></td><td>Green</td></tr><tr><td><a name="SILPH-TriageVS-http://loinc.org-LA17697-6"> </a><code>http://loinc.org</code></td><td>2.78</td><td style="white-space:nowrap">  <a href="https://loinc.org/LA17697-6/">LA17697-6</a></td><td>Black</td></tr><tr><td><a name="SILPH-TriageVS-http://snomed.info/sct-261665006"> </a><code>http://snomed.info/sct</code></td><td>http://snomed.info/sct/900000000000207008/version/20241001</td><td style="white-space:nowrap">  <a href="http://snomed.info/sct/900000000000207008/id/261665006">261665006</a></td><td>Unknown</td></tr></table></div></text><url value="http://www.roadsafetyph.doh.gov.ph/ValueSet/SILPH-Triage"/><version value="0.3.0"/><name value="SILPH___Triage__VS_"/><title value="SILPH - Triage (VS)"/><status value="draft"/><date value="2025-11-05T05:21:38+00:00"/><publisher value="UP Manila - National Institutes of Health - National Telehealth Center"/><contact><name value="UP Manila - National Institutes of Health - National Telehealth Center"/><telecom><system value="url"/><value value="https://github.com/UPM-NTHC/PH-RoadSafetyIG"/></telecom></contact><contact><name value="PH Road Safety IG Repository"/><telecom><system value="url"/><value value="https://github.com/UPM-NTHC/PH-RoadSafetyIG"/></telecom></contact><description value="SILPH Value Set for Triage at Scene"/><jurisdiction><coding><system value="urn:iso:std:iso:3166"/><code value="PH"/><display value="Philippines"/></coding></jurisdiction><compose><include><system value="http://loinc.org"/><concept><code value="LA17696-8"/><display value="Red"/></concept><concept><code value="LA17695-0"/><display value="Yellow"/></concept><concept><code value="LA17694-3"/><display value="Green"/></concept><concept><code value="LA17697-6"/><display value="Black"/></concept></include><include><system value="http://snomed.info/sct"/><concept><code value="261665006"/><display value="Unknown"/></concept></include></compose><expansion><identifier value="urn:uuid:cb924568-5b27-4e06-b732-b4c8c6ad7dc8"/><timestamp value="2025-10-29T23:49:33+00:00"/><total value="5"/><parameter><name value="used-codesystem"/><valueUri value="http://snomed.info/sct|http://snomed.info/sct/900000000000207008/version/20241001"/></parameter><parameter><name value="version"/><valueUri value="http://snomed.info/sct|http://snomed.info/sct/900000000000207008/version/20241001"/></parameter><parameter><name value="used-codesystem"/><valueUri value="http://loinc.org|2.78"/></parameter><parameter><name value="version"/><valueUri value="http://loinc.org|2.78"/></parameter><parameter><name value="warning-draft"/><valueUri value="http://www.roadsafetyph.doh.gov.ph/ValueSet/SILPH-Triage|1"/></parameter><contains><system value="http://loinc.org"/><version value="2.78"/><code value="LA17696-8"/><display value="Red"/></contains><contains><system value="http://loinc.org"/><version value="2.78"/><code value="LA17695-0"/><display value="Yellow"/></contains><contains><system value="http://loinc.org"/><version value="2.78"/><code value="LA17694-3"/><display value="Green"/></contains><contains><system value="http://loinc.org"/><version value="2.78"/><code value="LA17697-6"/><display value="Black"/></contains><contains><system value="http://snomed.info/sct"/><version value="http://snomed.info/sct/900000000000207008/version/20241001"/><code value="261665006"/><display value="Unknown"/></contains></expansion></ValueSet>