<?xml version="1.0" encoding="UTF-8"?><ValueSet xmlns="http://hl7.org/fhir"><id value="external-cause-vs"/><text><status value="generated"/><div xmlns="http://www.w3.org/1999/xhtml"><p class="res-header-id"><b>Generated Narrative: ValueSet external-cause-vs</b></p><a name="external-cause-vs"> </a><a name="hcexternal-cause-vs"> </a><ul><li>Include these codes as defined in <a href="http://www.snomed.org/"><code>http://snomed.info/sct</code></a> version <span title="Version is not explicity stated. No matching Code System found">Not Stated (use latest from terminology server)</span><table class="none"><tr><td style="white-space:nowrap"><b>Code</b></td><td><b>Display</b></td></tr><tr><td><a href="http://snomed.info/id/40947009">40947009</a></td><td>Drowning (event)</td></tr><tr><td><a href="http://snomed.info/id/88999006">88999006</a></td><td>Heat (physical force)</td></tr><tr><td><a href="http://snomed.info/id/80032004">80032004</a></td><td>Fire (physical force)</td></tr><tr><td><a href="http://snomed.info/id/18213006">18213006</a></td><td>Electricity (physical force)</td></tr><tr><td><a href="http://snomed.info/id/21847005">21847005</a></td><td>Oil (substance)</td></tr><tr><td><a href="http://snomed.info/id/263762005">263762005</a></td><td>Friction (physical force)</td></tr><tr><td><a href="http://snomed.info/id/1912002">1912002</a></td><td>Fall (event)</td></tr></table></li></ul></div></text><url value="https://build.fhir.org/ig/UPM-NTHC/PH-RoadSafetyIG/ValueSet/external-cause-vs"/><version value="0.1.0"/><name value="ExternalCauseVS"/><title value="External Cause ValueSet (example)"/><status value="draft"/><date value="2025-10-09T17:33:43+00:00"/><publisher value="UP Manila - National Institutes of Health - National Telehealth Center"/><contact><name value="UP Manila - National Institutes of Health - National Telehealth Center"/><telecom><system value="url"/><value value="https://github.com/UPM-NTHC/PH-RoadSafetyIG"/></telecom></contact><contact><name value="PH Road Safety IG Repository"/><telecom><system value="url"/><value value="https://github.com/UPM-NTHC/PH-RoadSafetyIG"/></telecom></contact><description value="Illustrative set of codes representing external causes of injury."/><jurisdiction><coding><system value="urn:iso:std:iso:3166"/><code value="PH"/><display value="Philippines"/></coding></jurisdiction><compose><include><system value="http://snomed.info/sct"/><concept><code value="40947009"/><display value="Drowning (event)"/></concept><concept><code value="88999006"/><display value="Heat (physical force)"/></concept><concept><code value="80032004"/><display value="Fire (physical force)"/></concept><concept><code value="18213006"/><display value="Electricity (physical force)"/></concept><concept><code value="21847005"/><display value="Oil (substance)"/></concept><concept><code value="263762005"/><display value="Friction (physical force)"/></concept><concept><code value="1912002"/><display value="Fall (event)"/></concept></include></compose></ValueSet>