<?xml version="1.0" encoding="UTF-8"?><ValueSet xmlns="http://hl7.org/fhir"><id value="SILPH-ModeofTransportVS"/><meta><versionId value="4"/><lastUpdated value="2025-10-30T00:34:05.224+00:00"/></meta><text><status value="generated"/><div xmlns="http://www.w3.org/1999/xhtml"><p class="res-header-id"><b>Generated Narrative: ValueSet SILPH-ModeofTransportVS</b></p><a name="SILPH-ModeofTransportVS"> </a><a name="hcSILPH-ModeofTransportVS"> </a><div style="display: inline-block; background-color: #d9e0e7; padding: 6px; margin: 4px; border: 1px solid #8da1b4; border-radius: 5px; line-height: 60%"><p style="margin-bottom: 0px">version: 4; Last updated: 2025-10-30 00:34:05+0000</p></div><div style="border: black 1px dotted; background-color: #EEEEEE; padding: 8px; margin-bottom: 8px"><p>Expansion based on:</p><ul><li>Loinc v2.78</li><li>SNOMED CT International edition 01-Oct 2024</li></ul></div><p>This value set contains 4 concepts</p><table class="codes"><tr><td><b>System</b></td><td><b>Version</b></td><td style="white-space:nowrap"><b>Code</b></td><td><b>Display</b></td></tr><tr><td><a name="SILPH-ModeofTransportVS-http://snomed.info/sct-49122002"> </a><code>http://snomed.info/sct</code></td><td>http://snomed.info/sct/900000000000207008/version/20241001</td><td style="white-space:nowrap">  <a href="http://snomed.info/sct/900000000000207008/id/49122002">49122002</a></td><td>Ambulance</td></tr><tr><td><a name="SILPH-ModeofTransportVS-http://snomed.info/sct-74964007"> </a><code>http://snomed.info/sct</code></td><td>http://snomed.info/sct/900000000000207008/version/20241001</td><td style="white-space:nowrap">  <a href="http://snomed.info/sct/900000000000207008/id/74964007">74964007</a></td><td>Others</td></tr><tr><td><a name="SILPH-ModeofTransportVS-http://loinc.org-LA9321-6"> </a><code>http://loinc.org</code></td><td>2.78</td><td style="white-space:nowrap">  <a href="https://loinc.org/LA9321-6/">LA9321-6</a></td><td>Police vehicle</td></tr><tr><td><a name="SILPH-ModeofTransportVS-http://loinc.org-LA9319-0"> </a><code>http://loinc.org</code></td><td>2.78</td><td style="white-space:nowrap">  <a href="https://loinc.org/LA9319-0/">LA9319-0</a></td><td>Private vehicle</td></tr></table></div></text><url value="http://www.roadsafetyph.doh.gov.ph/ValueSet/SILPH-ModeofTransport"/><version value="0.3.0"/><name value="SILPH___Mode_of_Transport__VS_"/><title value="SILPH - Mode of Transport (VS)"/><status value="draft"/><date value="2025-11-06T11:55:20+00:00"/><publisher value="UP Manila - National Institutes of Health - National Telehealth Center"/><contact><name value="UP Manila - National Institutes of Health - National Telehealth Center"/><telecom><system value="url"/><value value="https://github.com/UPM-NTHC/PH-RoadSafetyIG"/></telecom></contact><contact><name value="PH Road Safety IG Repository"/><telecom><system value="url"/><value value="https://github.com/UPM-NTHC/PH-RoadSafetyIG"/></telecom></contact><description value="SILPH Value Set for Mode of Transport of Patient to Healthcare Facility"/><jurisdiction><coding><system value="urn:iso:std:iso:3166"/><code value="PH"/><display value="Philippines"/></coding></jurisdiction><compose><include><system value="http://snomed.info/sct"/><concept><code value="49122002"/><display value="Ambulance"/></concept><concept><code value="74964007"/><display value="Others"/></concept></include><include><system value="http://loinc.org"/><concept><code value="LA9321-6"/><display value="Police vehicle"/></concept><concept><code value="LA9319-0"/><display value="Private vehicle"/></concept></include></compose><expansion><identifier value="urn:uuid:5ca91754-ed69-430f-95c0-b9eb36b1b8b1"/><timestamp value="2025-10-29T23:49:32+00:00"/><total value="4"/><parameter><name value="used-codesystem"/><valueUri value="http://snomed.info/sct|http://snomed.info/sct/900000000000207008/version/20241001"/></parameter><parameter><name value="version"/><valueUri value="http://snomed.info/sct|http://snomed.info/sct/900000000000207008/version/20241001"/></parameter><parameter><name value="used-codesystem"/><valueUri value="http://loinc.org|2.78"/></parameter><parameter><name value="version"/><valueUri value="http://loinc.org|2.78"/></parameter><parameter><name value="warning-draft"/><valueUri value="http://www.roadsafetyph.doh.gov.ph/ValueSet/SILPH-ModeofTransport|1"/></parameter><contains><system value="http://snomed.info/sct"/><version value="http://snomed.info/sct/900000000000207008/version/20241001"/><code value="49122002"/><display value="Ambulance"/></contains><contains><system value="http://snomed.info/sct"/><version value="http://snomed.info/sct/900000000000207008/version/20241001"/><code value="74964007"/><display value="Others"/></contains><contains><system value="http://loinc.org"/><version value="2.78"/><code value="LA9321-6"/><display value="Police vehicle"/></contains><contains><system value="http://loinc.org"/><version value="2.78"/><code value="LA9319-0"/><display value="Private vehicle"/></contains></expansion></ValueSet>