<?xml version="1.0" encoding="UTF-8"?><ValueSet xmlns="http://hl7.org/fhir"><id value="SILPH-SafetyDevicesVS"/><meta><versionId value="3"/><lastUpdated value="2025-10-30T00:34:07.317+00:00"/></meta><text><status value="generated"/><div xmlns="http://www.w3.org/1999/xhtml"><p class="res-header-id"><b>Generated Narrative: ValueSet SILPH-SafetyDevicesVS</b></p><a name="SILPH-SafetyDevicesVS"> </a><a name="hcSILPH-SafetyDevicesVS"> </a><div style="display: inline-block; background-color: #d9e0e7; padding: 6px; margin: 4px; border: 1px solid #8da1b4; border-radius: 5px; line-height: 60%"><p style="margin-bottom: 0px">version: 3; Last updated: 2025-10-30 00:34:07+0000</p></div><div style="border: black 1px dotted; background-color: #EEEEEE; padding: 8px; margin-bottom: 8px"><p>Expansion based on:</p><ul><li>Loinc v2.78</li><li>SNOMED CT International edition 01-Oct 2024</li></ul></div><p>This value set contains 8 concepts</p><table class="codes"><tr><td><b>System</b></td><td><b>Version</b></td><td style="white-space:nowrap"><b>Code</b></td><td><b>Display</b></td></tr><tr><td><a name="SILPH-SafetyDevicesVS-http://snomed.info/sct-260413007"> </a><code>http://snomed.info/sct</code></td><td>http://snomed.info/sct/900000000000207008/version/20241001</td><td style="white-space:nowrap">  <a href="http://snomed.info/sct/900000000000207008/id/260413007">260413007</a></td><td>None</td></tr><tr><td><a name="SILPH-SafetyDevicesVS-http://snomed.info/sct-427850003"> </a><code>http://snomed.info/sct</code></td><td>http://snomed.info/sct/900000000000207008/version/20241001</td><td style="white-space:nowrap">  <a href="http://snomed.info/sct/900000000000207008/id/427850003">427850003</a></td><td>Life vest/Lifejacket/Floatation device (for drowning)</td></tr><tr><td><a name="SILPH-SafetyDevicesVS-http://snomed.info/sct-102384007"> </a><code>http://snomed.info/sct</code></td><td>http://snomed.info/sct/900000000000207008/version/20241001</td><td style="white-space:nowrap">  <a href="http://snomed.info/sct/900000000000207008/id/102384007">102384007</a></td><td>Airbag</td></tr><tr><td><a name="SILPH-SafetyDevicesVS-http://snomed.info/sct-60054005"> </a><code>http://snomed.info/sct</code></td><td>http://snomed.info/sct/900000000000207008/version/20241001</td><td style="white-space:nowrap">  <a href="http://snomed.info/sct/900000000000207008/id/60054005">60054005</a></td><td>Seatbelt</td></tr><tr><td><a name="SILPH-SafetyDevicesVS-http://snomed.info/sct-285695004"> </a><code>http://snomed.info/sct</code></td><td>http://snomed.info/sct/900000000000207008/version/20241001</td><td style="white-space:nowrap">  <a href="http://snomed.info/sct/900000000000207008/id/285695004">285695004</a></td><td>Helmet</td></tr><tr><td><a name="SILPH-SafetyDevicesVS-http://snomed.info/sct-74964007"> </a><code>http://snomed.info/sct</code></td><td>http://snomed.info/sct/900000000000207008/version/20241001</td><td style="white-space:nowrap">  <a href="http://snomed.info/sct/900000000000207008/id/74964007">74964007</a></td><td>Others</td></tr><tr><td><a name="SILPH-SafetyDevicesVS-http://snomed.info/sct-261665006"> </a><code>http://snomed.info/sct</code></td><td>http://snomed.info/sct/900000000000207008/version/20241001</td><td style="white-space:nowrap">  <a href="http://snomed.info/sct/900000000000207008/id/261665006">261665006</a></td><td>Unknown</td></tr><tr><td><a name="SILPH-SafetyDevicesVS-http://loinc.org-LA9389-3"> </a><code>http://loinc.org</code></td><td>2.78</td><td style="white-space:nowrap">  <a href="https://loinc.org/LA9389-3/">LA9389-3</a></td><td>Childseat</td></tr></table></div></text><url value="http://www.roadsafetyph.doh.gov.ph/ValueSet/SILPH-SafetyDevices"/><version value="0.3.0"/><name value="SILPH___Safety_Devices__VS_"/><title value="SILPH - Safety Devices (VS)"/><status value="draft"/><date value="2025-11-13T05:16:01+00:00"/><publisher value="UP Manila - National Institutes of Health - National Telehealth Center"/><contact><name value="UP Manila - National Institutes of Health - National Telehealth Center"/><telecom><system value="url"/><value value="https://github.com/UPM-NTHC/PH-RoadSafetyIG"/></telecom></contact><contact><name value="PH Road Safety IG Repository"/><telecom><system value="url"/><value value="https://github.com/UPM-NTHC/PH-RoadSafetyIG"/></telecom></contact><description value="SILPH Value Set for Safety Devices"/><jurisdiction><coding><system value="urn:iso:std:iso:3166"/><code value="PH"/><display value="Philippines"/></coding></jurisdiction><compose><include><system value="http://snomed.info/sct"/><concept><code value="260413007"/><display value="None"/></concept><concept><code value="427850003"/><display value="Life vest/Lifejacket/Floatation device (for drowning)"/></concept><concept><code value="102384007"/><display value="Airbag"/></concept><concept><code value="60054005"/><display value="Seatbelt"/></concept><concept><code value="285695004"/><display value="Helmet"/></concept><concept><code value="74964007"/><display value="Others"/></concept><concept><code value="261665006"/><display value="Unknown"/></concept></include><include><system value="http://loinc.org"/><concept><code value="LA9389-3"/><display value="Childseat"/></concept></include></compose><expansion><identifier value="urn:uuid:b08f04a1-0646-42ab-b290-3b011b95f091"/><timestamp value="2025-10-29T23:49:31+00:00"/><total value="8"/><parameter><name value="used-codesystem"/><valueUri value="http://snomed.info/sct|http://snomed.info/sct/900000000000207008/version/20241001"/></parameter><parameter><name value="version"/><valueUri value="http://snomed.info/sct|http://snomed.info/sct/900000000000207008/version/20241001"/></parameter><parameter><name value="used-codesystem"/><valueUri value="http://loinc.org|2.78"/></parameter><parameter><name value="version"/><valueUri value="http://loinc.org|2.78"/></parameter><parameter><name value="warning-draft"/><valueUri value="http://www.roadsafetyph.doh.gov.ph/ValueSet/SILPH-SafetyDevices|1"/></parameter><contains><system value="http://snomed.info/sct"/><version value="http://snomed.info/sct/900000000000207008/version/20241001"/><code value="260413007"/><display value="None"/></contains><contains><system value="http://snomed.info/sct"/><version value="http://snomed.info/sct/900000000000207008/version/20241001"/><code value="427850003"/><display value="Life vest/Lifejacket/Floatation device (for drowning)"/></contains><contains><system value="http://snomed.info/sct"/><version value="http://snomed.info/sct/900000000000207008/version/20241001"/><code value="102384007"/><display value="Airbag"/></contains><contains><system value="http://snomed.info/sct"/><version value="http://snomed.info/sct/900000000000207008/version/20241001"/><code value="60054005"/><display value="Seatbelt"/></contains><contains><system value="http://snomed.info/sct"/><version value="http://snomed.info/sct/900000000000207008/version/20241001"/><code value="285695004"/><display value="Helmet"/></contains><contains><system value="http://snomed.info/sct"/><version value="http://snomed.info/sct/900000000000207008/version/20241001"/><code value="74964007"/><display value="Others"/></contains><contains><system value="http://snomed.info/sct"/><version value="http://snomed.info/sct/900000000000207008/version/20241001"/><code value="261665006"/><display value="Unknown"/></contains><contains><system value="http://loinc.org"/><version value="2.78"/><code value="LA9389-3"/><display value="Childseat"/></contains></expansion></ValueSet>