<?xml version="1.0" encoding="UTF-8"?><ValueSet xmlns="http://hl7.org/fhir"><id value="SILPH-GCSMotorVS"/><meta><versionId value="5"/><lastUpdated value="2025-10-30T00:34:01.792+00:00"/></meta><text><status value="generated"/><div xmlns="http://www.w3.org/1999/xhtml"><p class="res-header-id"><b>Generated Narrative: ValueSet SILPH-GCSMotorVS</b></p><a name="SILPH-GCSMotorVS"> </a><a name="hcSILPH-GCSMotorVS"> </a><div style="display: inline-block; background-color: #d9e0e7; padding: 6px; margin: 4px; border: 1px solid #8da1b4; border-radius: 5px; line-height: 60%"><p style="margin-bottom: 0px">version: 5; Last updated: 2025-10-30 00:34:01+0000</p></div><p style="border: black 1px dotted; background-color: #EEEEEE; padding: 8px; margin-bottom: 8px">Expansion based on Loinc v2.78</p><p>This value set contains 6 concepts</p><table class="codes"><tr><td><b>System</b></td><td style="white-space:nowrap"><b>Code</b></td><td><b>Display</b></td></tr><tr><td><a name="SILPH-GCSMotorVS-http://loinc.org-LA6567-7"> </a><code>http://loinc.org</code></td><td style="white-space:nowrap">  <a href="https://loinc.org/LA6567-7/">LA6567-7</a></td><td>6 To command</td></tr><tr><td><a name="SILPH-GCSMotorVS-http://loinc.org-LA6566-9"> </a><code>http://loinc.org</code></td><td style="white-space:nowrap">  <a href="https://loinc.org/LA6566-9/">LA6566-9</a></td><td>5 Localizes pain</td></tr><tr><td><a name="SILPH-GCSMotorVS-http://loinc.org-LA6565-1"> </a><code>http://loinc.org</code></td><td style="white-space:nowrap">  <a href="https://loinc.org/LA6565-1/">LA6565-1</a></td><td>4 Withdraws from pain</td></tr><tr><td><a name="SILPH-GCSMotorVS-http://loinc.org-LA6564-4"> </a><code>http://loinc.org</code></td><td style="white-space:nowrap">  <a href="https://loinc.org/LA6564-4/">LA6564-4</a></td><td>3 Abnormal flexion</td></tr><tr><td><a name="SILPH-GCSMotorVS-http://loinc.org-LA6563-6"> </a><code>http://loinc.org</code></td><td style="white-space:nowrap">  <a href="https://loinc.org/LA6563-6/">LA6563-6</a></td><td>2 Abnormal extension</td></tr><tr><td><a name="SILPH-GCSMotorVS-http://loinc.org-LA6562-8"> </a><code>http://loinc.org</code></td><td style="white-space:nowrap">  <a href="https://loinc.org/LA6562-8/">LA6562-8</a></td><td>1 None</td></tr></table></div></text><url value="http://www.roadsafetyph.doh.gov.ph/ValueSet/SILPH-GCS-Motor"/><version value="0.2.0"/><name value="SILPH___GCS___Motor__VS_"/><title value="SILPH - GCS - Motor (VS)"/><status value="draft"/><date value="2025-11-01T02:32:07+00:00"/><publisher value="UP Manila - National Institutes of Health - National Telehealth Center"/><contact><name value="UP Manila - National Institutes of Health - National Telehealth Center"/><telecom><system value="url"/><value value="https://github.com/UPM-NTHC/PH-RoadSafetyIG"/></telecom></contact><contact><name value="PH Road Safety IG Repository"/><telecom><system value="url"/><value value="https://github.com/UPM-NTHC/PH-RoadSafetyIG"/></telecom></contact><description value="SILPH Value Set for GCS Motor Score"/><jurisdiction><coding><system value="urn:iso:std:iso:3166"/><code value="PH"/><display value="Philippines"/></coding></jurisdiction><compose><include><system value="http://loinc.org"/><concept><code value="LA6567-7"/><display value="6 To command"/></concept><concept><code value="LA6566-9"/><display value="5 Localizes pain"/></concept><concept><code value="LA6565-1"/><display value="4 Withdraws from pain"/></concept><concept><code value="LA6564-4"/><display value="3 Abnormal flexion"/></concept><concept><code value="LA6563-6"/><display value="2 Abnormal extension"/></concept><concept><code value="LA6562-8"/><display value="1 None"/></concept></include></compose><expansion><identifier value="urn:uuid:c7439f17-b180-4823-862e-0819941b3658"/><timestamp value="2025-10-29T23:49:38+00:00"/><total value="6"/><parameter><name value="used-codesystem"/><valueUri value="http://loinc.org|2.78"/></parameter><parameter><name value="version"/><valueUri value="http://loinc.org|2.78"/></parameter><parameter><name value="warning-draft"/><valueUri value="http://www.roadsafetyph.doh.gov.ph/ValueSet/SILPH-GCS-Motor|0.1.1"/></parameter><contains><system value="http://loinc.org"/><code value="LA6567-7"/><display value="6 To command"/></contains><contains><system value="http://loinc.org"/><code value="LA6566-9"/><display value="5 Localizes pain"/></contains><contains><system value="http://loinc.org"/><code value="LA6565-1"/><display value="4 Withdraws from pain"/></contains><contains><system value="http://loinc.org"/><code value="LA6564-4"/><display value="3 Abnormal flexion"/></contains><contains><system value="http://loinc.org"/><code value="LA6563-6"/><display value="2 Abnormal extension"/></contains><contains><system value="http://loinc.org"/><code value="LA6562-8"/><display value="1 None"/></contains></expansion></ValueSet>