<?xml version="1.0" encoding="UTF-8"?><ValueSet xmlns="http://hl7.org/fhir"><id value="SILPH-ExternalCauseofBurnsVS"/><meta><versionId value="4"/><lastUpdated value="2025-10-30T00:34:01.155+00:00"/></meta><text><status value="generated"/><div xmlns="http://www.w3.org/1999/xhtml"><p class="res-header-id"><b>Generated Narrative: ValueSet SILPH-ExternalCauseofBurnsVS</b></p><a name="SILPH-ExternalCauseofBurnsVS"> </a><a name="hcSILPH-ExternalCauseofBurnsVS"> </a><div style="display: inline-block; background-color: #d9e0e7; padding: 6px; margin: 4px; border: 1px solid #8da1b4; border-radius: 5px; line-height: 60%"><p style="margin-bottom: 0px">version: 4; Last updated: 2025-10-30 00:34:01+0000</p></div><p style="border: black 1px dotted; background-color: #EEEEEE; padding: 8px; margin-bottom: 8px">Expansion based on SNOMED CT International edition 01-Oct 2024</p><p>This value set contains 6 concepts</p><table class="codes"><tr><td><b>System</b></td><td style="white-space:nowrap"><b>Code</b></td><td><b>Display</b></td></tr><tr><td><a name="SILPH-ExternalCauseofBurnsVS-http://snomed.info/sct-88999006"> </a><code>http://snomed.info/sct</code></td><td style="white-space:nowrap">  <a href="http://snomed.info/id/88999006">88999006</a></td><td>Heat</td></tr><tr><td><a name="SILPH-ExternalCauseofBurnsVS-http://snomed.info/sct-80032004"> </a><code>http://snomed.info/sct</code></td><td style="white-space:nowrap">  <a href="http://snomed.info/id/80032004">80032004</a></td><td>Fire</td></tr><tr><td><a name="SILPH-ExternalCauseofBurnsVS-http://snomed.info/sct-18213006"> </a><code>http://snomed.info/sct</code></td><td style="white-space:nowrap">  <a href="http://snomed.info/id/18213006">18213006</a></td><td>Electricity</td></tr><tr><td><a name="SILPH-ExternalCauseofBurnsVS-http://snomed.info/sct-21847005"> </a><code>http://snomed.info/sct</code></td><td style="white-space:nowrap">  <a href="http://snomed.info/id/21847005">21847005</a></td><td>Oil</td></tr><tr><td><a name="SILPH-ExternalCauseofBurnsVS-http://snomed.info/sct-263762005"> </a><code>http://snomed.info/sct</code></td><td style="white-space:nowrap">  <a href="http://snomed.info/id/263762005">263762005</a></td><td>Friction</td></tr><tr><td><a name="SILPH-ExternalCauseofBurnsVS-http://snomed.info/sct-74964007"> </a><code>http://snomed.info/sct</code></td><td style="white-space:nowrap">  <a href="http://snomed.info/id/74964007">74964007</a></td><td>Others</td></tr></table></div></text><url value="http://www.roadsafetyph.doh.gov.ph/ValueSet/SILPH-ExternalCauseofBurns"/><version value="0.3.0"/><name value="SILPH___External_Cause_of_Burns__VS_"/><title value="SILPH - External Cause of Burns (VS)"/><status value="draft"/><date value="2025-11-13T05:16:01+00:00"/><publisher value="UP Manila - National Institutes of Health - National Telehealth Center"/><contact><name value="UP Manila - National Institutes of Health - National Telehealth Center"/><telecom><system value="url"/><value value="https://github.com/UPM-NTHC/PH-RoadSafetyIG"/></telecom></contact><contact><name value="PH Road Safety IG Repository"/><telecom><system value="url"/><value value="https://github.com/UPM-NTHC/PH-RoadSafetyIG"/></telecom></contact><description value="SILPH Value Set for External Cause of Burns"/><jurisdiction><coding><system value="urn:iso:std:iso:3166"/><code value="PH"/><display value="Philippines"/></coding></jurisdiction><compose><include><system value="http://snomed.info/sct"/><concept><code value="88999006"/><display value="Heat"/></concept><concept><code value="80032004"/><display value="Fire"/></concept><concept><code value="18213006"/><display value="Electricity"/></concept><concept><code value="21847005"/><display value="Oil"/></concept><concept><code value="263762005"/><display value="Friction"/></concept><concept><code value="74964007"/><display value="Others"/></concept></include></compose><expansion><identifier value="urn:uuid:a2ab2dd4-0213-4f31-8e3a-34fd18cab0d9"/><timestamp value="2025-10-29T23:49:28+00:00"/><total value="6"/><parameter><name value="used-codesystem"/><valueUri value="http://snomed.info/sct|http://snomed.info/sct/900000000000207008/version/20241001"/></parameter><parameter><name value="version"/><valueUri value="http://snomed.info/sct|http://snomed.info/sct/900000000000207008/version/20241001"/></parameter><parameter><name value="warning-draft"/><valueUri value="http://www.roadsafetyph.doh.gov.ph/ValueSet/SILPH-ExternalCauseofBurns|1"/></parameter><contains><system value="http://snomed.info/sct"/><code value="88999006"/><display value="Heat"/></contains><contains><system value="http://snomed.info/sct"/><code value="80032004"/><display value="Fire"/></contains><contains><system value="http://snomed.info/sct"/><code value="18213006"/><display value="Electricity"/></contains><contains><system value="http://snomed.info/sct"/><code value="21847005"/><display value="Oil"/></contains><contains><system value="http://snomed.info/sct"/><code value="263762005"/><display value="Friction"/></contains><contains><system value="http://snomed.info/sct"/><code value="74964007"/><display value="Others"/></contains></expansion></ValueSet>