<?xml version="1.0" encoding="UTF-8"?><ValueSet xmlns="http://hl7.org/fhir"><id value="SILPH-RiskFactorsVS"/><meta><versionId value="3"/><lastUpdated value="2025-10-30T00:34:07.149+00:00"/></meta><text><status value="generated"/><div xmlns="http://www.w3.org/1999/xhtml"><p class="res-header-id"><b>Generated Narrative: ValueSet SILPH-RiskFactorsVS</b></p><a name="SILPH-RiskFactorsVS"> </a><a name="hcSILPH-RiskFactorsVS"> </a><div style="display: inline-block; background-color: #d9e0e7; padding: 6px; margin: 4px; border: 1px solid #8da1b4; border-radius: 5px; line-height: 60%"><p style="margin-bottom: 0px">version: 3; Last updated: 2025-10-30 00:34:07+0000</p></div><p style="border: black 1px dotted; background-color: #EEEEEE; padding: 8px; margin-bottom: 8px">Expansion based on SNOMED CT International edition 01-Oct 2024</p><p>This value set contains 5 concepts</p><table class="codes"><tr><td><b>System</b></td><td style="white-space:nowrap"><b>Code</b></td><td><b>Display</b></td></tr><tr><td><a name="SILPH-RiskFactorsVS-http://snomed.info/sct-704197006"> </a><code>http://snomed.info/sct</code></td><td style="white-space:nowrap">  <a href="http://snomed.info/id/704197006">704197006</a></td><td>Alcohol/liquor</td></tr><tr><td><a name="SILPH-RiskFactorsVS-http://snomed.info/sct-719363002"> </a><code>http://snomed.info/sct</code></td><td style="white-space:nowrap">  <a href="http://snomed.info/id/719363002">719363002</a></td><td>Using mobile phone</td></tr><tr><td><a name="SILPH-RiskFactorsVS-http://snomed.info/sct-271782001"> </a><code>http://snomed.info/sct</code></td><td style="white-space:nowrap">  <a href="http://snomed.info/id/271782001">271782001</a></td><td>Sleepy</td></tr><tr><td><a name="SILPH-RiskFactorsVS-http://snomed.info/sct-365982000"> </a><code>http://snomed.info/sct</code></td><td style="white-space:nowrap">  <a href="http://snomed.info/id/365982000">365982000</a></td><td>Smoking</td></tr><tr><td><a name="SILPH-RiskFactorsVS-http://snomed.info/sct-74964007"> </a><code>http://snomed.info/sct</code></td><td style="white-space:nowrap">  <a href="http://snomed.info/id/74964007">74964007</a></td><td>Others</td></tr></table></div></text><url value="http://www.roadsafetyph.doh.gov.ph/ValueSet/SILPH-RiskFactors"/><version value="0.3.0"/><name value="SILPH___Risk_Factors__VS_"/><title value="SILPH - Risk Factors (VS)"/><status value="draft"/><date value="2025-11-13T05:16:01+00:00"/><publisher value="UP Manila - National Institutes of Health - National Telehealth Center"/><contact><name value="UP Manila - National Institutes of Health - National Telehealth Center"/><telecom><system value="url"/><value value="https://github.com/UPM-NTHC/PH-RoadSafetyIG"/></telecom></contact><contact><name value="PH Road Safety IG Repository"/><telecom><system value="url"/><value value="https://github.com/UPM-NTHC/PH-RoadSafetyIG"/></telecom></contact><description value="SILPH Value Set for Risk Factors"/><jurisdiction><coding><system value="urn:iso:std:iso:3166"/><code value="PH"/><display value="Philippines"/></coding></jurisdiction><compose><include><system value="http://snomed.info/sct"/><concept><code value="704197006"/><display value="Alcohol/liquor"/></concept><concept><code value="719363002"/><display value="Using mobile phone"/></concept><concept><code value="271782001"/><display value="Sleepy"/></concept><concept><code value="365982000"/><display value="Smoking"/></concept><concept><code value="74964007"/><display value="Others"/></concept></include></compose><expansion><identifier value="urn:uuid:55cce5c5-df91-4e6d-bfb8-d773d82c7331"/><timestamp value="2025-10-29T23:49:31+00:00"/><total value="5"/><parameter><name value="used-codesystem"/><valueUri value="http://snomed.info/sct|http://snomed.info/sct/900000000000207008/version/20241001"/></parameter><parameter><name value="version"/><valueUri value="http://snomed.info/sct|http://snomed.info/sct/900000000000207008/version/20241001"/></parameter><parameter><name value="warning-draft"/><valueUri value="http://www.roadsafetyph.doh.gov.ph/ValueSet/SILPH-RiskFactors|1"/></parameter><contains><system value="http://snomed.info/sct"/><code value="704197006"/><display value="Alcohol/liquor"/></contains><contains><system value="http://snomed.info/sct"/><code value="719363002"/><display value="Using mobile phone"/></contains><contains><system value="http://snomed.info/sct"/><code value="271782001"/><display value="Sleepy"/></contains><contains><system value="http://snomed.info/sct"/><code value="365982000"/><display value="Smoking"/></contains><contains><system value="http://snomed.info/sct"/><code value="74964007"/><display value="Others"/></contains></expansion></ValueSet>