<?xml version="1.0" encoding="UTF-8"?><ValueSet xmlns="http://hl7.org/fhir"><id value="RS-PulseQuality-VS"/><text><status value="generated"/><div xmlns="http://www.w3.org/1999/xhtml"><p class="res-header-id"><b>Generated Narrative: ValueSet RS-PulseQuality-VS</b></p><a name="RS-PulseQuality-VS"> </a><a name="hcRS-PulseQuality-VS"> </a><ul><li>Include these codes as defined in <a href="http://www.snomed.org/"><code>http://snomed.info/sct</code></a> version <span title="Version is not explicity stated. No matching Code System found">Not Stated (use latest from terminology server)</span><table class="none"><tr><td style="white-space:nowrap"><b>Code</b></td><td><b>Display</b></td></tr><tr><td><a href="http://snomed.info/id/12146004">12146004</a></td><td>Normal pulse (finding)</td></tr><tr><td><a href="http://snomed.info/id/64661000">64661000</a></td><td>Thready pulse (finding)</td></tr><tr><td><a href="http://snomed.info/id/271640005">271640005</a></td><td>Bounding pulse (finding)</td></tr></table></li></ul></div></text><url value="http://hl7.org/fhir/ValueSet/PH-RoadSafety-PulseQuality"/><version value="0.1.0"/><name value="RSPulseQualityVS"/><title value="RS Pulse Quality"/><status value="draft"/><date value="2025-10-09T18:52:26+00:00"/><publisher value="UP Manila - National Institutes of Health - National Telehealth Center"/><contact><name value="UP Manila - National Institutes of Health - National Telehealth Center"/><telecom><system value="url"/><value value="https://github.com/UPM-NTHC/PH-RoadSafetyIG"/></telecom></contact><contact><name value="PH Road Safety IG Repository"/><telecom><system value="url"/><value value="https://github.com/UPM-NTHC/PH-RoadSafetyIG"/></telecom></contact><description value="Pulse quality using SNOMED CT."/><jurisdiction><coding><system value="urn:iso:std:iso:3166"/><code value="PH"/><display value="Philippines"/></coding></jurisdiction><compose><include><system value="http://snomed.info/sct"/><concept><code value="12146004"/><display value="Normal pulse (finding)"/></concept><concept><code value="64661000"/><display value="Thready pulse (finding)"/></concept><concept><code value="271640005"/><display value="Bounding pulse (finding)"/></concept></include></compose></ValueSet>