<?xml version="1.0" encoding="UTF-8"?><ValueSet xmlns="http://hl7.org/fhir"><id value="SILPH-GCSEyesVS"/><meta><versionId value="4"/><lastUpdated value="2025-10-30T00:34:01.631+00:00"/></meta><text><status value="generated"/><div xmlns="http://www.w3.org/1999/xhtml"><p class="res-header-id"><b>Generated Narrative: ValueSet SILPH-GCSEyesVS</b></p><a name="SILPH-GCSEyesVS"> </a><a name="hcSILPH-GCSEyesVS"> </a><div style="display: inline-block; background-color: #d9e0e7; padding: 6px; margin: 4px; border: 1px solid #8da1b4; border-radius: 5px; line-height: 60%"><p style="margin-bottom: 0px">version: 4; Last updated: 2025-10-30 00:34:01+0000</p></div><p style="border: black 1px dotted; background-color: #EEEEEE; padding: 8px; margin-bottom: 8px">Expansion based on Loinc v2.78</p><p>This value set contains 4 concepts</p><table class="codes"><tr><td><b>System</b></td><td style="white-space:nowrap"><b>Code</b></td><td><b>Display</b></td></tr><tr><td><a name="SILPH-GCSEyesVS-http://loinc.org-LA6556-0"> </a><code>http://loinc.org</code></td><td style="white-space:nowrap">  <a href="https://loinc.org/LA6556-0/">LA6556-0</a></td><td>4 Spontaneous</td></tr><tr><td><a name="SILPH-GCSEyesVS-http://loinc.org-LA6555-2"> </a><code>http://loinc.org</code></td><td style="white-space:nowrap">  <a href="https://loinc.org/LA6555-2/">LA6555-2</a></td><td>3 To command</td></tr><tr><td><a name="SILPH-GCSEyesVS-http://loinc.org-LA6554-5"> </a><code>http://loinc.org</code></td><td style="white-space:nowrap">  <a href="https://loinc.org/LA6554-5/">LA6554-5</a></td><td>2 To pain</td></tr><tr><td><a name="SILPH-GCSEyesVS-http://loinc.org-LA6553-7"> </a><code>http://loinc.org</code></td><td style="white-space:nowrap">  <a href="https://loinc.org/LA6553-7/">LA6553-7</a></td><td>1 None</td></tr></table></div></text><url value="http://www.roadsafetyph.doh.gov.ph/ValueSet/SILPH-GCS-Eyes"/><version value="0.3.0"/><name value="SILPH___GCS___Eyes__VS_"/><title value="SILPH - GCS - Eyes (VS)"/><status value="draft"/><date value="2025-11-05T05:21:38+00:00"/><publisher value="UP Manila - National Institutes of Health - National Telehealth Center"/><contact><name value="UP Manila - National Institutes of Health - National Telehealth Center"/><telecom><system value="url"/><value value="https://github.com/UPM-NTHC/PH-RoadSafetyIG"/></telecom></contact><contact><name value="PH Road Safety IG Repository"/><telecom><system value="url"/><value value="https://github.com/UPM-NTHC/PH-RoadSafetyIG"/></telecom></contact><description value="SILPH Value Set for GCS Eye Score"/><jurisdiction><coding><system value="urn:iso:std:iso:3166"/><code value="PH"/><display value="Philippines"/></coding></jurisdiction><compose><include><system value="http://loinc.org"/><concept><code value="LA6556-0"/><display value="4 Spontaneous"/></concept><concept><code value="LA6555-2"/><display value="3 To command"/></concept><concept><code value="LA6554-5"/><display value="2 To pain"/></concept><concept><code value="LA6553-7"/><display value="1 None"/></concept></include></compose><expansion><identifier value="urn:uuid:03d536d9-ef4e-43a2-abe6-465dd182844c"/><timestamp value="2025-10-29T23:49:29+00:00"/><total value="4"/><parameter><name value="used-codesystem"/><valueUri value="http://loinc.org|2.78"/></parameter><parameter><name value="version"/><valueUri value="http://loinc.org|2.78"/></parameter><parameter><name value="warning-draft"/><valueUri value="http://www.roadsafetyph.doh.gov.ph/ValueSet/SILPH-GCS-Eyes|1"/></parameter><contains><system value="http://loinc.org"/><code value="LA6556-0"/><display value="4 Spontaneous"/></contains><contains><system value="http://loinc.org"/><code value="LA6555-2"/><display value="3 To command"/></contains><contains><system value="http://loinc.org"/><code value="LA6554-5"/><display value="2 To pain"/></contains><contains><system value="http://loinc.org"/><code value="LA6553-7"/><display value="1 None"/></contains></expansion></ValueSet>