<?xml version="1.0" encoding="UTF-8"?><ValueSet xmlns="http://hl7.org/fhir"><id value="SILPH-RR-BreathSoundsVS"/><meta><versionId value="6"/><lastUpdated value="2025-10-30T00:34:06.820+00:00"/></meta><text><status value="generated"/><div xmlns="http://www.w3.org/1999/xhtml"><p class="res-header-id"><b>Generated Narrative: ValueSet SILPH-RR-BreathSoundsVS</b></p><a name="SILPH-RR-BreathSoundsVS"> </a><a name="hcSILPH-RR-BreathSoundsVS"> </a><div style="display: inline-block; background-color: #d9e0e7; padding: 6px; margin: 4px; border: 1px solid #8da1b4; border-radius: 5px; line-height: 60%"><p style="margin-bottom: 0px">version: 6; Last updated: 2025-10-30 00:34:06+0000</p></div><p style="border: black 1px dotted; background-color: #EEEEEE; padding: 8px; margin-bottom: 8px">Expansion based on SNOMED CT International edition 01-Oct 2024</p><p>This value set contains 2 concepts</p><table class="codes"><tr><td><b>System</b></td><td style="white-space:nowrap"><b>Code</b></td><td><b>Display</b></td></tr><tr><td><a name="SILPH-RR-BreathSoundsVS-http://snomed.info/sct-301708006"> </a><code>http://snomed.info/sct</code></td><td style="white-space:nowrap">  <a href="http://snomed.info/id/301708006">301708006</a></td><td>Clear</td></tr><tr><td><a name="SILPH-RR-BreathSoundsVS-http://snomed.info/sct-56018004"> </a><code>http://snomed.info/sct</code></td><td style="white-space:nowrap">  <a href="http://snomed.info/id/56018004">56018004</a></td><td>Wheeze</td></tr></table></div></text><url value="http://www.roadsafetyph.doh.gov.ph/ValueSet/SILPH-RR-BreathSounds"/><version value="0.3.0"/><name value="SILPH___RR___Breath_Sounds__VS_"/><title value="SILPH - RR - Breath Sounds (VS)"/><status value="draft"/><date value="2025-11-09T12:30:11+00:00"/><publisher value="UP Manila - National Institutes of Health - National Telehealth Center"/><contact><name value="UP Manila - National Institutes of Health - National Telehealth Center"/><telecom><system value="url"/><value value="https://github.com/UPM-NTHC/PH-RoadSafetyIG"/></telecom></contact><contact><name value="PH Road Safety IG Repository"/><telecom><system value="url"/><value value="https://github.com/UPM-NTHC/PH-RoadSafetyIG"/></telecom></contact><description value="SILPH Value Set for Breath Sounds"/><jurisdiction><coding><system value="urn:iso:std:iso:3166"/><code value="PH"/><display value="Philippines"/></coding></jurisdiction><compose><include><system value="http://snomed.info/sct"/><concept><code value="301708006"/><display value="Clear"/></concept><concept><code value="56018004"/><display value="Wheeze"/></concept></include></compose><expansion><identifier value="urn:uuid:14ff9d5d-4542-4fc7-bb01-d6256dfd88c2"/><timestamp value="2025-10-29T23:49:27+00:00"/><total value="2"/><parameter><name value="used-codesystem"/><valueUri value="http://snomed.info/sct|http://snomed.info/sct/900000000000207008/version/20241001"/></parameter><parameter><name value="version"/><valueUri value="http://snomed.info/sct|http://snomed.info/sct/900000000000207008/version/20241001"/></parameter><parameter><name value="warning-draft"/><valueUri value="http://www.roadsafetyph.doh.gov.ph/ValueSet/SILPH-RR-BreathSounds|1"/></parameter><contains><system value="http://snomed.info/sct"/><code value="301708006"/><display value="Clear"/></contains><contains><system value="http://snomed.info/sct"/><code value="56018004"/><display value="Wheeze"/></contains></expansion></ValueSet>