<?xml version="1.0" encoding="UTF-8"?>

<CodeSystem xmlns="http://hl7.org/fhir">
  <id value="mode-of-transport-cs"/>
  <text>
    <status value="generated"/><div xmlns="http://www.w3.org/1999/xhtml"><p class="res-header-id"><b>Generated Narrative: CodeSystem mode-of-transport-cs</b></p><a name="mode-of-transport-cs"> </a><a name="hcmode-of-transport-cs"> </a><p>This  code system <code>https://build.fhir.org/ig/UPM-NTHC/PH-RoadSafetyIG/CodeSystem/mode-of-transport-cs</code> defines the following codes:</p><table class="codes"><tr><td style="white-space:nowrap"><b>Code</b></td><td><b>Display</b></td></tr><tr><td style="white-space:nowrap">ambulance<a name="mode-of-transport-cs-ambulance"> </a></td><td>Ambulance</td></tr><tr><td style="white-space:nowrap">private-vehicle<a name="mode-of-transport-cs-private-vehicle"> </a></td><td>Private vehicle</td></tr><tr><td style="white-space:nowrap">police<a name="mode-of-transport-cs-police"> </a></td><td>Police vehicle</td></tr><tr><td style="white-space:nowrap">walk-in<a name="mode-of-transport-cs-walk-in"> </a></td><td>Walk-in</td></tr><tr><td style="white-space:nowrap">other<a name="mode-of-transport-cs-other"> </a></td><td>Other</td></tr></table></div>
  </text>
  <url value="https://build.fhir.org/ig/UPM-NTHC/PH-RoadSafetyIG/CodeSystem/mode-of-transport-cs"/>
  <version value="0.1.0"/>
  <name value="ModeOfTransportCS"/>
  <title value="Mode of Transport (example)"/>
  <status value="draft"/>
  <date value="2025-10-09T17:33:43+00:00"/>
  <publisher value="UP Manila - National Institutes of Health - National Telehealth Center"/>
  <contact>
    <name value="UP Manila - National Institutes of Health - National Telehealth Center"/>
    <telecom>
      <system value="url"/>
      <value value="https://github.com/UPM-NTHC/PH-RoadSafetyIG"/>
    </telecom>
  </contact>
  <contact>
    <name value="PH Road Safety IG Repository"/>
    <telecom>
      <system value="url"/>
      <value value="https://github.com/UPM-NTHC/PH-RoadSafetyIG"/>
    </telecom>
  </contact>
  <jurisdiction>
    <coding>
      <system value="urn:iso:std:iso:3166"/>
      <code value="PH"/>
      <display value="Philippines"/>
    </coding>
  </jurisdiction>
  <content value="complete"/>
  <count value="5"/>
  <concept>
    <code value="ambulance"/>
    <display value="Ambulance"/>
  </concept>
  <concept>
    <code value="private-vehicle"/>
    <display value="Private vehicle"/>
  </concept>
  <concept>
    <code value="police"/>
    <display value="Police vehicle"/>
  </concept>
  <concept>
    <code value="walk-in"/>
    <display value="Walk-in"/>
  </concept>
  <concept>
    <code value="other"/>
    <display value="Other"/>
  </concept>
</CodeSystem>