{
  "resourceType" : "CodeSystem",
  "id" : "road-network-file-type-cs",
  "text" : {
    "status" : "generated",
    "div" : "<div xmlns=\"http://www.w3.org/1999/xhtml\"><p class=\"res-header-id\"><b>Generated Narrative: CodeSystem road-network-file-type-cs</b></p><a name=\"road-network-file-type-cs\"> </a><a name=\"hcroad-network-file-type-cs\"> </a><p>This case-sensitive code system <code>https://build.fhir.org/ig/UPM-NTHC/PH-RoadSafetyIG/CodeSystem/road-network-file-type-cs</code> defines the following codes:</p><table class=\"codes\"><tr><td style=\"white-space:nowrap\"><b>Code</b></td><td><b>Display</b></td></tr><tr><td style=\"white-space:nowrap\">shapefile<a name=\"road-network-file-type-cs-shapefile\"> </a></td><td>ESRI Shapefile (zipped)</td></tr><tr><td style=\"white-space:nowrap\">geojson<a name=\"road-network-file-type-cs-geojson\"> </a></td><td>GeoJSON</td></tr><tr><td style=\"white-space:nowrap\">kml<a name=\"road-network-file-type-cs-kml\"> </a></td><td>Google Earth KML</td></tr><tr><td style=\"white-space:nowrap\">kmz<a name=\"road-network-file-type-cs-kmz\"> </a></td><td>Google Earth KMZ</td></tr><tr><td style=\"white-space:nowrap\">gml<a name=\"road-network-file-type-cs-gml\"> </a></td><td>Geography Markup Language (GML)</td></tr></table></div>"
  },
  "url" : "https://build.fhir.org/ig/UPM-NTHC/PH-RoadSafetyIG/CodeSystem/road-network-file-type-cs",
  "version" : "0.1.0",
  "name" : "RoadNetworkFileTypeCS",
  "title" : "Road Network File Type",
  "status" : "draft",
  "experimental" : true,
  "date" : "2025-10-08T01:44:50+00:00",
  "publisher" : "UP Manila - National Institutes of Health - National Telehealth Center",
  "contact" : [{
    "name" : "UP Manila - National Institutes of Health - National Telehealth Center",
    "telecom" : [{
      "system" : "url",
      "value" : "https://github.com/UPM-NTHC/PH-RoadSafetyIG"
    }]
  },
  {
    "name" : "PH Road Safety IG Repository",
    "telecom" : [{
      "system" : "url",
      "value" : "https://github.com/UPM-NTHC/PH-RoadSafetyIG"
    }]
  }],
  "description" : "Allowed file types for detailed road network shapefiles or GIS data.",
  "jurisdiction" : [{
    "coding" : [{
      "system" : "urn:iso:std:iso:3166",
      "code" : "PH",
      "display" : "Philippines"
    }]
  }],
  "caseSensitive" : true,
  "content" : "complete",
  "count" : 5,
  "concept" : [{
    "code" : "shapefile",
    "display" : "ESRI Shapefile (zipped)"
  },
  {
    "code" : "geojson",
    "display" : "GeoJSON"
  },
  {
    "code" : "kml",
    "display" : "Google Earth KML"
  },
  {
    "code" : "kmz",
    "display" : "Google Earth KMZ"
  },
  {
    "code" : "gml",
    "display" : "Geography Markup Language (GML)"
  }]
}