{
  "resourceType" : "CodeSystem",
  "id" : "priority-cs",
  "text" : {
    "status" : "generated",
    "div" : "<div xmlns=\"http://www.w3.org/1999/xhtml\"><p class=\"res-header-id\"><b>Generated Narrative: CodeSystem priority-cs</b></p><a name=\"priority-cs\"> </a><a name=\"hcpriority-cs\"> </a><p>This  code system <code>https://build.fhir.org/ig/UPM-NTHC/PH-RoadSafetyIG/CodeSystem/priority-cs</code> defines the following codes:</p><table class=\"codes\"><tr><td style=\"white-space:nowrap\"><b>Code</b></td><td><b>Display</b></td></tr><tr><td style=\"white-space:nowrap\">red<a name=\"priority-cs-red\"> </a></td><td>Red - immediate</td></tr><tr><td style=\"white-space:nowrap\">yellow<a name=\"priority-cs-yellow\"> </a></td><td>Yellow - urgent</td></tr><tr><td style=\"white-space:nowrap\">green<a name=\"priority-cs-green\"> </a></td><td>Green - delayed</td></tr><tr><td style=\"white-space:nowrap\">blue<a name=\"priority-cs-blue\"> </a></td><td>Blue - minimal</td></tr></table></div>"
  },
  "url" : "https://build.fhir.org/ig/UPM-NTHC/PH-RoadSafetyIG/CodeSystem/priority-cs",
  "version" : "0.1.0",
  "name" : "PriorityCS",
  "title" : "Triage Priority (example)",
  "status" : "draft",
  "date" : "2025-10-09T18:52:26+00:00",
  "publisher" : "UP Manila - National Institutes of Health - National Telehealth Center",
  "contact" : [{
    "name" : "UP Manila - National Institutes of Health - National Telehealth Center",
    "telecom" : [{
      "system" : "url",
      "value" : "https://github.com/UPM-NTHC/PH-RoadSafetyIG"
    }]
  },
  {
    "name" : "PH Road Safety IG Repository",
    "telecom" : [{
      "system" : "url",
      "value" : "https://github.com/UPM-NTHC/PH-RoadSafetyIG"
    }]
  }],
  "jurisdiction" : [{
    "coding" : [{
      "system" : "urn:iso:std:iso:3166",
      "code" : "PH",
      "display" : "Philippines"
    }]
  }],
  "content" : "complete",
  "count" : 4,
  "concept" : [{
    "code" : "red",
    "display" : "Red - immediate"
  },
  {
    "code" : "yellow",
    "display" : "Yellow - urgent"
  },
  {
    "code" : "green",
    "display" : "Green - delayed"
  },
  {
    "code" : "blue",
    "display" : "Blue - minimal"
  }]
}