<?xml version="1.0" encoding="UTF-8"?>

<CodeSystem xmlns="http://hl7.org/fhir">
  <id value="CollisionTypeCS"/>
  <text>
    <status value="generated"/><div xmlns="http://www.w3.org/1999/xhtml"><p class="res-header-id"><b>Generated Narrative: CodeSystem CollisionTypeCS</b></p><a name="CollisionTypeCS"> </a><a name="hcCollisionTypeCS"> </a><p>This  code system <code>https://build.fhir.org/ig/UP-Manila-SILab/PH-RoadSafetyIG/CodeSystem/CollisionTypeCS</code> defines the following codes:</p><table class="codes"><tr><td style="white-space:nowrap"><b>Code</b></td><td><b>Display</b></td></tr><tr><td style="white-space:nowrap">rear-end<a name="CollisionTypeCS-rear-end"> </a></td><td>Rear End</td></tr><tr><td style="white-space:nowrap">head-on<a name="CollisionTypeCS-head-on"> </a></td><td>Head On</td></tr><tr><td style="white-space:nowrap">angle-impact<a name="CollisionTypeCS-angle-impact"> </a></td><td>Angle Impact</td></tr><tr><td style="white-space:nowrap">side-swipe<a name="CollisionTypeCS-side-swipe"> </a></td><td>Side Swipe</td></tr></table></div>
  </text>
  <url value="https://build.fhir.org/ig/UP-Manila-SILab/PH-RoadSafetyIG/CodeSystem/CollisionTypeCS"/>
  <version value="0.1.0"/>
  <name value="CollisionTypeCS"/>
  <title value="Collision Type code system (sample)"/>
  <status value="draft"/>
  <date value="2025-10-06T14:14:26+00:00"/>
  <publisher value="UP Manila - National Institutes of Health - National Telehealth Center"/>
  <contact>
    <name value="UP Manila - National Institutes of Health - National Telehealth Center"/>
    <telecom>
      <system value="url"/>
      <value value="https://github.com/UPM-NTHC/PH-RoadSafetyIG"/>
    </telecom>
  </contact>
  <contact>
    <name value="PH Road Safety IG Repository"/>
    <telecom>
      <system value="url"/>
      <value value="https://github.com/UPM-NTHC/PH-RoadSafetyIG"/>
    </telecom>
  </contact>
  <jurisdiction>
    <coding>
      <system value="urn:iso:std:iso:3166"/>
      <code value="PH"/>
      <display value="Philippines"/>
    </coding>
  </jurisdiction>
  <content value="complete"/>
  <count value="4"/>
  <concept>
    <code value="rear-end"/>
    <display value="Rear End"/>
  </concept>
  <concept>
    <code value="head-on"/>
    <display value="Head On"/>
  </concept>
  <concept>
    <code value="angle-impact"/>
    <display value="Angle Impact"/>
  </concept>
  <concept>
    <code value="side-swipe"/>
    <display value="Side Swipe"/>
  </concept>
</CodeSystem>