{
  "resourceType" : "CodeSystem",
  "id" : "outcome-cs",
  "text" : {
    "status" : "generated",
    "div" : "<div xmlns=\"http://www.w3.org/1999/xhtml\"><p class=\"res-header-id\"><b>Generated Narrative: CodeSystem outcome-cs</b></p><a name=\"outcome-cs\"> </a><a name=\"hcoutcome-cs\"> </a><p>This  code system <code>https://build.fhir.org/ig/UPM-NTHC/PH-RoadSafetyIG/CodeSystem/outcome-cs</code> defines the following codes:</p><table class=\"codes\"><tr><td style=\"white-space:nowrap\"><b>Code</b></td><td><b>Display</b></td></tr><tr><td style=\"white-space:nowrap\">alive-stable<a name=\"outcome-cs-alive-stable\"> </a></td><td>Alive - stable</td></tr><tr><td style=\"white-space:nowrap\">alive-unstable<a name=\"outcome-cs-alive-unstable\"> </a></td><td>Alive - unstable</td></tr><tr><td style=\"white-space:nowrap\">dead<a name=\"outcome-cs-dead\"> </a></td><td>Dead</td></tr><tr><td style=\"white-space:nowrap\">transferred<a name=\"outcome-cs-transferred\"> </a></td><td>Transferred</td></tr></table></div>"
  },
  "url" : "https://build.fhir.org/ig/UPM-NTHC/PH-RoadSafetyIG/CodeSystem/outcome-cs",
  "version" : "0.1.0",
  "name" : "OutcomeCS",
  "title" : "Outcome (example)",
  "status" : "draft",
  "date" : "2025-10-21T09:02:18+00:00",
  "publisher" : "UP Manila - National Institutes of Health - National Telehealth Center",
  "contact" : [{
    "name" : "UP Manila - National Institutes of Health - National Telehealth Center",
    "telecom" : [{
      "system" : "url",
      "value" : "https://github.com/UPM-NTHC/PH-RoadSafetyIG"
    }]
  },
  {
    "name" : "PH Road Safety IG Repository",
    "telecom" : [{
      "system" : "url",
      "value" : "https://github.com/UPM-NTHC/PH-RoadSafetyIG"
    }]
  }],
  "jurisdiction" : [{
    "coding" : [{
      "system" : "urn:iso:std:iso:3166",
      "code" : "PH",
      "display" : "Philippines"
    }]
  }],
  "content" : "complete",
  "count" : 4,
  "concept" : [{
    "code" : "alive-stable",
    "display" : "Alive - stable"
  },
  {
    "code" : "alive-unstable",
    "display" : "Alive - unstable"
  },
  {
    "code" : "dead",
    "display" : "Dead"
  },
  {
    "code" : "transferred",
    "display" : "Transferred"
  }]
}