{
  "resourceType" : "CodeSystem",
  "id" : "external-cause-cs",
  "text" : {
    "status" : "generated",
    "div" : "<div xmlns=\"http://www.w3.org/1999/xhtml\"><p class=\"res-header-id\"><b>Generated Narrative: CodeSystem external-cause-cs</b></p><a name=\"external-cause-cs\"> </a><a name=\"hcexternal-cause-cs\"> </a><p>This  code system <code>https://build.fhir.org/ig/UPM-NTHC/PH-RoadSafetyIG/CodeSystem/external-cause-cs</code> defines the following codes:</p><table class=\"codes\"><tr><td style=\"white-space:nowrap\"><b>Code</b></td><td><b>Display</b></td></tr><tr><td style=\"white-space:nowrap\">bites-stings<a name=\"external-cause-cs-bites-stings\"> </a></td><td>Bites/stings</td></tr><tr><td style=\"white-space:nowrap\">burns<a name=\"external-cause-cs-burns\"> </a></td><td>Burns</td></tr><tr><td style=\"white-space:nowrap\">chemical<a name=\"external-cause-cs-chemical\"> </a></td><td>Chemical/substance</td></tr><tr><td style=\"white-space:nowrap\">sharp-object<a name=\"external-cause-cs-sharp-object\"> </a></td><td>Contact with sharp object</td></tr><tr><td style=\"white-space:nowrap\">drowning<a name=\"external-cause-cs-drowning\"> </a></td><td>Drowning</td></tr><tr><td style=\"white-space:nowrap\">fall<a name=\"external-cause-cs-fall\"> </a></td><td>Fall</td></tr><tr><td style=\"white-space:nowrap\">firecracker<a name=\"external-cause-cs-firecracker\"> </a></td><td>Firecracker</td></tr><tr><td style=\"white-space:nowrap\">gunshot<a name=\"external-cause-cs-gunshot\"> </a></td><td>Gunshot</td></tr><tr><td style=\"white-space:nowrap\">hanging<a name=\"external-cause-cs-hanging\"> </a></td><td>Hanging/Strangulation</td></tr><tr><td style=\"white-space:nowrap\">assault<a name=\"external-cause-cs-assault\"> </a></td><td>Assault/Mauling</td></tr><tr><td style=\"white-space:nowrap\">sexual-assault<a name=\"external-cause-cs-sexual-assault\"> </a></td><td>Sexual assault</td></tr><tr><td style=\"white-space:nowrap\">transport-accident<a name=\"external-cause-cs-transport-accident\"> </a></td><td>Transport/Vehicular accident</td></tr><tr><td style=\"white-space:nowrap\">exposure-nature<a name=\"external-cause-cs-exposure-nature\"> </a></td><td>Exposure to forces of nature</td></tr><tr><td style=\"white-space:nowrap\">others<a name=\"external-cause-cs-others\"> </a></td><td>Others</td></tr></table></div>"
  },
  "url" : "https://build.fhir.org/ig/UPM-NTHC/PH-RoadSafetyIG/CodeSystem/external-cause-cs",
  "version" : "0.1.0",
  "name" : "ExternalCauseCS",
  "title" : "External Cause CodeSystem (example)",
  "status" : "draft",
  "date" : "2025-10-09T12:26:29+00:00",
  "publisher" : "UP Manila - National Institutes of Health - National Telehealth Center",
  "contact" : [{
    "name" : "UP Manila - National Institutes of Health - National Telehealth Center",
    "telecom" : [{
      "system" : "url",
      "value" : "https://github.com/UPM-NTHC/PH-RoadSafetyIG"
    }]
  },
  {
    "name" : "PH Road Safety IG Repository",
    "telecom" : [{
      "system" : "url",
      "value" : "https://github.com/UPM-NTHC/PH-RoadSafetyIG"
    }]
  }],
  "jurisdiction" : [{
    "coding" : [{
      "system" : "urn:iso:std:iso:3166",
      "code" : "PH",
      "display" : "Philippines"
    }]
  }],
  "content" : "complete",
  "count" : 14,
  "concept" : [{
    "code" : "bites-stings",
    "display" : "Bites/stings"
  },
  {
    "code" : "burns",
    "display" : "Burns"
  },
  {
    "code" : "chemical",
    "display" : "Chemical/substance"
  },
  {
    "code" : "sharp-object",
    "display" : "Contact with sharp object"
  },
  {
    "code" : "drowning",
    "display" : "Drowning"
  },
  {
    "code" : "fall",
    "display" : "Fall"
  },
  {
    "code" : "firecracker",
    "display" : "Firecracker"
  },
  {
    "code" : "gunshot",
    "display" : "Gunshot"
  },
  {
    "code" : "hanging",
    "display" : "Hanging/Strangulation"
  },
  {
    "code" : "assault",
    "display" : "Assault/Mauling"
  },
  {
    "code" : "sexual-assault",
    "display" : "Sexual assault"
  },
  {
    "code" : "transport-accident",
    "display" : "Transport/Vehicular accident"
  },
  {
    "code" : "exposure-nature",
    "display" : "Exposure to forces of nature"
  },
  {
    "code" : "others",
    "display" : "Others"
  }]
}