{
  "codeSystems" : [
    {
      "url" : "http://hl7.org/fhir/CodeSystem/task-code",
      "version" : "4.0.1",
      "status" : "active",
      "name" : "TaskCode",
      "title" : "Task Codes",
      "description" : "Codes indicating the type of action that is expected to be performed",
      "oids" : ["2.16.840.1.113883.4.642.4.1397"],
      "uses" : {
      },
      "http://hl7.org/fhir/R4/valueset-task-code.html" : "Task Codes"
    },
    {
      "url" : "http://hl7.org/fhir/address-type",
      "version" : "4.0.1",
      "status" : "active",
      "name" : "AddressType",
      "title" : "AddressType",
      "description" : "The type of an address (physical / postal).",
      "oids" : ["2.16.840.1.113883.4.642.4.70"],
      "uses" : {
      },
      "http://hl7.org/fhir/R4/valueset-address-type.html" : "AddressType"
    },
    {
      "url" : "http://hl7.org/fhir/address-use",
      "version" : "4.0.1",
      "status" : "active",
      "name" : "AddressUse",
      "title" : "AddressUse",
      "description" : "The use of an address.",
      "oids" : ["2.16.840.1.113883.4.642.4.68"],
      "uses" : {
      },
      "http://hl7.org/fhir/R4/valueset-address-use.html" : "AddressUse"
    },
    {
      "url" : "http://hl7.org/fhir/administrative-gender",
      "version" : "4.0.1",
      "status" : "active",
      "name" : "AdministrativeGender",
      "title" : "AdministrativeGender",
      "description" : "The gender of a person used for administrative purposes.",
      "oids" : ["2.16.840.1.113883.4.642.4.2"],
      "uses" : {
      },
      "http://hl7.org/fhir/R4/valueset-administrative-gender.html" : "AdministrativeGender"
    },
    {
      "url" : "http://hl7.org/fhir/bundle-type",
      "version" : "4.0.1",
      "status" : "active",
      "name" : "BundleType",
      "title" : "BundleType",
      "description" : "Indicates the purpose of a bundle - how it is intended to be used.",
      "oids" : ["2.16.840.1.113883.4.642.4.621"],
      "uses" : {
      },
      "http://hl7.org/fhir/R4/valueset-bundle-type.html" : "BundleType"
    },
    {
      "url" : "http://hl7.org/fhir/composition-attestation-mode",
      "version" : "4.0.1",
      "status" : "draft",
      "name" : "CompositionAttestationMode",
      "title" : "CompositionAttestationMode",
      "description" : "The way in which a person authenticated a composition.",
      "oids" : ["2.16.840.1.113883.4.642.4.239"],
      "uses" : {
      },
      "http://hl7.org/fhir/R4/valueset-composition-attestation-mode.html" : "CompositionAttestationMode"
    },
    {
      "url" : "http://hl7.org/fhir/composition-status",
      "version" : "4.0.1",
      "status" : "draft",
      "name" : "CompositionStatus",
      "title" : "CompositionStatus",
      "description" : "The workflow/clinical status of the composition.",
      "oids" : ["2.16.840.1.113883.4.642.4.242"],
      "uses" : {
      },
      "http://hl7.org/fhir/R4/valueset-composition-status.html" : "CompositionStatus"
    },
    {
      "url" : "http://hl7.org/fhir/days-of-week",
      "version" : "4.0.1",
      "status" : "active",
      "name" : "DaysOfWeek",
      "title" : "DaysOfWeek",
      "description" : "The days of the week.",
      "oids" : ["2.16.840.1.113883.4.642.4.513"],
      "uses" : {
      },
      "http://hl7.org/fhir/R4/valueset-days-of-week.html" : "DaysOfWeek"
    },
    {
      "url" : "http://hl7.org/fhir/document-reference-status",
      "version" : "4.0.1",
      "status" : "draft",
      "name" : "DocumentReferenceStatus",
      "title" : "DocumentReferenceStatus",
      "description" : "The status of the document reference.",
      "oids" : ["2.16.840.1.113883.4.642.4.8"],
      "uses" : {
      },
      "http://hl7.org/fhir/R4/valueset-document-reference-status.html" : "DocumentReferenceStatus"
    },
    {
      "url" : "http://hl7.org/fhir/document-relationship-type",
      "version" : "4.0.1",
      "status" : "draft",
      "name" : "DocumentRelationshipType",
      "title" : "DocumentRelationshipType",
      "description" : "The type of relationship between documents.",
      "oids" : ["2.16.840.1.113883.4.642.4.245"],
      "uses" : {
      },
      "http://hl7.org/fhir/R4/valueset-document-relationship-type.html" : "DocumentRelationshipType"
    },
    {
      "url" : "http://hl7.org/fhir/encounter-location-status",
      "version" : "4.0.1",
      "status" : "draft",
      "name" : "EncounterLocationStatus",
      "title" : "EncounterLocationStatus",
      "description" : "The status of the location.",
      "oids" : ["2.16.840.1.113883.4.642.4.263"],
      "uses" : {
      },
      "http://hl7.org/fhir/R4/valueset-encounter-location-status.html" : "EncounterLocationStatus"
    },
    {
      "url" : "http://hl7.org/fhir/encounter-status",
      "version" : "4.0.1",
      "status" : "draft",
      "name" : "EncounterStatus",
      "title" : "EncounterStatus",
      "description" : "Current state of the encounter.",
      "oids" : ["2.16.840.1.113883.4.642.4.247"],
      "uses" : {
      },
      "http://hl7.org/fhir/R4/valueset-encounter-status.html" : "EncounterStatus"
    },
    {
      "url" : "http://hl7.org/fhir/http-verb",
      "version" : "4.0.1",
      "status" : "active",
      "name" : "HTTPVerb",
      "title" : "HTTPVerb",
      "description" : "HTTP verbs (in the HTTP command line). See [HTTP rfc](https://tools.ietf.org/html/rfc7231) for details.",
      "oids" : ["2.16.840.1.113883.4.642.4.625"],
      "uses" : {
      },
      "http://hl7.org/fhir/R4/valueset-http-verb.html" : "HTTPVerb"
    },
    {
      "url" : "http://hl7.org/fhir/identifier-use",
      "version" : "4.0.1",
      "status" : "active",
      "name" : "IdentifierUse",
      "title" : "IdentifierUse",
      "description" : "Identifies the purpose for this identifier, if known .",
      "oids" : ["2.16.840.1.113883.4.642.4.58"],
      "uses" : {
      },
      "http://hl7.org/fhir/R4/valueset-identifier-use.html" : "IdentifierUse"
    },
    {
      "url" : "http://hl7.org/fhir/list-mode",
      "version" : "4.0.1",
      "status" : "draft",
      "name" : "ListMode",
      "title" : "ListMode",
      "description" : "The processing mode that applies to this list.",
      "oids" : ["2.16.840.1.113883.4.642.4.319"],
      "uses" : {
      },
      "http://hl7.org/fhir/R4/valueset-list-mode.html" : "ListMode"
    },
    {
      "url" : "http://hl7.org/fhir/location-mode",
      "version" : "4.0.1",
      "status" : "draft",
      "name" : "LocationMode",
      "title" : "LocationMode",
      "description" : "Indicates whether a resource instance represents a specific location or a class of locations.",
      "oids" : ["2.16.840.1.113883.4.642.4.331"],
      "uses" : {
      },
      "http://hl7.org/fhir/R4/valueset-location-mode.html" : "LocationMode"
    },
    {
      "url" : "http://hl7.org/fhir/location-status",
      "version" : "4.0.1",
      "status" : "draft",
      "name" : "LocationStatus",
      "title" : "LocationStatus",
      "description" : "Indicates whether the location is still in use.",
      "oids" : ["2.16.840.1.113883.4.642.4.333"],
      "uses" : {
      },
      "http://hl7.org/fhir/R4/valueset-location-status.html" : "LocationStatus"
    },
    {
      "url" : "http://hl7.org/fhir/name-use",
      "version" : "4.0.1",
      "status" : "active",
      "name" : "NameUse",
      "title" : "NameUse",
      "description" : "The use of a human name.",
      "oids" : ["2.16.840.1.113883.4.642.4.66"],
      "uses" : {
      },
      "http://hl7.org/fhir/R4/valueset-name-use.html" : "NameUse"
    },
    {
      "url" : "http://hl7.org/fhir/observation-status",
      "version" : "4.0.1",
      "status" : "active",
      "name" : "ObservationStatus",
      "title" : "ObservationStatus",
      "description" : "Codes providing the status of an observation.",
      "oids" : ["2.16.840.1.113883.4.642.4.401"],
      "uses" : {
      },
      "http://hl7.org/fhir/R4/valueset-observation-status.html" : "ObservationStatus"
    },
    {
      "url" : "http://hl7.org/fhir/request-intent",
      "version" : "4.0.1",
      "status" : "draft",
      "name" : "RequestIntent",
      "title" : "RequestIntent",
      "description" : "Codes indicating the degree of authority/intentionality associated with a request.",
      "oids" : ["2.16.840.1.113883.4.642.4.114"],
      "uses" : {
      },
      "http://hl7.org/fhir/R4/valueset-task-intent.html" : "TaskIntent"
    },
    {
      "url" : "http://hl7.org/fhir/request-priority",
      "version" : "4.0.1",
      "status" : "draft",
      "name" : "RequestPriority",
      "title" : "RequestPriority",
      "description" : "Identifies the level of importance to be assigned to actioning the request.",
      "oids" : ["2.16.840.1.113883.4.642.4.116"],
      "uses" : {
      },
      "http://hl7.org/fhir/R4/valueset-request-priority.html" : "Request priority"
    },
    {
      "url" : "http://hl7.org/fhir/search-entry-mode",
      "version" : "4.0.1",
      "status" : "active",
      "name" : "SearchEntryMode",
      "title" : "SearchEntryMode",
      "description" : "Why an entry is in the result set - whether it's included as a match or because of an _include requirement, or to convey information or warning information about the search process.",
      "oids" : ["2.16.840.1.113883.4.642.4.623"],
      "uses" : {
      },
      "http://hl7.org/fhir/R4/valueset-search-entry-mode.html" : "SearchEntryMode"
    },
    {
      "url" : "http://hl7.org/fhir/sid/icd-10",
      "version" : "2.1.1",
      "status" : "retired",
      "name" : "Icd10",
      "title" : "ICD-10",
      "description" : "International Classification of Diseases revision 10 (ICD 10)",
      "oids" : ["2.16.840.1.113883.6.3"],
      "uses" : {
      },
      "ValueSet-ICD10ExternalCauseVS.html" : "ICD-10 External Cause (sample)",
      "ValueSet-ICD10NatureOfInjuryVS.html" : "ICD-10 Nature of Injury (sample)"
    },
    {
      "url" : "http://hl7.org/fhir/task-intent",
      "version" : "4.0.1",
      "status" : "draft",
      "name" : "TaskIntent",
      "title" : "TaskIntent",
      "description" : "Distinguishes whether the task is a proposal, plan or full order.",
      "oids" : ["2.16.840.1.113883.4.642.4.1241"],
      "uses" : {
      },
      "http://hl7.org/fhir/R4/valueset-task-intent.html" : "TaskIntent"
    },
    {
      "url" : "http://hl7.org/fhir/task-status",
      "version" : "4.0.1",
      "status" : "draft",
      "name" : "TaskStatus",
      "title" : "TaskStatus",
      "description" : "The current status of the task.",
      "oids" : ["2.16.840.1.113883.4.642.4.791"],
      "uses" : {
      },
      "http://hl7.org/fhir/R4/valueset-task-status.html" : "TaskStatus"
    },
    {
      "url" : "http://loinc.org",
      "version" : "3.1.0",
      "status" : "active",
      "name" : "LOINC",
      "title" : "Logical Observation Identifiers, Names and Codes (LOINC)",
      "description" : "LOINC provides a set of universal names and ID codes for identifying laboratory and clinical test results.1,2 LOINC facilitates the exchange and pooling of results, such as blood hemoglobin, serum potassium, or vital signs, for clinical care, outcomes management, and research. LOINC's universal identifiers (names and codes) can be used in the context of order and observation exchanges between information systems that use syntax standards such as HL73, CEN TC251, ISO TC215, ASTM4, and DICOM. Specifically, the identifier can be used as the coded value for an observation in any other standard that uses the observation/observation value paradigm, whether messages, documents, application programming interface (API), etc. For example, LOINC codes are used widely in the OBX segment Observation Identifier field (OBX-3) of an ORU HL7 (HL7 version 2.x or ASTM 1238-9410) message that may be sent between a Clinical Laboratory Information Management Systems (LIMS) and Electronic Health Record Systems (EHR).5, 6 In this way, LOINC codes provide universal identifiers that allow the exchange of clinical data between heterogeneous computing environments.",
      "oids" : ["2.16.840.1.113883.6.1"],
      "uses" : {
      },
      "ValueSet-MDSRoadSafetyVS.html" : "MDSRoadSafety ValueSet",
      "ValueSet-MDS-ModeOfTransport-VS.html" : "MDS Mode of Transport to Facility",
      "http://hl7.org/fhir/R4/valueset-document-classcodes.html" : "Document Class Value Set",
      "http://hl7.org/fhir/R4/valueset-c80-doc-typecodes.html" : "Document Type Value Set",
      "http://hl7.org/fhir/R4/valueset-observation-codes.html" : "LOINC Codes",
      "ValueSet-MDS-GCSVerbal-VS.html" : "MDS GCS Verbal",
      "ValueSet-MDS-GCSMotor-VS.html" : "MDS GCS Motor",
      "ValueSet-MDS-GCSEyes-VS.html" : "MDS GCS Eyes",
      "http://hl7.org/fhir/R4/valueset-doc-typecodes.html" : "FHIR Document Type Codes",
      "http://hl7.org/fhir/R4/valueset-doc-section-codes.html" : "Document Section Codes"
    },
    {
      "url" : "http://snomed.info/sct",
      "version" : null,
      "status" : "active",
      "name" : "SNOMED_CT",
      "title" : "SNOMED CT (all versions)",
      "description" : "SNOMED CT is the most comprehensive and precise clinical health terminology product in the world, owned and distributed around the world by The International Health Terminology Standards Development Organisation (IHTSDO).",
      "oids" : ["2.16.840.1.113883.6.96"],
      "uses" : {
      },
      "ValueSet-MDS-InjuryType-VS.html" : "MDS Injury Types",
      "http://hl7.org/fhir/R4/valueset-body-site.html" : "SNOMED CT Body Structures",
      "ValueSet-MDS-DrowningWaterBody-VS.html" : "MDS Drowning Body of Water",
      "ValueSet-MDS-AVPU-VS.html" : "MDS AVPU Level of Consciousness",
      "http://hl7.org/fhir/R4/valueset-performer-role.html" : "Procedure Performer Role Codes",
      "ValueSet-MDS-InjuryIntent-VS.html" : "MDS Injury Intent",
      "http://hl7.org/fhir/R4/valueset-condition-stage-type.html" : "Condition Stage Type",
      "http://hl7.org/fhir/R4/valueset-c80-facilitycodes.html" : "Facility Type Code Value Set",
      "http://hl7.org/fhir/R4/valueset-condition-severity.html" : "Condition/Diagnosis Severity",
      "ValueSet-MDSRoadSafetyVS.html" : "MDSRoadSafety ValueSet",
      "http://hl7.org/fhir/R4/valueset-c80-practice-codes.html" : "Practice Setting Code Value Set",
      "http://hl7.org/fhir/R4/valueset-condition-stage.html" : "Condition Stage",
      "http://hl7.org/fhir/R4/valueset-encounter-reason.html" : "Encounter Reason Codes",
      "ValueSet-MDS-Pupils-VS.html" : "MDS Pupils",
      "ValueSet-MDS-ConditionOfPatient-VS.html" : "MDS Condition of Patient",
      "ValueSet-MDS-PulseQuality-VS.html" : "MDS Pulse Quality",
      "ValueSet-MDS-Cyanosis-VS.html" : "MDS Cyanosis",
      "http://hl7.org/fhir/R4/valueset-manifestation-or-symptom.html" : "Manifestation and Symptom Codes",
      "ValueSet-MDS-Outcome-VS.html" : "MDS Outcome",
      "ValueSet-MDS-StatusOnArrival-VS.html" : "MDS Status on Arrival",
      "http://hl7.org/fhir/R4/valueset-observation-methods.html" : "Observation Methods",
      "http://hl7.org/fhir/R4/valueset-referencerange-appliesto.html" : "Observation Reference Range Applies To Codes",
      "http://hl7.org/fhir/R4/valueset-condition-code.html" : "Condition/Problem/Diagnosis Codes",
      "ValueSet-MDS-BreathSounds-VS.html" : "MDS Breath Sounds",
      "ValueSet-MDS-PulseRhythm-VS.html" : "MDS Pulse Rhythm",
      "ValueSet-MDS-RespiratoryRhythm-VS.html" : "MDS Respiratory Rhythm"
    },
    {
      "url" : "http://terminology.hl7.org/CodeSystem/admit-source",
      "version" : "1.0.1",
      "status" : "active",
      "name" : "AdmitSource",
      "title" : "Admit source",
      "description" : "This value set defines a set of codes that can be used to indicate from where the patient came in.",
      "oids" : ["2.16.840.1.113883.4.642.1.1092"],
      "uses" : {
      },
      "http://hl7.org/fhir/R4/valueset-encounter-admit-source.html" : "Admit source"
    },
    {
      "url" : "http://terminology.hl7.org/CodeSystem/condition-category",
      "version" : "1.0.1",
      "status" : "active",
      "name" : "ConditionCategoryCodes",
      "title" : "Condition Category Codes",
      "description" : "Preferred value set for Condition Categories.",
      "oids" : ["2.16.840.1.113883.4.642.1.1073"],
      "uses" : {
      },
      "http://hl7.org/fhir/R4/valueset-condition-category.html" : "Condition Category Codes"
    },
    {
      "url" : "http://terminology.hl7.org/CodeSystem/condition-clinical",
      "version" : "3.0.0",
      "status" : "active",
      "name" : "ConditionClinicalStatusCodes",
      "title" : "Condition Clinical Status Codes",
      "description" : "Preferred value set for Condition Clinical Status.",
      "oids" : ["2.16.840.1.113883.4.642.1.1074"],
      "uses" : {
      },
      "http://hl7.org/fhir/R4/valueset-condition-clinical.html" : "Condition Clinical Status Codes"
    },
    {
      "url" : "http://terminology.hl7.org/CodeSystem/condition-ver-status",
      "version" : "2.0.1",
      "status" : "active",
      "name" : "ConditionVerificationStatus",
      "title" : "ConditionVerificationStatus",
      "description" : "The verification status to support or decline the clinical status of the condition or diagnosis.",
      "oids" : ["2.16.840.1.113883.4.642.1.1075"],
      "uses" : {
      },
      "http://hl7.org/fhir/R4/valueset-condition-ver-status.html" : "ConditionVerificationStatus"
    },
    {
      "url" : "http://terminology.hl7.org/CodeSystem/data-absent-reason",
      "version" : "1.0.0",
      "status" : "active",
      "name" : "DataAbsentReason",
      "title" : "DataAbsentReason",
      "description" : "Used to specify why the normally expected content of the data element is missing.",
      "oids" : ["2.16.840.1.113883.4.642.4.1048"],
      "uses" : {
      },
      "http://hl7.org/fhir/R4/valueset-data-absent-reason.html" : "DataAbsentReason"
    },
    {
      "url" : "http://terminology.hl7.org/CodeSystem/diagnosis-role",
      "version" : "1.1.1",
      "status" : "active",
      "name" : "DiagnosisRole",
      "title" : "Diagnosis Role",
      "description" : "This value set defines a set of codes that can be used to express the role of a diagnosis on the Encounter or EpisodeOfCare record.",
      "oids" : ["2.16.840.1.113883.4.642.1.1054"],
      "uses" : {
      },
      "http://hl7.org/fhir/R4/valueset-diagnosis-role.html" : "DiagnosisRole"
    },
    {
      "url" : "http://terminology.hl7.org/CodeSystem/diet",
      "version" : "1.0.1",
      "status" : "active",
      "name" : "Diet",
      "title" : "Diet",
      "description" : "This value set defines a set of codes that can be used to indicate dietary preferences or restrictions a patient may have.",
      "oids" : ["2.16.840.1.113883.4.642.1.1091"],
      "uses" : {
      },
      "http://hl7.org/fhir/R4/valueset-encounter-diet.html" : "Diet"
    },
    {
      "url" : "http://terminology.hl7.org/CodeSystem/discharge-disposition",
      "version" : "1.0.1",
      "status" : "active",
      "name" : "DischargeDisposition",
      "title" : "Discharge disposition",
      "description" : "This value set defines a set of codes that can be used to where the patient left the hospital.",
      "oids" : ["2.16.840.1.113883.4.642.1.1093"],
      "uses" : {
      },
      "http://hl7.org/fhir/R4/valueset-encounter-discharge-disposition.html" : "Discharge disposition"
    },
    {
      "url" : "http://terminology.hl7.org/CodeSystem/encounter-special-arrangements",
      "version" : "1.0.1",
      "status" : "active",
      "name" : "SpecialArrangements",
      "title" : "Special arrangements",
      "description" : "This value set defines a set of codes that can be used to indicate the kinds of special arrangements in place for a patients visit.",
      "oids" : ["2.16.840.1.113883.4.642.1.1090"],
      "uses" : {
      },
      "http://hl7.org/fhir/R4/valueset-encounter-special-arrangements.html" : "Special arrangements"
    },
    {
      "url" : "http://terminology.hl7.org/CodeSystem/encounter-type",
      "version" : "1.0.1",
      "status" : "active",
      "name" : "EncounterType",
      "title" : "Encounter type",
      "description" : "This example value set defines a set of codes that can be used to indicate the type of encounter: a specific code indicating type of service provided.",
      "oids" : ["2.16.840.1.113883.4.642.1.1088"],
      "uses" : {
      },
      "http://hl7.org/fhir/R4/valueset-encounter-type.html" : "Encounter type"
    },
    {
      "url" : "http://terminology.hl7.org/CodeSystem/list-empty-reason",
      "version" : "1.0.1",
      "status" : "active",
      "name" : "ListEmptyReasons",
      "title" : "List Empty Reasons",
      "description" : "General reasons for a list to be empty. Reasons are either related to a summary list (i.e. problem or medication list) or to a workflow related list (i.e. consultation list).",
      "oids" : ["2.16.840.1.113883.4.642.1.1106"],
      "uses" : {
      },
      "http://hl7.org/fhir/R4/valueset-list-empty-reason.html" : "List Empty Reasons"
    },
    {
      "url" : "http://terminology.hl7.org/CodeSystem/list-order",
      "version" : "1.0.1",
      "status" : "active",
      "name" : "ListOrderCodes",
      "title" : "List Order Codes",
      "description" : "Base values for the order of the items in a list resource.",
      "oids" : ["2.16.840.1.113883.4.642.1.1107"],
      "uses" : {
      },
      "http://hl7.org/fhir/R4/valueset-list-order.html" : "List Order Codes"
    },
    {
      "url" : "http://terminology.hl7.org/CodeSystem/location-physical-type",
      "version" : "2.0.1",
      "status" : "active",
      "name" : "LocationType",
      "title" : "Location type",
      "description" : "This example value set defines a set of codes that can be used to indicate the physical form of the Location.\r\rThis includes several 'non physical' codes which are still considered a location.",
      "oids" : ["2.16.840.1.113883.4.642.1.1108"],
      "uses" : {
      },
      "http://hl7.org/fhir/R4/valueset-location-physical-type.html" : "Location type"
    },
    {
      "url" : "http://terminology.hl7.org/CodeSystem/observation-category",
      "version" : "1.0.1",
      "status" : "active",
      "name" : "ObservationCategoryCodes",
      "title" : "Observation Category Codes",
      "description" : "Observation Category codes.",
      "oids" : ["2.16.840.1.113883.4.642.1.1125"],
      "uses" : {
      },
      "http://hl7.org/fhir/R4/valueset-observation-category.html" : "Observation Category Codes"
    },
    {
      "url" : "http://terminology.hl7.org/CodeSystem/participant-type",
      "version" : "1.0.1",
      "status" : "active",
      "name" : "ParticipantType",
      "title" : "Participant type",
      "description" : "This value set defines a set of codes that can be used to indicate how an individual participates in an encounter.",
      "oids" : ["2.16.840.1.113883.4.642.1.1089"],
      "uses" : {
      },
      "http://hl7.org/fhir/R4/valueset-encounter-participant-type.html" : "Participant type"
    },
    {
      "url" : "http://terminology.hl7.org/CodeSystem/referencerange-meaning",
      "version" : "1.0.1",
      "status" : "active",
      "name" : "ObservationReferenceRangeMeaningCodes",
      "title" : "Observation Reference Range Meaning Codes",
      "description" : "This value set defines a set of codes that can be used to indicate the meaning/use of a reference range for a particular target population.",
      "oids" : ["2.16.840.1.113883.4.642.1.1124"],
      "uses" : {
      },
      "http://hl7.org/fhir/R4/valueset-referencerange-meaning.html" : "Observation Reference Range Meaning Codes"
    },
    {
      "url" : "http://terminology.hl7.org/CodeSystem/service-type",
      "version" : "1.1.1",
      "status" : "active",
      "name" : "ServiceType",
      "title" : "Service type",
      "description" : "This value set defines an example set of codes of service-types.",
      "oids" : ["2.16.840.1.113883.4.642.1.1145"],
      "uses" : {
      },
      "http://hl7.org/fhir/R4/valueset-service-type.html" : "Service type"
    },
    {
      "url" : "http://terminology.hl7.org/CodeSystem/v2-0092",
      "version" : "2.0.0",
      "status" : "active",
      "name" : "ReAdmissionIndicator",
      "title" : "re-admissionIndicator",
      "description" : "Code system of concepts which are used to specify that a patient is being re admitted to a healthcare facilityin from which they were discharged, and indicates the circumstances around such re-admission.  Used in HL7 Version 2.x messagine in the PV1 segment.",
      "oids" : ["2.16.840.1.113883.18.36"],
      "uses" : {
      },
      "http://terminology.hl7.org/6.5.0/ValueSet-v2-0092.html" : "hl7VS-re-admissionIndicator"
    },
    {
      "url" : "http://terminology.hl7.org/CodeSystem/v2-0116",
      "version" : "2.0.0",
      "status" : "active",
      "name" : "BedStatus",
      "title" : "bedStatus",
      "description" : "Code system of concepts which specify the state of a bed in an inpatient setting, and is used to determine if a patient may be assigned to it or not.  Used in HL7 Version 2.x messaging in the DLD and PV1 segments.",
      "oids" : ["2.16.840.1.113883.18.47"],
      "uses" : {
      },
      "http://terminology.hl7.org/6.5.0/ValueSet-v2-0116.html" : "hl7VS-bedStatus"
    },
    {
      "url" : "http://terminology.hl7.org/CodeSystem/v2-0203",
      "version" : "5.0.0",
      "status" : "active",
      "name" : "IdentifierType",
      "title" : "identifierType",
      "description" : "HL7-defined code system of concepts specifying type of identifier. Used in HL7 Version 2.x messaging data types CX, PLN, PPN, XCN and XON.",
      "oids" : ["2.16.840.1.113883.18.108"],
      "uses" : {
      },
      "http://hl7.org/fhir/R4/valueset-identifier-type.html" : "IdentifierType"
    },
    {
      "url" : "http://terminology.hl7.org/CodeSystem/v3-ActCode",
      "version" : "9.0.0",
      "status" : "active",
      "name" : "ActCode",
      "title" : "ActCode",
      "description" : "A code specifying the particular kind of Act that the Act-instance represents within its class.\r\n\r\n*Constraints:* The kind of Act (e.g. physical examination, serum potassium, inpatient encounter, charge financial transaction, etc.) is specified with a code from one of several, typically external, coding systems. The coding system will depend on the class of Act, such as LOINC for observations, etc.\r\n\r\nConceptually, the Act.code must be a specialization of the Act.classCode. This is why the structure of ActClass domain should be reflected in the superstructure of the ActCode domain and then individual codes or externally referenced vocabularies subordinated under these domains that reflect the ActClass structure.\r\n\r\nAct.classCode and Act.code are not modifiers of each other but the Act.code concept should really imply the Act.classCode concept. For a negative example, it is not appropriate to use an Act.code \"potassium\" together with and Act.classCode for \"laboratory observation\" to somehow mean \"potassium laboratory observation\" and then use the same Act.code for \"potassium\" together with Act.classCode for \"medication\" to mean \"substitution of potassium\". This mutually modifying use of Act.code and Act.classCode is not permitted.",
      "oids" : ["2.16.840.1.113883.5.4"],
      "uses" : {
      },
      "http://terminology.hl7.org/6.5.0/ValueSet-v3-ActCode.html" : "v3 Code System ActCode",
      "http://terminology.hl7.org/6.5.0/ValueSet-v3-ActEncounterCode.html" : "ActEncounterCode"
    },
    {
      "url" : "http://terminology.hl7.org/CodeSystem/v3-ActPriority",
      "version" : "3.0.0",
      "status" : "active",
      "name" : "ActPriority",
      "title" : "ActPriority",
      "description" : "A set of codes (e.g., for routine, emergency), specifying the urgency under which the Act happened, can happen, is happening, is intended to happen, or is requested/demanded to happen.",
      "oids" : ["2.16.840.1.113883.5.7"],
      "uses" : {
      },
      "http://terminology.hl7.org/6.5.0/ValueSet-v3-ActPriority.html" : "ActPriority"
    },
    {
      "url" : "http://terminology.hl7.org/CodeSystem/v3-Confidentiality",
      "version" : "3.0.0",
      "status" : "active",
      "name" : "Confidentiality",
      "title" : "Confidentiality",
      "description" : "A set of codes specifying the security classification of acts and roles in accordance with the definition for concept domain \"Confidentiality\".",
      "oids" : ["2.16.840.1.113883.5.25"],
      "uses" : {
      },
      "http://hl7.org/fhir/R4/v3/ConfidentialityClassification/vs.html" : "V3 Value SetConfidentialityClassification"
    },
    {
      "url" : "http://terminology.hl7.org/CodeSystem/v3-EncounterSpecialCourtesy",
      "version" : "3.0.0",
      "status" : "active",
      "name" : "EncounterSpecialCourtesy",
      "title" : "EncounterSpecialCourtesy",
      "description" : "**** MISSING DESCRIPTION ****",
      "oids" : ["2.16.840.1.113883.5.40"],
      "uses" : {
      },
      "http://hl7.org/fhir/R4/valueset-encounter-special-courtesy.html" : "Special courtesy"
    },
    {
      "url" : "http://terminology.hl7.org/CodeSystem/v3-NullFlavor",
      "version" : "3.0.0",
      "status" : "active",
      "name" : "NullFlavor",
      "title" : "NullFlavor",
      "description" : "A collection of codes specifying why a valid value is not present.",
      "oids" : ["2.16.840.1.113883.5.1008"],
      "uses" : {
      },
      "http://hl7.org/fhir/R4/valueset-encounter-special-courtesy.html" : "Special courtesy"
    },
    {
      "url" : "http://terminology.hl7.org/CodeSystem/v3-ObservationInterpretation",
      "version" : "3.0.0",
      "status" : "active",
      "name" : "ObservationInterpretation",
      "title" : "ObservationInterpretation",
      "description" : "One or more codes providing a rough qualitative interpretation of the observation, such as \"normal\" / \"abnormal\", \"low\" / \"high\", \"better\" / \"worse\", \"resistant\" / \"susceptible\", \"expected\" / \"not expected\". The value set is intended to be for ANY use where coded representation of an interpretation is needed.",
      "oids" : ["2.16.840.1.113883.5.83"],
      "uses" : {
      },
      "http://hl7.org/fhir/R4/valueset-observation-interpretation.html" : "Observation Interpretation Codes"
    },
    {
      "url" : "http://terminology.hl7.org/CodeSystem/v3-ParticipationType",
      "version" : "5.0.0",
      "status" : "active",
      "name" : "ParticipationType",
      "title" : "ParticipationType",
      "description" : "A code specifying the meaning and purpose of every Participation instance. Each of its values implies specific constraints on the Roles undertaking the participation.",
      "oids" : ["2.16.840.1.113883.5.90"],
      "uses" : {
      },
      "http://hl7.org/fhir/R4/valueset-encounter-participant-type.html" : "Participant type"
    },
    {
      "url" : "http://terminology.hl7.org/CodeSystem/v3-RoleCode",
      "version" : "3.0.0",
      "status" : "active",
      "name" : "RoleCode",
      "title" : "RoleCode",
      "description" : "A set of codes further specifying the kind of Role; specific classification codes for further qualifying RoleClass codes.",
      "oids" : ["2.16.840.1.113883.5.111"],
      "uses" : {
      },
      "http://terminology.hl7.org/6.5.0/ValueSet-v3-ServiceDeliveryLocationRoleType.html" : "ServiceDeliveryLocationRoleType"
    },
    {
      "url" : "https://build.fhir.org/ig/UP-Manila-SILab/PH-RoadSafetyIG/CodeSystem/CollisionTypeCS",
      "version" : "0.1.0",
      "status" : "draft",
      "name" : "CollisionTypeCS",
      "title" : "Collision Type code system (sample)",
      "description" : "",
      "uses" : {
      },
      "ValueSet-CollisionTypeVS.html" : "Collision types (sample)"
    },
    {
      "url" : "urn:ietf:bcp:47",
      "version" : "2.0.1",
      "status" : "active",
      "name" : "Ietf3066",
      "title" : "Tags for the Identification of Languages",
      "description" : "Older value from OID registry.  Superceded; see recommendations in BCP-47.",
      "oids" : ["2.16.840.1.113883.6.121"],
      "uses" : {
      },
      "http://hl7.org/fhir/R4/valueset-languages.html" : "Common Languages"
    }
  ]
}
