{
  "resourceType" : "CodeSystem",
  "id" : "vehicle-condition-cs",
  "text" : {
    "status" : "generated",
    "div" : "<div xmlns=\"http://www.w3.org/1999/xhtml\"><p class=\"res-header-id\"><b>Generated Narrative: CodeSystem vehicle-condition-cs</b></p><a name=\"vehicle-condition-cs\"> </a><a name=\"hcvehicle-condition-cs\"> </a><p>This case-sensitive code system <code>https://build.fhir.org/ig/UPM-NTHC/PH-RoadSafetyIG/CodeSystem/vehicle-condition-cs</code> defines the following codes:</p><table class=\"codes\"><tr><td style=\"white-space:nowrap\"><b>Code</b></td><td><b>Display</b></td><td><b>Definition</b></td></tr><tr><td style=\"white-space:nowrap\">intact<a name=\"vehicle-condition-cs-intact\"> </a></td><td>Intact</td><td>Vehicle is in good working condition with no visible damage.</td></tr><tr><td style=\"white-space:nowrap\">minor-damage<a name=\"vehicle-condition-cs-minor-damage\"> </a></td><td>Minor Damage</td><td>Vehicle has cosmetic or small functional damage but is still operable.</td></tr><tr><td style=\"white-space:nowrap\">major-damage<a name=\"vehicle-condition-cs-major-damage\"> </a></td><td>Major Damage</td><td>Vehicle has significant structural or functional damage, may not be safe to drive.</td></tr><tr><td style=\"white-space:nowrap\">total-loss<a name=\"vehicle-condition-cs-total-loss\"> </a></td><td>Total Loss</td><td>Vehicle is beyond economical repair (insurance write-off).</td></tr><tr><td style=\"white-space:nowrap\">unknown<a name=\"vehicle-condition-cs-unknown\"> </a></td><td>Unknown</td><td>Vehicle condition could not be determined at the time of assessment.</td></tr></table></div>"
  },
  "url" : "https://build.fhir.org/ig/UPM-NTHC/PH-RoadSafetyIG/CodeSystem/vehicle-condition-cs",
  "version" : "0.1.0",
  "name" : "VehicleConditionCS",
  "title" : "Vehicle Condition",
  "status" : "draft",
  "experimental" : true,
  "date" : "2025-10-09T07:33:25+00:00",
  "publisher" : "UP Manila - National Institutes of Health - National Telehealth Center",
  "contact" : [{
    "name" : "UP Manila - National Institutes of Health - National Telehealth Center",
    "telecom" : [{
      "system" : "url",
      "value" : "https://github.com/UPM-NTHC/PH-RoadSafetyIG"
    }]
  },
  {
    "name" : "PH Road Safety IG Repository",
    "telecom" : [{
      "system" : "url",
      "value" : "https://github.com/UPM-NTHC/PH-RoadSafetyIG"
    }]
  }],
  "jurisdiction" : [{
    "coding" : [{
      "system" : "urn:iso:std:iso:3166",
      "code" : "PH",
      "display" : "Philippines"
    }]
  }],
  "caseSensitive" : true,
  "content" : "complete",
  "count" : 5,
  "concept" : [{
    "code" : "intact",
    "display" : "Intact",
    "definition" : "Vehicle is in good working condition with no visible damage."
  },
  {
    "code" : "minor-damage",
    "display" : "Minor Damage",
    "definition" : "Vehicle has cosmetic or small functional damage but is still operable."
  },
  {
    "code" : "major-damage",
    "display" : "Major Damage",
    "definition" : "Vehicle has significant structural or functional damage, may not be safe to drive."
  },
  {
    "code" : "total-loss",
    "display" : "Total Loss",
    "definition" : "Vehicle is beyond economical repair (insurance write-off)."
  },
  {
    "code" : "unknown",
    "display" : "Unknown",
    "definition" : "Vehicle condition could not be determined at the time of assessment."
  }]
}