<?xml version="1.0" encoding="UTF-8"?>

<CodeSystem xmlns="http://hl7.org/fhir">
  <id value="report-form-received-cs"/>
  <text>
    <status value="generated"/><div xmlns="http://www.w3.org/1999/xhtml"><p class="res-header-id"><b>Generated Narrative: CodeSystem report-form-received-cs</b></p><a name="report-form-received-cs"> </a><a name="hcreport-form-received-cs"> </a><p>This case-sensitive code system <code>https://build.fhir.org/ig/UPM-NTHC/PH-RoadSafetyIG/CodeSystem/report-form-received-cs</code> defines the following codes:</p><table class="codes"><tr><td style="white-space:nowrap"><b>Code</b></td><td><b>Display</b></td></tr><tr><td style="white-space:nowrap">digital<a name="report-form-received-cs-digital"> </a></td><td>Digital</td></tr><tr><td style="white-space:nowrap">physical<a name="report-form-received-cs-physical"> </a></td><td>Physical</td></tr></table></div>
  </text>
  <url value="https://build.fhir.org/ig/UPM-NTHC/PH-RoadSafetyIG/CodeSystem/report-form-received-cs"/>
  <version value="0.1.0"/>
  <name value="ReportFormReceivedCS"/>
  <title value="Report Form Received"/>
  <status value="draft"/>
  <experimental value="true"/>
  <date value="2025-10-09T04:26:27+00:00"/>
  <publisher value="UP Manila - National Institutes of Health - National Telehealth Center"/>
  <contact>
    <name value="UP Manila - National Institutes of Health - National Telehealth Center"/>
    <telecom>
      <system value="url"/>
      <value value="https://github.com/UPM-NTHC/PH-RoadSafetyIG"/>
    </telecom>
  </contact>
  <contact>
    <name value="PH Road Safety IG Repository"/>
    <telecom>
      <system value="url"/>
      <value value="https://github.com/UPM-NTHC/PH-RoadSafetyIG"/>
    </telecom>
  </contact>
  <jurisdiction>
    <coding>
      <system value="urn:iso:std:iso:3166"/>
      <code value="PH"/>
      <display value="Philippines"/>
    </coding>
  </jurisdiction>
  <caseSensitive value="true"/>
  <content value="complete"/>
  <count value="2"/>
  <concept>
    <code value="digital"/>
    <display value="Digital"/>
  </concept>
  <concept>
    <code value="physical"/>
    <display value="Physical"/>
  </concept>
</CodeSystem>