{
  "resourceType" : "CodeSystem",
  "id" : "RSFacilitySectionCS",
  "text" : {
    "status" : "generated",
    "div" : "<div xmlns=\"http://www.w3.org/1999/xhtml\"><p class=\"res-header-id\"><b>Generated Narrative: CodeSystem RSFacilitySectionCS</b></p><a name=\"RSFacilitySectionCS\"> </a><a name=\"hcRSFacilitySectionCS\"> </a><p>This  code system <code>https://build.fhir.org/ig/UPM-NTHC/PH-RoadSafetyIG/CodeSystem/RSFacilitySectionCS</code> defines the following codes:</p><table class=\"codes\"><tr><td style=\"white-space:nowrap\"><b>Code</b></td><td><b>Display</b></td></tr><tr><td style=\"white-space:nowrap\">patient<a name=\"RSFacilitySectionCS-patient\"> </a></td><td>Patient</td></tr><tr><td style=\"white-space:nowrap\">encounter<a name=\"RSFacilitySectionCS-encounter\"> </a></td><td>Encounter</td></tr><tr><td style=\"white-space:nowrap\">ed-vitals<a name=\"RSFacilitySectionCS-ed-vitals\"> </a></td><td>ED Vitals</td></tr><tr><td style=\"white-space:nowrap\">conditions<a name=\"RSFacilitySectionCS-conditions\"> </a></td><td>Conditions</td></tr><tr><td style=\"white-space:nowrap\">outcome<a name=\"RSFacilitySectionCS-outcome\"> </a></td><td>Outcome</td></tr><tr><td style=\"white-space:nowrap\">documents<a name=\"RSFacilitySectionCS-documents\"> </a></td><td>Documents</td></tr><tr><td style=\"white-space:nowrap\">workflow<a name=\"RSFacilitySectionCS-workflow\"> </a></td><td>Workflow / Tasks</td></tr><tr><td style=\"white-space:nowrap\">transport<a name=\"RSFacilitySectionCS-transport\"> </a></td><td>Transport</td></tr></table></div>"
  },
  "url" : "https://build.fhir.org/ig/UPM-NTHC/PH-RoadSafetyIG/CodeSystem/RSFacilitySectionCS",
  "version" : "0.1.0",
  "name" : "RSFacilitySectionCS",
  "title" : "Facility Composition Sections",
  "status" : "draft",
  "date" : "2025-10-08T01:21:21+00:00",
  "publisher" : "UP Manila - National Institutes of Health - National Telehealth Center",
  "contact" : [{
    "name" : "UP Manila - National Institutes of Health - National Telehealth Center",
    "telecom" : [{
      "system" : "url",
      "value" : "https://github.com/UPM-NTHC/PH-RoadSafetyIG"
    }]
  },
  {
    "name" : "PH Road Safety IG Repository",
    "telecom" : [{
      "system" : "url",
      "value" : "https://github.com/UPM-NTHC/PH-RoadSafetyIG"
    }]
  }],
  "jurisdiction" : [{
    "coding" : [{
      "system" : "urn:iso:std:iso:3166",
      "code" : "PH",
      "display" : "Philippines"
    }]
  }],
  "content" : "complete",
  "count" : 8,
  "concept" : [{
    "code" : "patient",
    "display" : "Patient"
  },
  {
    "code" : "encounter",
    "display" : "Encounter"
  },
  {
    "code" : "ed-vitals",
    "display" : "ED Vitals"
  },
  {
    "code" : "conditions",
    "display" : "Conditions"
  },
  {
    "code" : "outcome",
    "display" : "Outcome"
  },
  {
    "code" : "documents",
    "display" : "Documents"
  },
  {
    "code" : "workflow",
    "display" : "Workflow / Tasks"
  },
  {
    "code" : "transport",
    "display" : "Transport"
  }]
}