{
  "resourceType" : "CodeSystem",
  "id" : "report-form-received-cs",
  "text" : {
    "status" : "generated",
    "div" : "<div xmlns=\"http://www.w3.org/1999/xhtml\"><p class=\"res-header-id\"><b>Generated Narrative: CodeSystem report-form-received-cs</b></p><a name=\"report-form-received-cs\"> </a><a name=\"hcreport-form-received-cs\"> </a><p>This case-sensitive code system <code>https://build.fhir.org/ig/UPM-NTHC/PH-RoadSafetyIG/CodeSystem/report-form-received-cs</code> defines the following codes:</p><table class=\"codes\"><tr><td style=\"white-space:nowrap\"><b>Code</b></td><td><b>Display</b></td></tr><tr><td style=\"white-space:nowrap\">digital<a name=\"report-form-received-cs-digital\"> </a></td><td>Digital</td></tr><tr><td style=\"white-space:nowrap\">physical<a name=\"report-form-received-cs-physical\"> </a></td><td>Physical</td></tr></table></div>"
  },
  "url" : "https://build.fhir.org/ig/UPM-NTHC/PH-RoadSafetyIG/CodeSystem/report-form-received-cs",
  "version" : "0.1.0",
  "name" : "ReportFormReceivedCS",
  "title" : "Report Form Received",
  "status" : "draft",
  "experimental" : true,
  "date" : "2025-10-21T09:14:28+00:00",
  "publisher" : "UP Manila - National Institutes of Health - National Telehealth Center",
  "contact" : [{
    "name" : "UP Manila - National Institutes of Health - National Telehealth Center",
    "telecom" : [{
      "system" : "url",
      "value" : "https://github.com/UPM-NTHC/PH-RoadSafetyIG"
    }]
  },
  {
    "name" : "PH Road Safety IG Repository",
    "telecom" : [{
      "system" : "url",
      "value" : "https://github.com/UPM-NTHC/PH-RoadSafetyIG"
    }]
  }],
  "jurisdiction" : [{
    "coding" : [{
      "system" : "urn:iso:std:iso:3166",
      "code" : "PH",
      "display" : "Philippines"
    }]
  }],
  "caseSensitive" : true,
  "content" : "complete",
  "count" : 2,
  "concept" : [{
    "code" : "digital",
    "display" : "Digital"
  },
  {
    "code" : "physical",
    "display" : "Physical"
  }]
}