{
  "resourceType" : "CodeSystem",
  "id" : "activity-cs",
  "text" : {
    "status" : "generated",
    "div" : "<div xmlns=\"http://www.w3.org/1999/xhtml\"><p class=\"res-header-id\"><b>Generated Narrative: CodeSystem activity-cs</b></p><a name=\"activity-cs\"> </a><a name=\"hcactivity-cs\"> </a><p>This  code system <code>https://build.fhir.org/ig/UPM-NTHC/PH-RoadSafetyIG/CodeSystem/activity-cs</code> defines the following codes:</p><table class=\"codes\"><tr><td style=\"white-space:nowrap\"><b>Code</b></td><td><b>Display</b></td></tr><tr><td style=\"white-space:nowrap\">driving<a name=\"activity-cs-driving\"> </a></td><td>Driving</td></tr><tr><td style=\"white-space:nowrap\">walking<a name=\"activity-cs-walking\"> </a></td><td>Walking</td></tr><tr><td style=\"white-space:nowrap\">working<a name=\"activity-cs-working\"> </a></td><td>Working</td></tr><tr><td style=\"white-space:nowrap\">playing<a name=\"activity-cs-playing\"> </a></td><td>Playing</td></tr><tr><td style=\"white-space:nowrap\">other<a name=\"activity-cs-other\"> </a></td><td>Other</td></tr></table></div>"
  },
  "url" : "https://build.fhir.org/ig/UPM-NTHC/PH-RoadSafetyIG/CodeSystem/activity-cs",
  "version" : "0.1.0",
  "name" : "ActivityCS",
  "title" : "Activity at time of incident (example)",
  "status" : "draft",
  "date" : "2025-10-09T08:41:35+00:00",
  "publisher" : "UP Manila - National Institutes of Health - National Telehealth Center",
  "contact" : [{
    "name" : "UP Manila - National Institutes of Health - National Telehealth Center",
    "telecom" : [{
      "system" : "url",
      "value" : "https://github.com/UPM-NTHC/PH-RoadSafetyIG"
    }]
  },
  {
    "name" : "PH Road Safety IG Repository",
    "telecom" : [{
      "system" : "url",
      "value" : "https://github.com/UPM-NTHC/PH-RoadSafetyIG"
    }]
  }],
  "jurisdiction" : [{
    "coding" : [{
      "system" : "urn:iso:std:iso:3166",
      "code" : "PH",
      "display" : "Philippines"
    }]
  }],
  "content" : "complete",
  "count" : 5,
  "concept" : [{
    "code" : "driving",
    "display" : "Driving"
  },
  {
    "code" : "walking",
    "display" : "Walking"
  },
  {
    "code" : "working",
    "display" : "Working"
  },
  {
    "code" : "playing",
    "display" : "Playing"
  },
  {
    "code" : "other",
    "display" : "Other"
  }]
}