{
  "resourceType" : "CodeSystem",
  "id" : "CollisionTypeCS",
  "text" : {
    "status" : "generated",
    "div" : "<div xmlns=\"http://www.w3.org/1999/xhtml\"><p class=\"res-header-id\"><b>Generated Narrative: CodeSystem CollisionTypeCS</b></p><a name=\"CollisionTypeCS\"> </a><a name=\"hcCollisionTypeCS\"> </a><p>This  code system <code>https://build.fhir.org/ig/UPM-NTHC/PH-RoadSafetyIG/CodeSystem/CollisionTypeCS</code> defines the following codes:</p><table class=\"codes\"><tr><td style=\"white-space:nowrap\"><b>Code</b></td><td><b>Display</b></td></tr><tr><td style=\"white-space:nowrap\">rear-end<a name=\"CollisionTypeCS-rear-end\"> </a></td><td>Rear End</td></tr><tr><td style=\"white-space:nowrap\">head-on<a name=\"CollisionTypeCS-head-on\"> </a></td><td>Head On</td></tr><tr><td style=\"white-space:nowrap\">angle-impact<a name=\"CollisionTypeCS-angle-impact\"> </a></td><td>Angle Impact</td></tr><tr><td style=\"white-space:nowrap\">side-swipe<a name=\"CollisionTypeCS-side-swipe\"> </a></td><td>Side Swipe</td></tr></table></div>"
  },
  "url" : "https://build.fhir.org/ig/UPM-NTHC/PH-RoadSafetyIG/CodeSystem/CollisionTypeCS",
  "version" : "0.1.0",
  "name" : "CollisionTypeCS",
  "title" : "Collision Type code system (sample)",
  "status" : "draft",
  "date" : "2025-10-07T09:49:39+00:00",
  "publisher" : "UP Manila - National Institutes of Health - National Telehealth Center",
  "contact" : [{
    "name" : "UP Manila - National Institutes of Health - National Telehealth Center",
    "telecom" : [{
      "system" : "url",
      "value" : "https://github.com/UPM-NTHC/PH-RoadSafetyIG"
    }]
  },
  {
    "name" : "PH Road Safety IG Repository",
    "telecom" : [{
      "system" : "url",
      "value" : "https://github.com/UPM-NTHC/PH-RoadSafetyIG"
    }]
  }],
  "jurisdiction" : [{
    "coding" : [{
      "system" : "urn:iso:std:iso:3166",
      "code" : "PH",
      "display" : "Philippines"
    }]
  }],
  "content" : "complete",
  "count" : 4,
  "concept" : [{
    "code" : "rear-end",
    "display" : "Rear End"
  },
  {
    "code" : "head-on",
    "display" : "Head On"
  },
  {
    "code" : "angle-impact",
    "display" : "Angle Impact"
  },
  {
    "code" : "side-swipe",
    "display" : "Side Swipe"
  }]
}