{
  "resourceType" : "CodeSystem",
  "id" : "vehicle-types",
  "text" : {
    "status" : "generated",
    "div" : "<div xmlns=\"http://www.w3.org/1999/xhtml\"><p class=\"res-header-id\"><b>Generated Narrative: CodeSystem vehicle-types</b></p><a name=\"vehicle-types\"> </a><a name=\"hcvehicle-types\"> </a><p>This case-sensitive code system <code>https://build.fhir.org/ig/UPM-NTHC/PH-RoadSafetyIG/CodeSystem/vehicle-types</code> defines the following codes:</p><table class=\"codes\"><tr><td style=\"white-space:nowrap\"><b>Code</b></td><td><b>Display</b></td></tr><tr><td style=\"white-space:nowrap\">ambulance<a name=\"vehicle-types-ambulance\"> </a></td><td>Ambulance</td></tr><tr><td style=\"white-space:nowrap\">motorcycle<a name=\"vehicle-types-motorcycle\"> </a></td><td>Motorcycle</td></tr><tr><td style=\"white-space:nowrap\">private_car<a name=\"vehicle-types-private_car\"> </a></td><td>Private Car</td></tr><tr><td style=\"white-space:nowrap\">other<a name=\"vehicle-types-other\"> </a></td><td>Other</td></tr></table></div>"
  },
  "url" : "https://build.fhir.org/ig/UPM-NTHC/PH-RoadSafetyIG/CodeSystem/vehicle-types",
  "version" : "0.1.0",
  "name" : "VehicleTypeCS",
  "title" : "Vehicle Types",
  "status" : "draft",
  "experimental" : true,
  "date" : "2025-10-09T17:33:43+00:00",
  "publisher" : "UP Manila - National Institutes of Health - National Telehealth Center",
  "contact" : [{
    "name" : "UP Manila - National Institutes of Health - National Telehealth Center",
    "telecom" : [{
      "system" : "url",
      "value" : "https://github.com/UPM-NTHC/PH-RoadSafetyIG"
    }]
  },
  {
    "name" : "PH Road Safety IG Repository",
    "telecom" : [{
      "system" : "url",
      "value" : "https://github.com/UPM-NTHC/PH-RoadSafetyIG"
    }]
  }],
  "description" : "A code system for different types of vehicles used in road safety encounters.",
  "jurisdiction" : [{
    "coding" : [{
      "system" : "urn:iso:std:iso:3166",
      "code" : "PH",
      "display" : "Philippines"
    }]
  }],
  "caseSensitive" : true,
  "content" : "complete",
  "count" : 4,
  "concept" : [{
    "code" : "ambulance",
    "display" : "Ambulance"
  },
  {
    "code" : "motorcycle",
    "display" : "Motorcycle"
  },
  {
    "code" : "private_car",
    "display" : "Private Car"
  },
  {
    "code" : "other",
    "display" : "Other"
  }]
}