<?xml version="1.0" encoding="UTF-8"?>

<ImplementationGuide xmlns="http://hl7.org/fhir">
  <id value="example.fhir.ph.roadsafety"/>
  <language value="en"/>
  <text>
    <status value="generated"/><div xml:lang="en" xmlns="http://www.w3.org/1999/xhtml" lang="en"><p class="res-header-id"><b>Generated Narrative: ImplementationGuide example.fhir.ph.roadsafety</b></p><a name="example.fhir.ph.roadsafety"> </a><a name="hcexample.fhir.ph.roadsafety"> </a><div style="display: inline-block; background-color: #d9e0e7; padding: 6px; margin: 4px; border: 1px solid #8da1b4; border-radius: 5px; line-height: 60%"><p style="margin-bottom: 0px">Language: en</p></div><h2>PHRoadSafetyIG</h2><p>The official URL for this implementation guide is: </p><pre>https://build.fhir.org/ig/UPM-NTHC/PH-RoadSafetyIG/ImplementationGuide/example.fhir.ph.roadsafety</pre><div><p>FHIR IG for road safety and health information in the Philippines</p>
</div></div>
  </text>
  <url value="https://build.fhir.org/ig/UPM-NTHC/PH-RoadSafetyIG/ImplementationGuide/example.fhir.ph.roadsafety"/>
  <version value="0.1.0"/>
  <name value="PHRoadSafetyIG"/>
  <title value="DRAFT PH Road Safety Implementation Guide"/>
  <status value="draft"/>
  <date value="2025-10-15T18:40:48+00:00"/>
  <publisher value="UP Manila - National Institutes of Health - National Telehealth Center"/>
  <contact>
    <name value="UP Manila - National Institutes of Health - National Telehealth Center"/>
    <telecom>
      <system value="url"/>
      <value value="https://github.com/UPM-NTHC/PH-RoadSafetyIG"/>
    </telecom>
  </contact>
  <contact>
    <name value="PH Road Safety IG Repository"/>
    <telecom>
      <system value="url"/>
      <value value="https://github.com/UPM-NTHC/PH-RoadSafetyIG"/>
    </telecom>
  </contact>
  <description value="FHIR IG for road safety and health information in the Philippines"/>
  <jurisdiction>
    <coding>
      <system value="urn:iso:std:iso:3166"/>
      <code value="PH"/>
      <display value="Philippines"/>
    </coding>
  </jurisdiction>
  <packageId value="example.fhir.ph.roadsafety"/>
  <license value="CC0-1.0"/>
  <fhirVersion value="4.0.1"/>
  <dependsOn id="hl7tx">
    <extension url="http://hl7.org/fhir/tools/StructureDefinition/implementationguide-dependency-comment">
      <valueMarkdown value="Automatically added as a dependency - all IGs depend on HL7 Terminology"/>
    </extension>
    <uri value="http://terminology.hl7.org/ImplementationGuide/hl7.terminology"/>
    <packageId value="hl7.terminology.r4"/>
    <version value="6.5.0"/>
  </dependsOn>
  <dependsOn id="hl7ext">
    <extension url="http://hl7.org/fhir/tools/StructureDefinition/implementationguide-dependency-comment">
      <valueMarkdown value="Automatically added as a dependency - all IGs depend on the HL7 Extension Pack"/>
    </extension>
    <uri value="http://hl7.org/fhir/extensions/ImplementationGuide/hl7.fhir.uv.extensions"/>
    <packageId value="hl7.fhir.uv.extensions.r4"/>
    <version value="5.2.0"/>
  </dependsOn>
  <dependsOn id="example_fhir_ph_core">
    <uri value="urn://example.com/ph-core/fhir/ImplementationGuide/example.fhir.ph.core"/>
    <packageId value="example.fhir.ph.core"/>
    <version value="current"/>
  </dependsOn>
  <definition>
    <extension url="http://hl7.org/fhir/tools/StructureDefinition/ig-parameter">
      <extension url="code">
        <valueString value="copyrightyear"/>
      </extension>
      <extension url="value">
        <valueString value="2025+"/>
      </extension>
    </extension>
    <extension url="http://hl7.org/fhir/tools/StructureDefinition/ig-parameter">
      <extension url="code">
        <valueString value="releaselabel"/>
      </extension>
      <extension url="value">
        <valueString value="ci-build"/>
      </extension>
    </extension>
    <extension url="http://hl7.org/fhir/tools/StructureDefinition/ig-parameter">
      <extension url="code">
        <valueString value="autoload-resources"/>
      </extension>
      <extension url="value">
        <valueString value="true"/>
      </extension>
    </extension>
    <extension url="http://hl7.org/fhir/tools/StructureDefinition/ig-parameter">
      <extension url="code">
        <valueString value="path-liquid"/>
      </extension>
      <extension url="value">
        <valueString value="template/liquid"/>
      </extension>
    </extension>
    <extension url="http://hl7.org/fhir/tools/StructureDefinition/ig-parameter">
      <extension url="code">
        <valueString value="path-liquid"/>
      </extension>
      <extension url="value">
        <valueString value="input/liquid"/>
      </extension>
    </extension>
    <extension url="http://hl7.org/fhir/tools/StructureDefinition/ig-parameter">
      <extension url="code">
        <valueString value="path-qa"/>
      </extension>
      <extension url="value">
        <valueString value="temp/qa"/>
      </extension>
    </extension>
    <extension url="http://hl7.org/fhir/tools/StructureDefinition/ig-parameter">
      <extension url="code">
        <valueString value="path-temp"/>
      </extension>
      <extension url="value">
        <valueString value="temp/pages"/>
      </extension>
    </extension>
    <extension url="http://hl7.org/fhir/tools/StructureDefinition/ig-parameter">
      <extension url="code">
        <valueString value="path-output"/>
      </extension>
      <extension url="value">
        <valueString value="output"/>
      </extension>
    </extension>
    <extension url="http://hl7.org/fhir/tools/StructureDefinition/ig-parameter">
      <extension url="code">
        <valueString value="path-suppressed-warnings"/>
      </extension>
      <extension url="value">
        <valueString value="input/ignoreWarnings.txt"/>
      </extension>
    </extension>
    <extension url="http://hl7.org/fhir/tools/StructureDefinition/ig-parameter">
      <extension url="code">
        <valueString value="path-history"/>
      </extension>
      <extension url="value">
        <valueString value="https://build.fhir.org/ig/UPM-NTHC/PH-RoadSafetyIG/history.html"/>
      </extension>
    </extension>
    <extension url="http://hl7.org/fhir/tools/StructureDefinition/ig-parameter">
      <extension url="code">
        <valueString value="template-html"/>
      </extension>
      <extension url="value">
        <valueString value="template-page.html"/>
      </extension>
    </extension>
    <extension url="http://hl7.org/fhir/tools/StructureDefinition/ig-parameter">
      <extension url="code">
        <valueString value="template-md"/>
      </extension>
      <extension url="value">
        <valueString value="template-page-md.html"/>
      </extension>
    </extension>
    <extension url="http://hl7.org/fhir/tools/StructureDefinition/ig-parameter">
      <extension url="code">
        <valueString value="apply-contact"/>
      </extension>
      <extension url="value">
        <valueString value="true"/>
      </extension>
    </extension>
    <extension url="http://hl7.org/fhir/tools/StructureDefinition/ig-parameter">
      <extension url="code">
        <valueString value="apply-context"/>
      </extension>
      <extension url="value">
        <valueString value="true"/>
      </extension>
    </extension>
    <extension url="http://hl7.org/fhir/tools/StructureDefinition/ig-parameter">
      <extension url="code">
        <valueString value="apply-copyright"/>
      </extension>
      <extension url="value">
        <valueString value="true"/>
      </extension>
    </extension>
    <extension url="http://hl7.org/fhir/tools/StructureDefinition/ig-parameter">
      <extension url="code">
        <valueString value="apply-jurisdiction"/>
      </extension>
      <extension url="value">
        <valueString value="true"/>
      </extension>
    </extension>
    <extension url="http://hl7.org/fhir/tools/StructureDefinition/ig-parameter">
      <extension url="code">
        <valueString value="apply-license"/>
      </extension>
      <extension url="value">
        <valueString value="true"/>
      </extension>
    </extension>
    <extension url="http://hl7.org/fhir/tools/StructureDefinition/ig-parameter">
      <extension url="code">
        <valueString value="apply-publisher"/>
      </extension>
      <extension url="value">
        <valueString value="true"/>
      </extension>
    </extension>
    <extension url="http://hl7.org/fhir/tools/StructureDefinition/ig-parameter">
      <extension url="code">
        <valueString value="apply-version"/>
      </extension>
      <extension url="value">
        <valueString value="true"/>
      </extension>
    </extension>
    <extension url="http://hl7.org/fhir/tools/StructureDefinition/ig-parameter">
      <extension url="code">
        <valueString value="apply-wg"/>
      </extension>
      <extension url="value">
        <valueString value="true"/>
      </extension>
    </extension>
    <extension url="http://hl7.org/fhir/tools/StructureDefinition/ig-parameter">
      <extension url="code">
        <valueString value="active-tables"/>
      </extension>
      <extension url="value">
        <valueString value="true"/>
      </extension>
    </extension>
    <extension url="http://hl7.org/fhir/tools/StructureDefinition/ig-parameter">
      <extension url="code">
        <valueString value="fmm-definition"/>
      </extension>
      <extension url="value">
        <valueString value="http://hl7.org/fhir/versions.html#maturity"/>
      </extension>
    </extension>
    <extension url="http://hl7.org/fhir/tools/StructureDefinition/ig-parameter">
      <extension url="code">
        <valueString value="propagate-status"/>
      </extension>
      <extension url="value">
        <valueString value="true"/>
      </extension>
    </extension>
    <extension url="http://hl7.org/fhir/tools/StructureDefinition/ig-parameter">
      <extension url="code">
        <valueString value="excludelogbinaryformat"/>
      </extension>
      <extension url="value">
        <valueString value="true"/>
      </extension>
    </extension>
    <extension url="http://hl7.org/fhir/tools/StructureDefinition/ig-parameter">
      <extension url="code">
        <valueString value="tabbed-snapshots"/>
      </extension>
      <extension url="value">
        <valueString value="true"/>
      </extension>
    </extension>
    <extension url="http://hl7.org/fhir/tools/StructureDefinition/ig-internal-dependency">
      <valueCode value="hl7.fhir.uv.tools.r4#0.8.0"/>
    </extension>
    <extension url="http://hl7.org/fhir/tools/StructureDefinition/ig-parameter">
      <extension url="code">
        <valueCode value="copyrightyear"/>
      </extension>
      <extension url="value">
        <valueString value="2025+"/>
      </extension>
    </extension>
    <extension url="http://hl7.org/fhir/tools/StructureDefinition/ig-parameter">
      <extension url="code">
        <valueCode value="releaselabel"/>
      </extension>
      <extension url="value">
        <valueString value="ci-build"/>
      </extension>
    </extension>
    <extension url="http://hl7.org/fhir/tools/StructureDefinition/ig-parameter">
      <extension url="code">
        <valueCode value="autoload-resources"/>
      </extension>
      <extension url="value">
        <valueString value="true"/>
      </extension>
    </extension>
    <extension url="http://hl7.org/fhir/tools/StructureDefinition/ig-parameter">
      <extension url="code">
        <valueCode value="path-liquid"/>
      </extension>
      <extension url="value">
        <valueString value="template/liquid"/>
      </extension>
    </extension>
    <extension url="http://hl7.org/fhir/tools/StructureDefinition/ig-parameter">
      <extension url="code">
        <valueCode value="path-liquid"/>
      </extension>
      <extension url="value">
        <valueString value="input/liquid"/>
      </extension>
    </extension>
    <extension url="http://hl7.org/fhir/tools/StructureDefinition/ig-parameter">
      <extension url="code">
        <valueCode value="path-qa"/>
      </extension>
      <extension url="value">
        <valueString value="temp/qa"/>
      </extension>
    </extension>
    <extension url="http://hl7.org/fhir/tools/StructureDefinition/ig-parameter">
      <extension url="code">
        <valueCode value="path-temp"/>
      </extension>
      <extension url="value">
        <valueString value="temp/pages"/>
      </extension>
    </extension>
    <extension url="http://hl7.org/fhir/tools/StructureDefinition/ig-parameter">
      <extension url="code">
        <valueCode value="path-output"/>
      </extension>
      <extension url="value">
        <valueString value="output"/>
      </extension>
    </extension>
    <extension url="http://hl7.org/fhir/tools/StructureDefinition/ig-parameter">
      <extension url="code">
        <valueCode value="path-suppressed-warnings"/>
      </extension>
      <extension url="value">
        <valueString value="input/ignoreWarnings.txt"/>
      </extension>
    </extension>
    <extension url="http://hl7.org/fhir/tools/StructureDefinition/ig-parameter">
      <extension url="code">
        <valueCode value="path-history"/>
      </extension>
      <extension url="value">
        <valueString value="https://build.fhir.org/ig/UPM-NTHC/PH-RoadSafetyIG/history.html"/>
      </extension>
    </extension>
    <extension url="http://hl7.org/fhir/tools/StructureDefinition/ig-parameter">
      <extension url="code">
        <valueCode value="template-html"/>
      </extension>
      <extension url="value">
        <valueString value="template-page.html"/>
      </extension>
    </extension>
    <extension url="http://hl7.org/fhir/tools/StructureDefinition/ig-parameter">
      <extension url="code">
        <valueCode value="template-md"/>
      </extension>
      <extension url="value">
        <valueString value="template-page-md.html"/>
      </extension>
    </extension>
    <extension url="http://hl7.org/fhir/tools/StructureDefinition/ig-parameter">
      <extension url="code">
        <valueCode value="apply-contact"/>
      </extension>
      <extension url="value">
        <valueString value="true"/>
      </extension>
    </extension>
    <extension url="http://hl7.org/fhir/tools/StructureDefinition/ig-parameter">
      <extension url="code">
        <valueCode value="apply-context"/>
      </extension>
      <extension url="value">
        <valueString value="true"/>
      </extension>
    </extension>
    <extension url="http://hl7.org/fhir/tools/StructureDefinition/ig-parameter">
      <extension url="code">
        <valueCode value="apply-copyright"/>
      </extension>
      <extension url="value">
        <valueString value="true"/>
      </extension>
    </extension>
    <extension url="http://hl7.org/fhir/tools/StructureDefinition/ig-parameter">
      <extension url="code">
        <valueCode value="apply-jurisdiction"/>
      </extension>
      <extension url="value">
        <valueString value="true"/>
      </extension>
    </extension>
    <extension url="http://hl7.org/fhir/tools/StructureDefinition/ig-parameter">
      <extension url="code">
        <valueCode value="apply-license"/>
      </extension>
      <extension url="value">
        <valueString value="true"/>
      </extension>
    </extension>
    <extension url="http://hl7.org/fhir/tools/StructureDefinition/ig-parameter">
      <extension url="code">
        <valueCode value="apply-publisher"/>
      </extension>
      <extension url="value">
        <valueString value="true"/>
      </extension>
    </extension>
    <extension url="http://hl7.org/fhir/tools/StructureDefinition/ig-parameter">
      <extension url="code">
        <valueCode value="apply-version"/>
      </extension>
      <extension url="value">
        <valueString value="true"/>
      </extension>
    </extension>
    <extension url="http://hl7.org/fhir/tools/StructureDefinition/ig-parameter">
      <extension url="code">
        <valueCode value="apply-wg"/>
      </extension>
      <extension url="value">
        <valueString value="true"/>
      </extension>
    </extension>
    <extension url="http://hl7.org/fhir/tools/StructureDefinition/ig-parameter">
      <extension url="code">
        <valueCode value="active-tables"/>
      </extension>
      <extension url="value">
        <valueString value="true"/>
      </extension>
    </extension>
    <extension url="http://hl7.org/fhir/tools/StructureDefinition/ig-parameter">
      <extension url="code">
        <valueCode value="fmm-definition"/>
      </extension>
      <extension url="value">
        <valueString value="http://hl7.org/fhir/versions.html#maturity"/>
      </extension>
    </extension>
    <extension url="http://hl7.org/fhir/tools/StructureDefinition/ig-parameter">
      <extension url="code">
        <valueCode value="propagate-status"/>
      </extension>
      <extension url="value">
        <valueString value="true"/>
      </extension>
    </extension>
    <extension url="http://hl7.org/fhir/tools/StructureDefinition/ig-parameter">
      <extension url="code">
        <valueCode value="excludelogbinaryformat"/>
      </extension>
      <extension url="value">
        <valueString value="true"/>
      </extension>
    </extension>
    <extension url="http://hl7.org/fhir/tools/StructureDefinition/ig-parameter">
      <extension url="code">
        <valueCode value="tabbed-snapshots"/>
      </extension>
      <extension url="value">
        <valueString value="true"/>
      </extension>
    </extension>
    <resource>
      <extension url="http://hl7.org/fhir/tools/StructureDefinition/resource-information">
        <valueString value="ConceptMap"/>
      </extension>
      <reference>
        <reference value="ConceptMap/MDSRoadSafety2FHIR"/>
      </reference>
      <name value="MDS Logical Model to FHIR Mapping"/>
      <description value="Maps elements from the MDSRoadSafety logical model to target FHIR R4 resources."/>
      <exampleBoolean value="false"/>
    </resource>
    <resource>
      <extension url="http://hl7.org/fhir/tools/StructureDefinition/resource-information">
        <valueString value="StructureDefinition:resource"/>
      </extension>
      <reference>
        <reference value="StructureDefinition/rs-allergy-intolerance"/>
      </reference>
      <name value="Road Safety AllergyIntolerance"/>
      <description value="Known allergies, substances and reactions."/>
      <exampleBoolean value="false"/>
    </resource>
    <resource>
      <extension url="http://hl7.org/fhir/tools/StructureDefinition/resource-information">
        <valueString value="StructureDefinition:resource"/>
      </extension>
      <reference>
        <reference value="StructureDefinition/rs-bundle-ems"/>
      </reference>
      <name value="Road Safety Bundle — EMS Submission"/>
      <description value="Bundle for EMS Run Report submission containing core patient, encounter, location, observations, documents, and workflow items."/>
      <exampleBoolean value="false"/>
    </resource>
    <resource>
      <extension url="http://hl7.org/fhir/tools/StructureDefinition/resource-information">
        <valueString value="StructureDefinition:resource"/>
      </extension>
      <reference>
        <reference value="StructureDefinition/rs-bundle-oneiss"/>
      </reference>
      <name value="Road Safety Bundle — ONEISS Submission"/>
      <description value="Bundle for Facility ONEISS submission containing patient, encounter, conditions, observations, and supporting documents."/>
      <exampleBoolean value="false"/>
    </resource>
    <resource>
      <extension url="http://hl7.org/fhir/tools/StructureDefinition/resource-information">
        <valueString value="StructureDefinition:resource"/>
      </extension>
      <reference>
        <reference value="StructureDefinition/rs-claim"/>
      </reference>
      <name value="Road Safety Claim"/>
      <description value="Claim information related to cost of care."/>
      <exampleBoolean value="false"/>
    </resource>
    <resource>
      <extension url="http://hl7.org/fhir/tools/StructureDefinition/resource-information">
        <valueString value="StructureDefinition:resource"/>
      </extension>
      <reference>
        <reference value="StructureDefinition/rs-condition"/>
      </reference>
      <name value="Road Safety Condition"/>
      <description value="Condition resource for Road Safety IG.  a single, flexible Condition profile that supports multiple coding systems (ICD, SNOMED), textual entries, and use-case specific semantics (initial impression, final diagnosis, medical history) via code.coding slicing and category usage."/>
      <exampleBoolean value="false"/>
    </resource>
    <resource>
      <extension url="http://hl7.org/fhir/tools/StructureDefinition/resource-information">
        <valueString value="StructureDefinition:resource"/>
      </extension>
      <reference>
        <reference value="StructureDefinition/rs-document-reference"/>
      </reference>
      <name value="Road Safety DocumentReference (Evidence)"/>
      <description value="Evidence and post-crash documentation linked to the incident (e.g., cause of crash, party at fault, incident management logs, CCTV, shape files)."/>
      <exampleBoolean value="false"/>
    </resource>
    <resource>
      <extension url="http://hl7.org/fhir/tools/StructureDefinition/resource-information">
        <valueString value="StructureDefinition:resource"/>
      </extension>
      <reference>
        <reference value="StructureDefinition/rs-encounter"/>
      </reference>
      <name value="Road Safety Encounter"/>
      <description value="Encounter for EMS run report / facility submission context. Captures incident number, type, timing, participants, disposition &amp; transfer."/>
      <exampleBoolean value="false"/>
    </resource>
    <resource>
      <extension url="http://hl7.org/fhir/tools/StructureDefinition/resource-information">
        <valueString value="StructureDefinition:resource"/>
      </extension>
      <reference>
        <reference value="StructureDefinition/rs-healthcare-service"/>
      </reference>
      <name value="Road Safety HealthcareService"/>
      <description value="Healthcare services offered by organizations (e.g., EMS base, receiving facility clinics/units)."/>
      <exampleBoolean value="false"/>
    </resource>
    <resource>
      <extension url="http://hl7.org/fhir/tools/StructureDefinition/resource-information">
        <valueString value="StructureDefinition:resource"/>
      </extension>
      <reference>
        <reference value="StructureDefinition/rs-location-incident"/>
      </reference>
      <name value="Road Safety Incident Location"/>
      <description value="Location of incident; supports PH-Core address extensions and geolocation."/>
      <exampleBoolean value="false"/>
    </resource>
    <resource>
      <extension url="http://hl7.org/fhir/tools/StructureDefinition/resource-information">
        <valueString value="StructureDefinition:resource"/>
      </extension>
      <reference>
        <reference value="StructureDefinition/rs-medication-statement"/>
      </reference>
      <name value="Road Safety MedicationStatement"/>
      <description value="Current medications as codeable concepts or references where available."/>
      <exampleBoolean value="false"/>
    </resource>
    <resource>
      <extension url="http://hl7.org/fhir/tools/StructureDefinition/resource-information">
        <valueString value="StructureDefinition:logical"/>
      </extension>
      <reference>
        <reference value="StructureDefinition/ph-road-safety-logical-model"/>
      </reference>
      <name value="Road Safety Minimum Dataset (MDS) Logical Model"/>
      <description value="Abstract, sectioned logical model for the PH Road Safety MDS covering incident, patient, encounter, clinical, vitals, injuries, evidence/documents, workflow, and finance. Elements mirror the CSV rows; mappings point to target FHIR elements for subsequent profiling."/>
      <exampleBoolean value="false"/>
    </resource>
    <resource>
      <extension url="http://hl7.org/fhir/tools/StructureDefinition/resource-information">
        <valueString value="StructureDefinition:resource"/>
      </extension>
      <reference>
        <reference value="StructureDefinition/rs-observation"/>
      </reference>
      <name value="Road Safety Observation"/>
      <description value="Generic base Observation for road safety data; specialized concept profiles below constrain code/value patterns."/>
      <exampleBoolean value="false"/>
    </resource>
    <resource>
      <extension url="http://hl7.org/fhir/tools/StructureDefinition/resource-information">
        <valueString value="StructureDefinition:resource"/>
      </extension>
      <reference>
        <reference value="StructureDefinition/rs-observation-abrasion"/>
      </reference>
      <name value="Road Safety Observation - Abrasion"/>
      <description value="Abrasion present; with optional site and details."/>
      <exampleBoolean value="false"/>
    </resource>
    <resource>
      <extension url="http://hl7.org/fhir/tools/StructureDefinition/resource-information">
        <valueString value="StructureDefinition:resource"/>
      </extension>
      <reference>
        <reference value="StructureDefinition/rs-observation-activity-at-incident"/>
      </reference>
      <name value="Road Safety Observation - Activity at Time of Incident"/>
      <description value="Activity of the patient at time of incident; allow text fallback."/>
      <exampleBoolean value="false"/>
    </resource>
    <resource>
      <extension url="http://hl7.org/fhir/tools/StructureDefinition/resource-information">
        <valueString value="StructureDefinition:resource"/>
      </extension>
      <reference>
        <reference value="StructureDefinition/rs-observation-avulsion"/>
      </reference>
      <name value="Road Safety Observation - Avulsion"/>
      <description value="Avulsion present; with optional site and details."/>
      <exampleBoolean value="false"/>
    </resource>
    <resource>
      <extension url="http://hl7.org/fhir/tools/StructureDefinition/resource-information">
        <valueString value="StructureDefinition:resource"/>
      </extension>
      <reference>
        <reference value="StructureDefinition/rs-observation-blood-alcohol"/>
      </reference>
      <name value="Road Safety Observation - Blood Alcohol Concentration"/>
      <description value="Blood alcohol concentration."/>
      <exampleBoolean value="false"/>
    </resource>
    <resource>
      <extension url="http://hl7.org/fhir/tools/StructureDefinition/resource-information">
        <valueString value="StructureDefinition:resource"/>
      </extension>
      <reference>
        <reference value="StructureDefinition/rs-observation-blood-pressure"/>
      </reference>
      <name value="Road Safety Observation - Blood Pressure"/>
      <description value="Blood pressure using component entries for systolic/diastolic."/>
      <exampleBoolean value="false"/>
    </resource>
    <resource>
      <extension url="http://hl7.org/fhir/tools/StructureDefinition/resource-information">
        <valueString value="StructureDefinition:resource"/>
      </extension>
      <reference>
        <reference value="StructureDefinition/rs-observation-body-temperature"/>
      </reference>
      <name value="Road Safety Observation - Body Temperature"/>
      <description value="Body temperature."/>
      <exampleBoolean value="false"/>
    </resource>
    <resource>
      <extension url="http://hl7.org/fhir/tools/StructureDefinition/resource-information">
        <valueString value="StructureDefinition:resource"/>
      </extension>
      <reference>
        <reference value="StructureDefinition/rs-observation-breath-sounds"/>
      </reference>
      <name value="Road Safety Observation - Breath Sounds"/>
      <description value="Breath sounds assessment."/>
      <exampleBoolean value="false"/>
    </resource>
    <resource>
      <extension url="http://hl7.org/fhir/tools/StructureDefinition/resource-information">
        <valueString value="StructureDefinition:resource"/>
      </extension>
      <reference>
        <reference value="StructureDefinition/rs-observation-burn-1st"/>
      </reference>
      <name value="Road Safety Observation - Burn 1st Degree"/>
      <description value="1st degree burn present; with site and details."/>
      <exampleBoolean value="false"/>
    </resource>
    <resource>
      <extension url="http://hl7.org/fhir/tools/StructureDefinition/resource-information">
        <valueString value="StructureDefinition:resource"/>
      </extension>
      <reference>
        <reference value="StructureDefinition/rs-observation-burn-2nd"/>
      </reference>
      <name value="Road Safety Observation - Burn 2nd Degree"/>
      <description value="2nd degree burn present; with site and details."/>
      <exampleBoolean value="false"/>
    </resource>
    <resource>
      <extension url="http://hl7.org/fhir/tools/StructureDefinition/resource-information">
        <valueString value="StructureDefinition:resource"/>
      </extension>
      <reference>
        <reference value="StructureDefinition/rs-observation-burn-3rd"/>
      </reference>
      <name value="Road Safety Observation - Burn 3rd Degree"/>
      <description value="3rd degree burn present; with site and details."/>
      <exampleBoolean value="false"/>
    </resource>
    <resource>
      <extension url="http://hl7.org/fhir/tools/StructureDefinition/resource-information">
        <valueString value="StructureDefinition:resource"/>
      </extension>
      <reference>
        <reference value="StructureDefinition/rs-observation-burn-4th"/>
      </reference>
      <name value="Road Safety Observation - Burn 4th Degree"/>
      <description value="4th degree burn present; with site and details."/>
      <exampleBoolean value="false"/>
    </resource>
    <resource>
      <extension url="http://hl7.org/fhir/tools/StructureDefinition/resource-information">
        <valueString value="StructureDefinition:resource"/>
      </extension>
      <reference>
        <reference value="StructureDefinition/rs-observation-call-source"/>
      </reference>
      <name value="Road Safety Observation - Call Source"/>
      <description value="Call source description (free text)."/>
      <exampleBoolean value="false"/>
    </resource>
    <resource>
      <extension url="http://hl7.org/fhir/tools/StructureDefinition/resource-information">
        <valueString value="StructureDefinition:resource"/>
      </extension>
      <reference>
        <reference value="StructureDefinition/rs-observation-cctv-available"/>
      </reference>
      <name value="Road Safety Observation - CCTV Available"/>
      <description value="Availability of CCTV video."/>
      <exampleBoolean value="false"/>
    </resource>
    <resource>
      <extension url="http://hl7.org/fhir/tools/StructureDefinition/resource-information">
        <valueString value="StructureDefinition:resource"/>
      </extension>
      <reference>
        <reference value="StructureDefinition/rs-observation-clinical-remarks"/>
      </reference>
      <name value="Road Safety Observation - Clinical Remarks"/>
      <description value="Clinical remarks/notes."/>
      <exampleBoolean value="false"/>
    </resource>
    <resource>
      <extension url="http://hl7.org/fhir/tools/StructureDefinition/resource-information">
        <valueString value="StructureDefinition:resource"/>
      </extension>
      <reference>
        <reference value="StructureDefinition/rs-observation-collision-type"/>
      </reference>
      <name value="Road Safety Observation - Collision Type"/>
      <description value="Collision type (Angle, Head-on, Rear end, Side swipe, etc.)."/>
      <exampleBoolean value="false"/>
    </resource>
    <resource>
      <extension url="http://hl7.org/fhir/tools/StructureDefinition/resource-information">
        <valueString value="StructureDefinition:resource"/>
      </extension>
      <reference>
        <reference value="StructureDefinition/rs-observation-collision-vs-noncollision"/>
      </reference>
      <name value="Road Safety Observation - Collision vs Non-Collision"/>
      <description value="Indicates whether the incident was collision or non-collision."/>
      <exampleBoolean value="false"/>
    </resource>
    <resource>
      <extension url="http://hl7.org/fhir/tools/StructureDefinition/resource-information">
        <valueString value="StructureDefinition:resource"/>
      </extension>
      <reference>
        <reference value="StructureDefinition/rs-observation-concussion"/>
      </reference>
      <name value="Road Safety Observation - Concussion"/>
      <description value="Concussion present; with site and details."/>
      <exampleBoolean value="false"/>
    </resource>
    <resource>
      <extension url="http://hl7.org/fhir/tools/StructureDefinition/resource-information">
        <valueString value="StructureDefinition:resource"/>
      </extension>
      <reference>
        <reference value="StructureDefinition/rs-observation-condition-of-patient"/>
      </reference>
      <name value="Road Safety Observation - Condition of Patient"/>
      <description value="Overall condition of patient at assessment."/>
      <exampleBoolean value="false"/>
    </resource>
    <resource>
      <extension url="http://hl7.org/fhir/tools/StructureDefinition/resource-information">
        <valueString value="StructureDefinition:resource"/>
      </extension>
      <reference>
        <reference value="StructureDefinition/rs-observation-contusion"/>
      </reference>
      <name value="Road Safety Observation - Contusion"/>
      <description value="Contusion present; with site and details."/>
      <exampleBoolean value="false"/>
    </resource>
    <resource>
      <extension url="http://hl7.org/fhir/tools/StructureDefinition/resource-information">
        <valueString value="StructureDefinition:resource"/>
      </extension>
      <reference>
        <reference value="StructureDefinition/rs-observation-cyanosis"/>
      </reference>
      <name value="Road Safety Observation - Cyanosis"/>
      <description value="Cyanosis assessment."/>
      <exampleBoolean value="false"/>
    </resource>
    <resource>
      <extension url="http://hl7.org/fhir/tools/StructureDefinition/resource-information">
        <valueString value="StructureDefinition:resource"/>
      </extension>
      <reference>
        <reference value="StructureDefinition/rs-observation-injury-datetime"/>
      </reference>
      <name value="Road Safety Observation - Date/Time of Injury"/>
      <description value="Timestamp of injury occurrence."/>
      <exampleBoolean value="false"/>
    </resource>
    <resource>
      <extension url="http://hl7.org/fhir/tools/StructureDefinition/resource-information">
        <valueString value="StructureDefinition:resource"/>
      </extension>
      <reference>
        <reference value="StructureDefinition/rs-observation-date-received"/>
      </reference>
      <name value="Road Safety Observation - Date/Time Received by EMS"/>
      <description value="Calendar/timestamp the EMS/dispatch received the request."/>
      <exampleBoolean value="false"/>
    </resource>
    <resource>
      <extension url="http://hl7.org/fhir/tools/StructureDefinition/resource-information">
        <valueString value="StructureDefinition:resource"/>
      </extension>
      <reference>
        <reference value="StructureDefinition/rs-observation-ec-bites-stings"/>
      </reference>
      <name value="Road Safety Observation - External Cause: Bites/Stings"/>
      <description value="Flag indicating bites/stings."/>
      <exampleBoolean value="false"/>
    </resource>
    <resource>
      <extension url="http://hl7.org/fhir/tools/StructureDefinition/resource-information">
        <valueString value="StructureDefinition:resource"/>
      </extension>
      <reference>
        <reference value="StructureDefinition/rs-observation-ec-burns"/>
      </reference>
      <name value="Road Safety Observation - External Cause: Burns"/>
      <description value="Flag indicating burns as external cause."/>
      <exampleBoolean value="false"/>
    </resource>
    <resource>
      <extension url="http://hl7.org/fhir/tools/StructureDefinition/resource-information">
        <valueString value="StructureDefinition:resource"/>
      </extension>
      <reference>
        <reference value="StructureDefinition/rs-observation-ec-chemical"/>
      </reference>
      <name value="Road Safety Observation - External Cause: Chemical/Substance"/>
      <description value="Flag indicating chemical/substance exposure."/>
      <exampleBoolean value="false"/>
    </resource>
    <resource>
      <extension url="http://hl7.org/fhir/tools/StructureDefinition/resource-information">
        <valueString value="StructureDefinition:resource"/>
      </extension>
      <reference>
        <reference value="StructureDefinition/rs-observation-ec-sharp-object"/>
      </reference>
      <name value="Road Safety Observation - External Cause: Contact with Sharp Object"/>
      <description value="Flag indicating sharp object cause."/>
      <exampleBoolean value="false"/>
    </resource>
    <resource>
      <extension url="http://hl7.org/fhir/tools/StructureDefinition/resource-information">
        <valueString value="StructureDefinition:resource"/>
      </extension>
      <reference>
        <reference value="StructureDefinition/rs-observation-ec-drowning"/>
      </reference>
      <name value="Road Safety Observation - External Cause: Drowning"/>
      <description value="Flag indicating drowning."/>
      <exampleBoolean value="false"/>
    </resource>
    <resource>
      <extension url="http://hl7.org/fhir/tools/StructureDefinition/resource-information">
        <valueString value="StructureDefinition:resource"/>
      </extension>
      <reference>
        <reference value="StructureDefinition/rs-observation-ec-forces-of-nature"/>
      </reference>
      <name value="Road Safety Observation - External Cause: Exposure to Forces of Nature"/>
      <description value="Flag indicating exposure to natural disaster/calamity."/>
      <exampleBoolean value="false"/>
    </resource>
    <resource>
      <extension url="http://hl7.org/fhir/tools/StructureDefinition/resource-information">
        <valueString value="StructureDefinition:resource"/>
      </extension>
      <reference>
        <reference value="StructureDefinition/rs-observation-ec-fall"/>
      </reference>
      <name value="Road Safety Observation - External Cause: Fall"/>
      <description value="Flag indicating fall."/>
      <exampleBoolean value="false"/>
    </resource>
    <resource>
      <extension url="http://hl7.org/fhir/tools/StructureDefinition/resource-information">
        <valueString value="StructureDefinition:resource"/>
      </extension>
      <reference>
        <reference value="StructureDefinition/rs-observation-ec-firecracker"/>
      </reference>
      <name value="Road Safety Observation - External Cause: Firecracker"/>
      <description value="Flag indicating firecracker-related cause."/>
      <exampleBoolean value="false"/>
    </resource>
    <resource>
      <extension url="http://hl7.org/fhir/tools/StructureDefinition/resource-information">
        <valueString value="StructureDefinition:resource"/>
      </extension>
      <reference>
        <reference value="StructureDefinition/rs-observation-ec-gunshot"/>
      </reference>
      <name value="Road Safety Observation - External Cause: Gunshot"/>
      <description value="Flag indicating gunshot."/>
      <exampleBoolean value="false"/>
    </resource>
    <resource>
      <extension url="http://hl7.org/fhir/tools/StructureDefinition/resource-information">
        <valueString value="StructureDefinition:resource"/>
      </extension>
      <reference>
        <reference value="StructureDefinition/rs-observation-ec-hanging-strangulation"/>
      </reference>
      <name value="Road Safety Observation - External Cause: Hanging/Strangulation"/>
      <description value="Flag indicating hanging/strangulation."/>
      <exampleBoolean value="false"/>
    </resource>
    <resource>
      <extension url="http://hl7.org/fhir/tools/StructureDefinition/resource-information">
        <valueString value="StructureDefinition:resource"/>
      </extension>
      <reference>
        <reference value="StructureDefinition/rs-observation-ec-mauling-assault"/>
      </reference>
      <name value="Road Safety Observation - External Cause: Mauling/Assault"/>
      <description value="Flag indicating assault."/>
      <exampleBoolean value="false"/>
    </resource>
    <resource>
      <extension url="http://hl7.org/fhir/tools/StructureDefinition/resource-information">
        <valueString value="StructureDefinition:resource"/>
      </extension>
      <reference>
        <reference value="StructureDefinition/rs-observation-ec-other"/>
      </reference>
      <name value="Road Safety Observation - External Cause: Other"/>
      <description value="Flag indicating other external cause."/>
      <exampleBoolean value="false"/>
    </resource>
    <resource>
      <extension url="http://hl7.org/fhir/tools/StructureDefinition/resource-information">
        <valueString value="StructureDefinition:resource"/>
      </extension>
      <reference>
        <reference value="StructureDefinition/rs-observation-ec-sexual-assault"/>
      </reference>
      <name value="Road Safety Observation - External Cause: Sexual Assault/Abuse/Rape (Alleged)"/>
      <description value="Flag indicating sexual assault."/>
      <exampleBoolean value="false"/>
    </resource>
    <resource>
      <extension url="http://hl7.org/fhir/tools/StructureDefinition/resource-information">
        <valueString value="StructureDefinition:resource"/>
      </extension>
      <reference>
        <reference value="StructureDefinition/rs-observation-fracture-closed"/>
      </reference>
      <name value="Road Safety Observation - Fracture (Closed)"/>
      <description value="Closed fracture present; with site and details."/>
      <exampleBoolean value="false"/>
    </resource>
    <resource>
      <extension url="http://hl7.org/fhir/tools/StructureDefinition/resource-information">
        <valueString value="StructureDefinition:resource"/>
      </extension>
      <reference>
        <reference value="StructureDefinition/rs-observation-fracture-open"/>
      </reference>
      <name value="Road Safety Observation - Fracture (Open)"/>
      <description value="Open fracture present; with site and details."/>
      <exampleBoolean value="false"/>
    </resource>
    <resource>
      <extension url="http://hl7.org/fhir/tools/StructureDefinition/resource-information">
        <valueString value="StructureDefinition:resource"/>
      </extension>
      <reference>
        <reference value="StructureDefinition/rs-observation-gcs"/>
      </reference>
      <name value="Road Safety Observation - Glasgow Coma Scale"/>
      <description value="GCS with components for eyes, verbal, motor; optional total score as integer."/>
      <exampleBoolean value="false"/>
    </resource>
    <resource>
      <extension url="http://hl7.org/fhir/tools/StructureDefinition/resource-information">
        <valueString value="StructureDefinition:resource"/>
      </extension>
      <reference>
        <reference value="StructureDefinition/rs-observation-how-many-patients"/>
      </reference>
      <name value="Road Safety Observation - How Many Patients Involved"/>
      <description value="Count of patients involved."/>
      <exampleBoolean value="false"/>
    </resource>
    <resource>
      <extension url="http://hl7.org/fhir/tools/StructureDefinition/resource-information">
        <valueString value="StructureDefinition:resource"/>
      </extension>
      <reference>
        <reference value="StructureDefinition/rs-observation-how-many-vehicles"/>
      </reference>
      <name value="Road Safety Observation - How Many Vehicles Involved"/>
      <description value="Count of vehicles involved."/>
      <exampleBoolean value="false"/>
    </resource>
    <resource>
      <extension url="http://hl7.org/fhir/tools/StructureDefinition/resource-information">
        <valueString value="StructureDefinition:resource"/>
      </extension>
      <reference>
        <reference value="StructureDefinition/rs-observation-status-on-arrival-alive"/>
      </reference>
      <name value="Road Safety Observation - If Alive: Conscious/Unconscious"/>
      <description value="If alive on arrival, consciousness detail."/>
      <exampleBoolean value="false"/>
    </resource>
    <resource>
      <extension url="http://hl7.org/fhir/tools/StructureDefinition/resource-information">
        <valueString value="StructureDefinition:resource"/>
      </extension>
      <reference>
        <reference value="StructureDefinition/rs-observation-injury-intent"/>
      </reference>
      <name value="Road Safety Observation - Injury Intent"/>
      <description value="Intent of injury (Unintentional, Intentional-self, Intentional-violence, Undetermined)."/>
      <exampleBoolean value="false"/>
    </resource>
    <resource>
      <extension url="http://hl7.org/fhir/tools/StructureDefinition/resource-information">
        <valueString value="StructureDefinition:resource"/>
      </extension>
      <reference>
        <reference value="StructureDefinition/rs-observation-level-of-consciousness"/>
      </reference>
      <name value="Road Safety Observation - Level of Consciousness (AVPU)"/>
      <description value="Level of consciousness (e.g., AVPU)."/>
      <exampleBoolean value="false"/>
    </resource>
    <resource>
      <extension url="http://hl7.org/fhir/tools/StructureDefinition/resource-information">
        <valueString value="StructureDefinition:resource"/>
      </extension>
      <reference>
        <reference value="StructureDefinition/rs-observation-mode-of-transport"/>
      </reference>
      <name value="Road Safety Observation - Mode of Transport to Facility"/>
      <description value="Mode of transport to the hospital/facility; allow coded value with optional text for 'Others'."/>
      <exampleBoolean value="false"/>
    </resource>
    <resource>
      <extension url="http://hl7.org/fhir/tools/StructureDefinition/resource-information">
        <valueString value="StructureDefinition:resource"/>
      </extension>
      <reference>
        <reference value="StructureDefinition/rs-observation-multiple-injuries"/>
      </reference>
      <name value="Road Safety Observation - Multiple Injuries?"/>
      <description value="Boolean flag indicating multiple injuries."/>
      <exampleBoolean value="false"/>
    </resource>
    <resource>
      <extension url="http://hl7.org/fhir/tools/StructureDefinition/resource-information">
        <valueString value="StructureDefinition:resource"/>
      </extension>
      <reference>
        <reference value="StructureDefinition/rs-observation-open-wound"/>
      </reference>
      <name value="Road Safety Observation - Open Wound"/>
      <description value="Open wound present; with site and details."/>
      <exampleBoolean value="false"/>
    </resource>
    <resource>
      <extension url="http://hl7.org/fhir/tools/StructureDefinition/resource-information">
        <valueString value="StructureDefinition:resource"/>
      </extension>
      <reference>
        <reference value="StructureDefinition/rs-observation-other-risk-factors"/>
      </reference>
      <name value="Road Safety Observation - Other Risk Factors"/>
      <description value="Other risk factors at the time of incident; allow text for 'Others'."/>
      <exampleBoolean value="false"/>
    </resource>
    <resource>
      <extension url="http://hl7.org/fhir/tools/StructureDefinition/resource-information">
        <valueString value="StructureDefinition:resource"/>
      </extension>
      <reference>
        <reference value="StructureDefinition/rs-observation-other-injury"/>
      </reference>
      <name value="Road Safety Observation - Other Specified Injury"/>
      <description value="Other specified injury present; with site and details."/>
      <exampleBoolean value="false"/>
    </resource>
    <resource>
      <extension url="http://hl7.org/fhir/tools/StructureDefinition/resource-information">
        <valueString value="StructureDefinition:resource"/>
      </extension>
      <reference>
        <reference value="StructureDefinition/rs-observation-other-vehicle"/>
      </reference>
      <name value="Road Safety Observation - Other Vehicle/Object Involved"/>
      <description value="Other vehicle/object type involved; text for 'Others'."/>
      <exampleBoolean value="false"/>
    </resource>
    <resource>
      <extension url="http://hl7.org/fhir/tools/StructureDefinition/resource-information">
        <valueString value="StructureDefinition:resource"/>
      </extension>
      <reference>
        <reference value="StructureDefinition/rs-observation-outcome-discharge"/>
      </reference>
      <name value="Road Safety Observation - Outcome at Discharge"/>
      <description value="Outcome at discharge."/>
      <exampleBoolean value="false"/>
    </resource>
    <resource>
      <extension url="http://hl7.org/fhir/tools/StructureDefinition/resource-information">
        <valueString value="StructureDefinition:resource"/>
      </extension>
      <reference>
        <reference value="StructureDefinition/rs-observation-outcome-release"/>
      </reference>
      <name value="Road Safety Observation - Outcome at Release"/>
      <description value="Outcome at release from ER/OPD/RHU."/>
      <exampleBoolean value="false"/>
    </resource>
    <resource>
      <extension url="http://hl7.org/fhir/tools/StructureDefinition/resource-information">
        <valueString value="StructureDefinition:resource"/>
      </extension>
      <reference>
        <reference value="StructureDefinition/rs-observation-patients-vehicle"/>
      </reference>
      <name value="Road Safety Observation - Patient's Vehicle"/>
      <description value="Type of vehicle used by patient; text for 'Others'."/>
      <exampleBoolean value="false"/>
    </resource>
    <resource>
      <extension url="http://hl7.org/fhir/tools/StructureDefinition/resource-information">
        <valueString value="StructureDefinition:resource"/>
      </extension>
      <reference>
        <reference value="StructureDefinition/rs-observation-place-of-occurrence"/>
      </reference>
      <name value="Road Safety Observation - Place of Occurrence"/>
      <description value="Place type where injury occurred; name can be carried in note when applicable."/>
      <exampleBoolean value="false"/>
    </resource>
    <resource>
      <extension url="http://hl7.org/fhir/tools/StructureDefinition/resource-information">
        <valueString value="StructureDefinition:resource"/>
      </extension>
      <reference>
        <reference value="StructureDefinition/rs-observation-position-of-patient"/>
      </reference>
      <name value="Road Safety Observation - Position of Patient"/>
      <description value="Seat/position (driver/front passenger/rear/pedestrian); text for 'Others'."/>
      <exampleBoolean value="false"/>
    </resource>
    <resource>
      <extension url="http://hl7.org/fhir/tools/StructureDefinition/resource-information">
        <valueString value="StructureDefinition:resource"/>
      </extension>
      <reference>
        <reference value="StructureDefinition/rs-observation-traffic-investigator"/>
      </reference>
      <name value="Road Safety Observation - Presence of Traffic Investigator"/>
      <description value="Boolean presence/absence of traffic investigator."/>
      <exampleBoolean value="false"/>
    </resource>
    <resource>
      <extension url="http://hl7.org/fhir/tools/StructureDefinition/resource-information">
        <valueString value="StructureDefinition:resource"/>
      </extension>
      <reference>
        <reference value="StructureDefinition/rs-observation-urgency"/>
      </reference>
      <name value="Road Safety Observation - Priority Level (Urgency)"/>
      <description value="System-generated urgency level per CAD/agency rules."/>
      <exampleBoolean value="false"/>
    </resource>
    <resource>
      <extension url="http://hl7.org/fhir/tools/StructureDefinition/resource-information">
        <valueString value="StructureDefinition:resource"/>
      </extension>
      <reference>
        <reference value="StructureDefinition/rs-observation-pulse-quality"/>
      </reference>
      <name value="Road Safety Observation - Pulse Quality"/>
      <description value="Pulse quality."/>
      <exampleBoolean value="false"/>
    </resource>
    <resource>
      <extension url="http://hl7.org/fhir/tools/StructureDefinition/resource-information">
        <valueString value="StructureDefinition:resource"/>
      </extension>
      <reference>
        <reference value="StructureDefinition/rs-observation-pulse-rate"/>
      </reference>
      <name value="Road Safety Observation - Pulse Rate"/>
      <description value="Pulse/heart rate in beats/min."/>
      <exampleBoolean value="false"/>
    </resource>
    <resource>
      <extension url="http://hl7.org/fhir/tools/StructureDefinition/resource-information">
        <valueString value="StructureDefinition:resource"/>
      </extension>
      <reference>
        <reference value="StructureDefinition/rs-observation-pulse-rhythm"/>
      </reference>
      <name value="Road Safety Observation - Pulse Rhythm"/>
      <description value="Pulse rhythm."/>
      <exampleBoolean value="false"/>
    </resource>
    <resource>
      <extension url="http://hl7.org/fhir/tools/StructureDefinition/resource-information">
        <valueString value="StructureDefinition:resource"/>
      </extension>
      <reference>
        <reference value="StructureDefinition/rs-observation-pupils"/>
      </reference>
      <name value="Road Safety Observation - Pupils"/>
      <description value="Pupil size/reactivity summary."/>
      <exampleBoolean value="false"/>
    </resource>
    <resource>
      <extension url="http://hl7.org/fhir/tools/StructureDefinition/resource-information">
        <valueString value="StructureDefinition:resource"/>
      </extension>
      <reference>
        <reference value="StructureDefinition/rs-observation-reported-complaint"/>
      </reference>
      <name value="Road Safety Observation - Reported Complaint"/>
      <description value="Free-text reported complaint."/>
      <exampleBoolean value="false"/>
    </resource>
    <resource>
      <extension url="http://hl7.org/fhir/tools/StructureDefinition/resource-information">
        <valueString value="StructureDefinition:resource"/>
      </extension>
      <reference>
        <reference value="StructureDefinition/rs-observation-respiratory-rate"/>
      </reference>
      <name value="Road Safety Observation - Respiratory Rate"/>
      <description value="Respiratory rate in breaths/min."/>
      <exampleBoolean value="false"/>
    </resource>
    <resource>
      <extension url="http://hl7.org/fhir/tools/StructureDefinition/resource-information">
        <valueString value="StructureDefinition:resource"/>
      </extension>
      <reference>
        <reference value="StructureDefinition/rs-observation-respiratory-rhythm"/>
      </reference>
      <name value="Road Safety Observation - Respiratory Rhythm"/>
      <description value="Respiratory rhythm (normal/irregular/labored)."/>
      <exampleBoolean value="false"/>
    </resource>
    <resource>
      <extension url="http://hl7.org/fhir/tools/StructureDefinition/resource-information">
        <valueString value="StructureDefinition:resource"/>
      </extension>
      <reference>
        <reference value="StructureDefinition/rs-observation-runreport-comments"/>
      </reference>
      <name value="Road Safety Observation - Run Report Comments"/>
      <description value="General comments from run report."/>
      <exampleBoolean value="false"/>
    </resource>
    <resource>
      <extension url="http://hl7.org/fhir/tools/StructureDefinition/resource-information">
        <valueString value="StructureDefinition:resource"/>
      </extension>
      <reference>
        <reference value="StructureDefinition/rs-observation-safety-accessories"/>
      </reference>
      <name value="Road Safety Observation - Safety Accessories"/>
      <description value="Safety accessories present/used; allow text for 'Others'."/>
      <exampleBoolean value="false"/>
    </resource>
    <resource>
      <extension url="http://hl7.org/fhir/tools/StructureDefinition/resource-information">
        <valueString value="StructureDefinition:resource"/>
      </extension>
      <reference>
        <reference value="StructureDefinition/rs-observation-status-on-arrival"/>
      </reference>
      <name value="Road Safety Observation - Status on Arrival"/>
      <description value="Status upon reaching facility/hospital."/>
      <exampleBoolean value="false"/>
    </resource>
    <resource>
      <extension url="http://hl7.org/fhir/tools/StructureDefinition/resource-information">
        <valueString value="StructureDefinition:resource"/>
      </extension>
      <reference>
        <reference value="StructureDefinition/rs-observation-time-departed"/>
      </reference>
      <name value="Road Safety Observation - Time Departed Scene"/>
      <description value="Timestamp unit departed scene."/>
      <exampleBoolean value="false"/>
    </resource>
    <resource>
      <extension url="http://hl7.org/fhir/tools/StructureDefinition/resource-information">
        <valueString value="StructureDefinition:resource"/>
      </extension>
      <reference>
        <reference value="StructureDefinition/rs-observation-time-enroute"/>
      </reference>
      <name value="Road Safety Observation - Time Enroute"/>
      <description value="Timestamp when unit dispatched/began traveling."/>
      <exampleBoolean value="false"/>
    </resource>
    <resource>
      <extension url="http://hl7.org/fhir/tools/StructureDefinition/resource-information">
        <valueString value="StructureDefinition:resource"/>
      </extension>
      <reference>
        <reference value="StructureDefinition/rs-observation-time-station-arrival"/>
      </reference>
      <name value="Road Safety Observation - Time of Emergency Station Arrival"/>
      <description value="Timestamp unit returned to base/became available."/>
      <exampleBoolean value="false"/>
    </resource>
    <resource>
      <extension url="http://hl7.org/fhir/tools/StructureDefinition/resource-information">
        <valueString value="StructureDefinition:resource"/>
      </extension>
      <reference>
        <reference value="StructureDefinition/rs-observation-time-hospital-arrival"/>
      </reference>
      <name value="Road Safety Observation - Time of Hospital Arrival"/>
      <description value="Timestamp unit arrived at receiving facility."/>
      <exampleBoolean value="false"/>
    </resource>
    <resource>
      <extension url="http://hl7.org/fhir/tools/StructureDefinition/resource-information">
        <valueString value="StructureDefinition:resource"/>
      </extension>
      <reference>
        <reference value="StructureDefinition/rs-observation-time-on-scene"/>
      </reference>
      <name value="Road Safety Observation - Time On Scene"/>
      <description value="Timestamp crew arrived at scene."/>
      <exampleBoolean value="false"/>
    </resource>
    <resource>
      <extension url="http://hl7.org/fhir/tools/StructureDefinition/resource-information">
        <valueString value="StructureDefinition:resource"/>
      </extension>
      <reference>
        <reference value="StructureDefinition/rs-observation-transport-vehicular-flag"/>
      </reference>
      <name value="Road Safety Observation - Transport/Vehicular Accident (flag)"/>
      <description value="Boolean flag indicating transport/vehicular accident."/>
      <exampleBoolean value="false"/>
    </resource>
    <resource>
      <extension url="http://hl7.org/fhir/tools/StructureDefinition/resource-information">
        <valueString value="StructureDefinition:resource"/>
      </extension>
      <reference>
        <reference value="StructureDefinition/rs-observation-traumatic-amputation"/>
      </reference>
      <name value="Road Safety Observation - Traumatic Amputation"/>
      <description value="Traumatic amputation present; with site and details."/>
      <exampleBoolean value="false"/>
    </resource>
    <resource>
      <extension url="http://hl7.org/fhir/tools/StructureDefinition/resource-information">
        <valueString value="StructureDefinition:resource"/>
      </extension>
      <reference>
        <reference value="StructureDefinition/rs-observation-triage-priority"/>
      </reference>
      <name value="Road Safety Observation - Triage Priority"/>
      <description value="Triage category assigned at scene (e.g., Red/Yellow/Green/Black)."/>
      <exampleBoolean value="false"/>
    </resource>
    <resource>
      <extension url="http://hl7.org/fhir/tools/StructureDefinition/resource-information">
        <valueString value="StructureDefinition:resource"/>
      </extension>
      <reference>
        <reference value="StructureDefinition/rs-observation-vehicle-condition"/>
      </reference>
      <name value="Road Safety Observation - Vehicle Condition"/>
      <description value="Vehicle condition assessment."/>
      <exampleBoolean value="false"/>
    </resource>
    <resource>
      <extension url="http://hl7.org/fhir/tools/StructureDefinition/resource-information">
        <valueString value="StructureDefinition:resource"/>
      </extension>
      <reference>
        <reference value="StructureDefinition/rs-observation-vehicle-used"/>
      </reference>
      <name value="Road Safety Observation - Vehicle Used"/>
      <description value="Vehicle used during response."/>
      <exampleBoolean value="false"/>
    </resource>
    <resource>
      <extension url="http://hl7.org/fhir/tools/StructureDefinition/resource-information">
        <valueString value="StructureDefinition:resource"/>
      </extension>
      <reference>
        <reference value="StructureDefinition/rs-organization"/>
      </reference>
      <name value="Road Safety Organization"/>
      <description value="Organization profile for EMS providers and receiving facilities involved in road safety encounters."/>
      <exampleBoolean value="false"/>
    </resource>
    <resource>
      <extension url="http://hl7.org/fhir/tools/StructureDefinition/resource-information">
        <valueString value="StructureDefinition:resource"/>
      </extension>
      <reference>
        <reference value="StructureDefinition/rs-patient"/>
      </reference>
      <name value="Road Safety Patient"/>
      <description value="Patient demographics and identifiers for road safety reporting; reuse PH-Core address extensions for barangay/city/province/region."/>
      <exampleBoolean value="false"/>
    </resource>
    <resource>
      <extension url="http://hl7.org/fhir/tools/StructureDefinition/resource-information">
        <valueString value="StructureDefinition:resource"/>
      </extension>
      <reference>
        <reference value="StructureDefinition/rs-procedure"/>
      </reference>
      <name value="Road Safety Procedure"/>
      <description value="Procedures related to incident/report (e.g., coordination with receiving hospital, psychosocial support, interventions)."/>
      <exampleBoolean value="false"/>
    </resource>
    <resource>
      <extension url="http://hl7.org/fhir/tools/StructureDefinition/resource-information">
        <valueString value="StructureDefinition:resource"/>
      </extension>
      <reference>
        <reference value="StructureDefinition/rs-service-request"/>
      </reference>
      <name value="Road Safety ServiceRequest"/>
      <description value="Requests or records related to refusal to admit and related workflow signals."/>
      <exampleBoolean value="false"/>
    </resource>
    <resource>
      <extension url="http://hl7.org/fhir/tools/StructureDefinition/resource-information">
        <valueString value="StructureDefinition:resource"/>
      </extension>
      <reference>
        <reference value="StructureDefinition/rs-task"/>
      </reference>
      <name value="Road Safety Task"/>
      <description value="Workflow tracking for report receipt, durations of delay, and sources of delays."/>
      <exampleBoolean value="false"/>
    </resource>
    <resource>
      <extension url="http://hl7.org/fhir/tools/StructureDefinition/resource-information">
        <valueString value="ValueSet"/>
      </extension>
      <reference>
        <reference value="ValueSet/vs-activity"/>
      </reference>
      <name value="RS VS - Activity at Time of Incident"/>
      <description value="Activity at time of incident (prefer SNOMED CT)."/>
      <exampleBoolean value="false"/>
    </resource>
    <resource>
      <extension url="http://hl7.org/fhir/tools/StructureDefinition/resource-information">
        <valueString value="ValueSet"/>
      </extension>
      <reference>
        <reference value="ValueSet/vs-bites-agent"/>
      </reference>
      <name value="RS VS - Bites/Stings Agent"/>
      <description value="Type of animal/insect/plant causing bite or sting; use LOINC code where provided in mappings."/>
      <exampleBoolean value="false"/>
    </resource>
    <resource>
      <extension url="http://hl7.org/fhir/tools/StructureDefinition/resource-information">
        <valueString value="ValueSet"/>
      </extension>
      <reference>
        <reference value="ValueSet/vs-breath-sounds"/>
      </reference>
      <name value="RS VS - Breath Sounds"/>
      <description value="Breath sounds options (prefer SNOMED CT)."/>
      <exampleBoolean value="false"/>
    </resource>
    <resource>
      <extension url="http://hl7.org/fhir/tools/StructureDefinition/resource-information">
        <valueString value="ValueSet"/>
      </extension>
      <reference>
        <reference value="ValueSet/vs-burns-agent"/>
      </reference>
      <name value="RS VS - Burns Agent"/>
      <description value="Agent causing burn (prefer SNOMED CT)."/>
      <exampleBoolean value="false"/>
    </resource>
    <resource>
      <extension url="http://hl7.org/fhir/tools/StructureDefinition/resource-information">
        <valueString value="ValueSet"/>
      </extension>
      <reference>
        <reference value="ValueSet/vs-collision-category"/>
      </reference>
      <name value="RS VS - Collision Category"/>
      <description value="Collision vs non-collision category."/>
      <exampleBoolean value="false"/>
    </resource>
    <resource>
      <extension url="http://hl7.org/fhir/tools/StructureDefinition/resource-information">
        <valueString value="ValueSet"/>
      </extension>
      <reference>
        <reference value="ValueSet/vs-cyanosis"/>
      </reference>
      <name value="RS VS - Cyanosis"/>
      <description value="Cyanosis assessment options (prefer SNOMED CT)."/>
      <exampleBoolean value="false"/>
    </resource>
    <resource>
      <extension url="http://hl7.org/fhir/tools/StructureDefinition/resource-information">
        <valueString value="ValueSet"/>
      </extension>
      <reference>
        <reference value="ValueSet/vs-drowning-type"/>
      </reference>
      <name value="RS VS - Drowning Type/Body of Water"/>
      <description value="Type/body of water for drowning incidents."/>
      <exampleBoolean value="false"/>
    </resource>
    <resource>
      <extension url="http://hl7.org/fhir/tools/StructureDefinition/resource-information">
        <valueString value="ValueSet"/>
      </extension>
      <reference>
        <reference value="ValueSet/vs-injury-intent"/>
      </reference>
      <name value="RS VS - Injury Intent"/>
      <description value="Injury intent options mapped from ONEISS (prefer SNOMED CT)."/>
      <exampleBoolean value="false"/>
    </resource>
    <resource>
      <extension url="http://hl7.org/fhir/tools/StructureDefinition/resource-information">
        <valueString value="ValueSet"/>
      </extension>
      <reference>
        <reference value="ValueSet/vs-level-of-consciousness"/>
      </reference>
      <name value="RS VS - Level of Consciousness (AVPU)"/>
      <description value="AVPU options for level of consciousness (prefer SNOMED CT)."/>
      <exampleBoolean value="false"/>
    </resource>
    <resource>
      <extension url="http://hl7.org/fhir/tools/StructureDefinition/resource-information">
        <valueString value="ValueSet"/>
      </extension>
      <reference>
        <reference value="ValueSet/vs-mode-of-transport"/>
      </reference>
      <name value="RS VS - Mode of Transport to Facility"/>
      <description value="Mode of transport to the hospital/facility."/>
      <exampleBoolean value="false"/>
    </resource>
    <resource>
      <extension url="http://hl7.org/fhir/tools/StructureDefinition/resource-information">
        <valueString value="ValueSet"/>
      </extension>
      <reference>
        <reference value="ValueSet/vs-other-risk-factors"/>
      </reference>
      <name value="RS VS - Other Risk Factors"/>
      <description value="Other risk factors at time of incident (prefer SNOMED CT)."/>
      <exampleBoolean value="false"/>
    </resource>
    <resource>
      <extension url="http://hl7.org/fhir/tools/StructureDefinition/resource-information">
        <valueString value="ValueSet"/>
      </extension>
      <reference>
        <reference value="ValueSet/vs-other-vehicle"/>
      </reference>
      <name value="RS VS - Other Vehicle in Collision"/>
      <description value="Other vehicle/object involved in collision."/>
      <exampleBoolean value="false"/>
    </resource>
    <resource>
      <extension url="http://hl7.org/fhir/tools/StructureDefinition/resource-information">
        <valueString value="ValueSet"/>
      </extension>
      <reference>
        <reference value="ValueSet/vs-patients-vehicle"/>
      </reference>
      <name value="RS VS - Patient's Vehicle"/>
      <description value="Vehicle used by patient (prefer SNOMED CT; add Other/Unknown from LOINC)."/>
      <exampleBoolean value="false"/>
    </resource>
    <resource>
      <extension url="http://hl7.org/fhir/tools/StructureDefinition/resource-information">
        <valueString value="ValueSet"/>
      </extension>
      <reference>
        <reference value="ValueSet/vs-place-of-occurrence"/>
      </reference>
      <name value="RS VS - Place of Occurrence"/>
      <description value="Place of occurrence (prefer SNOMED CT; use ICD-11 where needed)."/>
      <exampleBoolean value="false"/>
    </resource>
    <resource>
      <extension url="http://hl7.org/fhir/tools/StructureDefinition/resource-information">
        <valueString value="ValueSet"/>
      </extension>
      <reference>
        <reference value="ValueSet/vs-position-of-patient"/>
      </reference>
      <name value="RS VS - Position of Patient"/>
      <description value="Position/role of patient in transport incidents (prefer SNOMED CT)."/>
      <exampleBoolean value="false"/>
    </resource>
    <resource>
      <extension url="http://hl7.org/fhir/tools/StructureDefinition/resource-information">
        <valueString value="ValueSet"/>
      </extension>
      <reference>
        <reference value="ValueSet/vs-pulse-quality"/>
      </reference>
      <name value="RS VS - Pulse Quality"/>
      <description value="Pulse quality options (prefer SNOMED CT)."/>
      <exampleBoolean value="false"/>
    </resource>
    <resource>
      <extension url="http://hl7.org/fhir/tools/StructureDefinition/resource-information">
        <valueString value="ValueSet"/>
      </extension>
      <reference>
        <reference value="ValueSet/vs-pulse-rhythm"/>
      </reference>
      <name value="RS VS - Pulse Rhythm"/>
      <description value="Pulse rhythm options (prefer SNOMED CT)."/>
      <exampleBoolean value="false"/>
    </resource>
    <resource>
      <extension url="http://hl7.org/fhir/tools/StructureDefinition/resource-information">
        <valueString value="ValueSet"/>
      </extension>
      <reference>
        <reference value="ValueSet/vs-pupils"/>
      </reference>
      <name value="RS VS - Pupils"/>
      <description value="Pupil size/reactivity options (prefer SNOMED CT)."/>
      <exampleBoolean value="false"/>
    </resource>
    <resource>
      <extension url="http://hl7.org/fhir/tools/StructureDefinition/resource-information">
        <valueString value="ValueSet"/>
      </extension>
      <reference>
        <reference value="ValueSet/vs-respiratory-rhythm"/>
      </reference>
      <name value="RS VS - Respiratory Rhythm"/>
      <description value="Respiratory rhythm options (prefer SNOMED CT)."/>
      <exampleBoolean value="false"/>
    </resource>
    <resource>
      <extension url="http://hl7.org/fhir/tools/StructureDefinition/resource-information">
        <valueString value="ValueSet"/>
      </extension>
      <reference>
        <reference value="ValueSet/vs-safety-devices"/>
      </reference>
      <name value="RS VS - Safety Devices"/>
      <description value="Safety devices present/used (prefer SNOMED CT)."/>
      <exampleBoolean value="false"/>
    </resource>
    <page>
      <extension url="http://hl7.org/fhir/tools/StructureDefinition/ig-page-name">
        <valueUrl value="toc.html"/>
      </extension>
      <nameUrl value="toc.html"/>
      <title value="Table of Contents"/>
      <generation value="html"/>
      <page>
        <extension url="http://hl7.org/fhir/tools/StructureDefinition/ig-page-name">
          <valueUrl value="index.html"/>
        </extension>
        <nameUrl value="index.html"/>
        <title value="Home"/>
        <generation value="markdown"/>
      </page>
      <page>
        <extension url="http://hl7.org/fhir/tools/StructureDefinition/ig-page-name">
          <valueUrl value="data-modelling.html"/>
        </extension>
        <nameUrl value="data-modelling.html"/>
        <title value="Data Modelling"/>
        <generation value="markdown"/>
      </page>
      <page>
        <extension url="http://hl7.org/fhir/tools/StructureDefinition/ig-page-name">
          <valueUrl value="downloads.html"/>
        </extension>
        <nameUrl value="downloads.html"/>
        <title value="Downloads"/>
        <generation value="markdown"/>
      </page>
      <page>
        <extension url="http://hl7.org/fhir/tools/StructureDefinition/ig-page-name">
          <valueUrl value="examples.html"/>
        </extension>
        <nameUrl value="examples.html"/>
        <title value="Examples"/>
        <generation value="markdown"/>
      </page>
      <page>
        <extension url="http://hl7.org/fhir/tools/StructureDefinition/ig-page-name">
          <valueUrl value="roadmap.html"/>
        </extension>
        <nameUrl value="roadmap.html"/>
        <title value="Roadmap"/>
        <generation value="markdown"/>
      </page>
      <page>
        <extension url="http://hl7.org/fhir/tools/StructureDefinition/ig-page-name">
          <valueUrl value="usecase.html"/>
        </extension>
        <nameUrl value="usecase.html"/>
        <title value="Usecase"/>
        <generation value="markdown"/>
      </page>
      <page>
        <extension url="http://hl7.org/fhir/tools/StructureDefinition/ig-page-name">
          <valueUrl value="usecase-facility-oneiss.html"/>
        </extension>
        <nameUrl value="usecase-facility-oneiss.html"/>
        <title value="Usecase Facility Oneiss"/>
        <generation value="markdown"/>
      </page>
      <page>
        <extension url="http://hl7.org/fhir/tools/StructureDefinition/ig-page-name">
          <valueUrl value="usecase-ph-core-interoperability.html"/>
        </extension>
        <nameUrl value="usecase-ph-core-interoperability.html"/>
        <title value="Usecase Ph Core Interoperability"/>
        <generation value="markdown"/>
      </page>
    </page>
    <parameter>
      <code value="path-resource"/>
      <value value="input/capabilities"/>
    </parameter>
    <parameter>
      <code value="path-resource"/>
      <value value="input/examples"/>
    </parameter>
    <parameter>
      <code value="path-resource"/>
      <value value="input/extensions"/>
    </parameter>
    <parameter>
      <code value="path-resource"/>
      <value value="input/models"/>
    </parameter>
    <parameter>
      <code value="path-resource"/>
      <value value="input/operations"/>
    </parameter>
    <parameter>
      <code value="path-resource"/>
      <value value="input/profiles"/>
    </parameter>
    <parameter>
      <code value="path-resource"/>
      <value value="input/resources"/>
    </parameter>
    <parameter>
      <code value="path-resource"/>
      <value value="input/vocabulary"/>
    </parameter>
    <parameter>
      <code value="path-resource"/>
      <value value="input/maps"/>
    </parameter>
    <parameter>
      <code value="path-resource"/>
      <value value="input/testing"/>
    </parameter>
    <parameter>
      <code value="path-resource"/>
      <value value="input/history"/>
    </parameter>
    <parameter>
      <code value="path-resource"/>
      <value value="fsh-generated/resources"/>
    </parameter>
    <parameter>
      <code value="path-pages"/>
      <value value="template/config"/>
    </parameter>
    <parameter>
      <code value="path-pages"/>
      <value value="input/images"/>
    </parameter>
    <parameter>
      <code value="path-tx-cache"/>
      <value value="input-cache/txcache"/>
    </parameter>
  </definition>
</ImplementationGuide>