{
  "package": "example.fhir.ph.roadsafety",
  "version": "0.1.0",
  "fhirVersion": "4.0.1",
  "jurisdiction": "PH",
  "extensions": [
    {
      "url": "http://hl7.org.ph/fhir/StructureDefinition/ph-core-occupation",
      "title": "PH Core Occupation (Stub)",
      "types": [
        "CodeableConcept"
      ]
    },
    {
      "url": "https://build.fhir.org/ig/UPM-NTHC/PH-RoadSafetyIG/StructureDefinition/cause-of-road-crash",
      "title": "Cause of Road Crash Incident",
      "types": [
        "CodeableConcept"
      ]
    },
    {
      "url": "https://build.fhir.org/ig/UPM-NTHC/PH-RoadSafetyIG/StructureDefinition/ed-availability",
      "title": "Emergency Department Availability",
      "types": [
        "boolean",
        "boolean"
      ]
    },
    {
      "url": "https://build.fhir.org/ig/UPM-NTHC/PH-RoadSafetyIG/StructureDefinition/external-cause-detail-ext",
      "title": "External Cause Detail",
      "types": [
        "string"
      ]
    },
    {
      "url": "https://build.fhir.org/ig/UPM-NTHC/PH-RoadSafetyIG/StructureDefinition/first-aid-given",
      "title": "First Aid Given",
      "types": [
        "CodeableConcept"
      ]
    },
    {
      "url": "https://build.fhir.org/ig/UPM-NTHC/PH-RoadSafetyIG/StructureDefinition/party-at-fault",
      "title": "Party at Fault",
      "types": [
        "CodeableConcept"
      ]
    },
    {
      "url": "https://build.fhir.org/ig/UPM-NTHC/PH-RoadSafetyIG/StructureDefinition/report-form-received",
      "title": "Report Form Received",
      "types": [
        "CodeableConcept"
      ]
    },
    {
      "url": "https://build.fhir.org/ig/UPM-NTHC/PH-RoadSafetyIG/StructureDefinition/road-network-shapefile",
      "title": "Road Network Shape File",
      "types": [
        "url"
      ]
    },
    {
      "url": "https://build.fhir.org/ig/UPM-NTHC/PH-RoadSafetyIG/StructureDefinition/rs-patient-age",
      "title": "Age",
      "types": [
        "Age",
        "string",
        "Extension",
        "decimal",
        "code",
        "string",
        "uri",
        "code"
      ]
    },
    {
      "url": "https://build.fhir.org/ig/UPM-NTHC/PH-RoadSafetyIG/StructureDefinition/safety-notes-ext",
      "title": "Safety / Other Risk Factors",
      "types": [
        "base64Binary",
        "boolean",
        "canonical",
        "code",
        "date",
        "dateTime",
        "decimal",
        "id",
        "instant",
        "integer",
        "markdown",
        "oid",
        "positiveInt",
        "string",
        "time",
        "unsignedInt",
        "uri",
        "url",
        "uuid",
        "Address",
        "Age",
        "Annotation",
        "Attachment",
        "CodeableConcept",
        "Coding",
        "ContactPoint",
        "Count",
        "Distance",
        "Duration",
        "HumanName",
        "Identifier",
        "Money",
        "Period",
        "Quantity",
        "Range",
        "Ratio",
        "Reference",
        "SampledData",
        "Signature",
        "Timing",
        "ContactDetail",
        "Contributor",
        "DataRequirement",
        "Expression",
        "ParameterDefinition",
        "RelatedArtifact",
        "TriggerDefinition",
        "UsageContext",
        "Dosage",
        "Meta",
        "CodeableConcept",
        "string"
      ]
    },
    {
      "url": "https://build.fhir.org/ig/UPM-NTHC/PH-RoadSafetyIG/StructureDefinition/supplies-used",
      "title": "Supplies Used",
      "types": [
        "base64Binary",
        "boolean",
        "canonical",
        "code",
        "date",
        "dateTime",
        "decimal",
        "id",
        "instant",
        "integer",
        "markdown",
        "oid",
        "positiveInt",
        "string",
        "time",
        "unsignedInt",
        "uri",
        "url",
        "uuid",
        "Address",
        "Age",
        "Annotation",
        "Attachment",
        "CodeableConcept",
        "Coding",
        "ContactPoint",
        "Count",
        "Distance",
        "Duration",
        "HumanName",
        "Identifier",
        "Money",
        "Period",
        "Quantity",
        "Range",
        "Ratio",
        "Reference",
        "SampledData",
        "Signature",
        "Timing",
        "ContactDetail",
        "Contributor",
        "DataRequirement",
        "Expression",
        "ParameterDefinition",
        "RelatedArtifact",
        "TriggerDefinition",
        "UsageContext",
        "Dosage",
        "Meta",
        "CodeableConcept",
        "Reference"
      ]
    },
    {
      "url": "https://build.fhir.org/ig/UPM-NTHC/PH-RoadSafetyIG/StructureDefinition/traffic-incident-management",
      "title": "Traffic Incident Management",
      "types": [
        "string"
      ]
    },
    {
      "url": "https://build.fhir.org/ig/UPM-NTHC/PH-RoadSafetyIG/StructureDefinition/transpo-coordination",
      "title": "Transport Coordination",
      "types": [
        "CodeableConcept"
      ]
    },
    {
      "url": "https://build.fhir.org/ig/UPM-NTHC/PH-RoadSafetyIG/StructureDefinition/transport-details-ext",
      "title": "Transport Details",
      "types": [
        "base64Binary",
        "boolean",
        "canonical",
        "code",
        "date",
        "dateTime",
        "decimal",
        "id",
        "instant",
        "integer",
        "markdown",
        "oid",
        "positiveInt",
        "string",
        "time",
        "unsignedInt",
        "uri",
        "url",
        "uuid",
        "Address",
        "Age",
        "Annotation",
        "Attachment",
        "CodeableConcept",
        "Coding",
        "ContactPoint",
        "Count",
        "Distance",
        "Duration",
        "HumanName",
        "Identifier",
        "Money",
        "Period",
        "Quantity",
        "Range",
        "Ratio",
        "Reference",
        "SampledData",
        "Signature",
        "Timing",
        "ContactDetail",
        "Contributor",
        "DataRequirement",
        "Expression",
        "ParameterDefinition",
        "RelatedArtifact",
        "TriggerDefinition",
        "UsageContext",
        "Dosage",
        "Meta",
        "base64Binary",
        "boolean",
        "canonical",
        "code",
        "date",
        "dateTime",
        "decimal",
        "id",
        "instant",
        "integer",
        "markdown",
        "oid",
        "positiveInt",
        "string",
        "time",
        "unsignedInt",
        "uri",
        "url",
        "uuid",
        "Address",
        "Age",
        "Annotation",
        "Attachment",
        "CodeableConcept",
        "Coding",
        "ContactPoint",
        "Count",
        "Distance",
        "Duration",
        "HumanName",
        "Identifier",
        "Money",
        "Period",
        "Quantity",
        "Range",
        "Ratio",
        "Reference",
        "SampledData",
        "Signature",
        "Timing",
        "ContactDetail",
        "Contributor",
        "DataRequirement",
        "Expression",
        "ParameterDefinition",
        "RelatedArtifact",
        "TriggerDefinition",
        "UsageContext",
        "Dosage",
        "Meta"
      ]
    },
    {
      "url": "https://build.fhir.org/ig/UPM-NTHC/PH-RoadSafetyIG/StructureDefinition/vehicle-condition",
      "title": "Vehicle Condition",
      "types": [
        "CodeableConcept"
      ]
    },
    {
      "url": "https://build.fhir.org/ig/UPM-NTHC/PH-RoadSafetyIG/StructureDefinition/vehicle-list-ext",
      "title": "Vehicle list",
      "types": [
        "string"
      ]
    },
    {
      "url": "https://build.fhir.org/ig/UPM-NTHC/PH-RoadSafetyIG/StructureDefinition/vehicle-used",
      "title": "Vehicle Used",
      "types": [
        "CodeableConcept",
        "CodeableConcept"
      ]
    }
  ],
  "profiles": {
    "AllergyIntolerance": [
      {
        "url": "https://build.fhir.org/ig/UPM-NTHC/PH-RoadSafetyIG/StructureDefinition/RS-Allergyintolerance",
        "title": "Road Safety AllergyIntolerance"
      }
    ],
    "Claim": [
      {
        "url": "https://build.fhir.org/ig/UPM-NTHC/PH-RoadSafetyIG/StructureDefinition/RS-Claim",
        "title": "Road Safety Claim"
      }
    ],
    "Condition": [
      {
        "url": "https://build.fhir.org/ig/UPM-NTHC/PH-RoadSafetyIG/StructureDefinition/RS-Condition",
        "title": "Road Safety Condition"
      }
    ],
    "DocumentReference": [
      {
        "url": "https://build.fhir.org/ig/UPM-NTHC/PH-RoadSafetyIG/StructureDefinition/RS-Documentreference",
        "title": "Road Safety Document Reference"
      }
    ],
    "Encounter": [
      {
        "url": "https://build.fhir.org/ig/UPM-NTHC/PH-RoadSafetyIG/StructureDefinition/RS-Encounter",
        "title": "Road Safety Encounter"
      }
    ],
    "HealthcareService": [
      {
        "url": "https://build.fhir.org/ig/UPM-NTHC/PH-RoadSafetyIG/StructureDefinition/RS-HealthcareService",
        "title": "Hospital Available"
      }
    ],
    "MedicationStatement": [
      {
        "url": "https://build.fhir.org/ig/UPM-NTHC/PH-RoadSafetyIG/StructureDefinition/RS-Medicationstatement",
        "title": "Road Safety MedicationStatement"
      }
    ],
    "Observation": [
      {
        "url": "https://build.fhir.org/ig/UPM-NTHC/PH-RoadSafetyIG/StructureDefinition/RS-Observation",
        "title": "Injury Observation"
      }
    ],
    "Patient": [
      {
        "url": "https://build.fhir.org/ig/UPM-NTHC/PH-RoadSafetyIG/StructureDefinition/RS-Patient",
        "title": "Road Safety Patient"
      }
    ],
    "Procedure": [
      {
        "url": "https://build.fhir.org/ig/UPM-NTHC/PH-RoadSafetyIG/StructureDefinition/RS-Procedure",
        "title": "Road Safety Procedure"
      }
    ],
    "Questionnaire": [
      {
        "url": "https://build.fhir.org/ig/UPM-NTHC/PH-RoadSafetyIG/StructureDefinition/RS-Questionnaire",
        "title": "Road Safety Questionnaire"
      }
    ],
    "ServiceRequest": [
      {
        "url": "https://build.fhir.org/ig/UPM-NTHC/PH-RoadSafetyIG/StructureDefinition/RS-Servicerequest",
        "title": "Refusal to Admit Service Request"
      }
    ],
    "Task": [
      {
        "url": "urn://example.com.ph/StructureDefinition/rs-task",
        "title": "Road Safety Task"
      }
    ]
  },
  "usage": {
    "http://hl7.org.ph/fhir/StructureDefinition/indigenousPeople": [
      "Patient"
    ],
    "http://hl7.org/fhir/5.0/StructureDefinition/extension-NamingSystem.url": [
      "NamingSystem"
    ],
    "http://hl7.org/fhir/5.0/StructureDefinition/extension-NamingSystem.version": [
      "NamingSystem"
    ],
    "http://hl7.org/fhir/StructureDefinition/elementdefinition-bestpractice": [
      "StructureDefinition.snapshot.element.constraint"
    ],
    "http://hl7.org/fhir/StructureDefinition/elementdefinition-bestpractice-explanation": [
      "StructureDefinition.snapshot.element.constraint"
    ],
    "http://hl7.org/fhir/StructureDefinition/elementdefinition-bindingName": [
      "StructureDefinition.snapshot.element.binding"
    ],
    "http://hl7.org/fhir/StructureDefinition/elementdefinition-maxValueSet": [
      "StructureDefinition.snapshot.element.binding"
    ],
    "http://hl7.org/fhir/StructureDefinition/elementdefinition-translatable": [
      "StructureDefinition.snapshot.element"
    ],
    "http://hl7.org/fhir/StructureDefinition/patient-nationality|5.2.0": [
      "Patient"
    ],
    "http://hl7.org/fhir/StructureDefinition/patient-religion|5.2.0": [
      "Patient"
    ],
    "http://hl7.org/fhir/StructureDefinition/structuredefinition-display-hint": [
      "StructureDefinition.snapshot.element"
    ],
    "http://hl7.org/fhir/StructureDefinition/structuredefinition-fhir-type": [
      "StructureDefinition.snapshot.element.type"
    ],
    "http://hl7.org/fhir/StructureDefinition/structuredefinition-hierarchy": [
      "StructureDefinition.snapshot.element.type"
    ],
    "http://hl7.org/fhir/tools/StructureDefinition/ig-internal-dependency": [
      "ImplementationGuide.definition"
    ],
    "http://hl7.org/fhir/tools/StructureDefinition/ig-page-name": [
      "ImplementationGuide.definition.page",
      "ImplementationGuide.definition.page.page"
    ],
    "http://hl7.org/fhir/tools/StructureDefinition/ig-parameter": [
      "ImplementationGuide.definition"
    ],
    "http://hl7.org/fhir/tools/StructureDefinition/implementationguide-dependency-comment": [
      "ImplementationGuide.dependsOn"
    ],
    "http://hl7.org/fhir/tools/StructureDefinition/resource-information": [
      "ImplementationGuide.definition.resource"
    ],
    "http://hl7.org/fhir/tools/StructureDefinition/snapshot-base-version": [
      "StructureDefinition.snapshot"
    ],
    "https://build.fhir.org/ig/UPM-NTHC/PH-RoadSafetyIG/StructureDefinition/cause-of-road-crash": [
      "Encounter"
    ],
    "https://build.fhir.org/ig/UPM-NTHC/PH-RoadSafetyIG/StructureDefinition/ed-availability": [
      "HealthcareService"
    ],
    "https://build.fhir.org/ig/UPM-NTHC/PH-RoadSafetyIG/StructureDefinition/external-cause-detail-ext": [
      "Observation"
    ],
    "https://build.fhir.org/ig/UPM-NTHC/PH-RoadSafetyIG/StructureDefinition/first-aid-given": [
      "Procedure"
    ],
    "https://build.fhir.org/ig/UPM-NTHC/PH-RoadSafetyIG/StructureDefinition/party-at-fault": [
      "Encounter"
    ],
    "https://build.fhir.org/ig/UPM-NTHC/PH-RoadSafetyIG/StructureDefinition/road-network-shapefile": [
      "Encounter"
    ],
    "https://build.fhir.org/ig/UPM-NTHC/PH-RoadSafetyIG/StructureDefinition/rs-patient-age": [
      "Patient"
    ],
    "https://build.fhir.org/ig/UPM-NTHC/PH-RoadSafetyIG/StructureDefinition/safety-notes-ext": [
      "Observation"
    ],
    "https://build.fhir.org/ig/UPM-NTHC/PH-RoadSafetyIG/StructureDefinition/supplies-used": [
      "Procedure"
    ],
    "https://build.fhir.org/ig/UPM-NTHC/PH-RoadSafetyIG/StructureDefinition/traffic-incident-management": [
      "Encounter"
    ],
    "https://build.fhir.org/ig/UPM-NTHC/PH-RoadSafetyIG/StructureDefinition/transpo-coordination": [
      "Procedure"
    ],
    "https://build.fhir.org/ig/UPM-NTHC/PH-RoadSafetyIG/StructureDefinition/transport-details-ext": [
      "Observation"
    ],
    "https://build.fhir.org/ig/UPM-NTHC/PH-RoadSafetyIG/StructureDefinition/vehicle-condition": [
      "Encounter"
    ],
    "https://build.fhir.org/ig/UPM-NTHC/PH-RoadSafetyIG/StructureDefinition/vehicle-used": [
      "Encounter"
    ],
    "urn://example.com/ph-core/fhir/StructureDefinition/barangay": [
      "Patient.address"
    ],
    "urn://example.com/ph-core/fhir/StructureDefinition/city-municipality": [
      "Patient.address"
    ],
    "urn://example.com/ph-core/fhir/StructureDefinition/educational-attainment": [
      "Patient"
    ],
    "urn://example.com/ph-core/fhir/StructureDefinition/indigenous-group": [
      "Patient"
    ],
    "urn://example.com/ph-core/fhir/StructureDefinition/indigenous-people": [
      "Patient"
    ],
    "urn://example.com/ph-core/fhir/StructureDefinition/occupation": [
      "Patient"
    ],
    "urn://example.com/ph-core/fhir/StructureDefinition/province": [
      "Patient.address"
    ],
    "urn://example.com/ph-core/fhir/StructureDefinition/race": [
      "Patient"
    ]
  }
}