<?xml version="1.0" encoding="UTF-8"?>

<ValueSet xmlns="http://hl7.org/fhir">
  <id value="MDS-GCSMotor-VS"/>
  <text>
    <status value="generated"/><div xmlns="http://www.w3.org/1999/xhtml"><p class="res-header-id"><b>Generated Narrative: ValueSet MDS-GCSMotor-VS</b></p><a name="MDS-GCSMotor-VS"> </a><a name="hcMDS-GCSMotor-VS"> </a><ul><li>Include these codes as defined in <a href="http://loinc.org"><code>http://loinc.org</code></a> version <span title="Version is not explicity stated. No matching Code System found">Not Stated (use latest from terminology server)</span><table class="none"><tr><td style="white-space:nowrap"><b>Code</b></td><td><b>Display</b></td></tr><tr><td><a href="https://loinc.org/LA6567-7/">LA6567-7</a></td><td>Obeys commands</td></tr><tr><td><a href="https://loinc.org/LA6566-9/">LA6566-9</a></td><td>Localizing pain</td></tr><tr><td><a href="https://loinc.org/LA6565-1/">LA6565-1</a></td><td>Withdrawal from pain</td></tr><tr><td><a href="https://loinc.org/LA6564-4/">LA6564-4</a></td><td>Flexion to pain</td></tr><tr><td><a href="https://loinc.org/LA6563-6/">LA6563-6</a></td><td>Extension to pain</td></tr><tr><td><a href="https://loinc.org/LA6562-8/">LA6562-8</a></td><td>No motor response</td></tr></table></li></ul></div>
  </text>
  <url value="http://hl7.org/fhir/ValueSet/PH-RoadSafety-GCSMotor"/>
  <version value="0.1.0"/>
  <name value="MDSGCSMotorVS"/>
  <title value="MDS GCS Motor"/>
  <status value="draft"/>
  <date value="2025-10-08T01:21:21+00:00"/>
  <publisher value="UP Manila - National Institutes of Health - National Telehealth Center"/>
  <contact>
    <name value="UP Manila - National Institutes of Health - National Telehealth Center"/>
    <telecom>
      <system value="url"/>
      <value value="https://github.com/UPM-NTHC/PH-RoadSafetyIG"/>
    </telecom>
  </contact>
  <contact>
    <name value="PH Road Safety IG Repository"/>
    <telecom>
      <system value="url"/>
      <value value="https://github.com/UPM-NTHC/PH-RoadSafetyIG"/>
    </telecom>
  </contact>
  <description value="GCS Motor response (LOINC answers)."/>
  <jurisdiction>
    <coding>
      <system value="urn:iso:std:iso:3166"/>
      <code value="PH"/>
      <display value="Philippines"/>
    </coding>
  </jurisdiction>
  <compose>
    <include>
      <system value="http://loinc.org"/>
      <concept>
        <code value="LA6567-7"/>
        <display value="Obeys commands"/>
      </concept>
      <concept>
        <code value="LA6566-9"/>
        <display value="Localizing pain"/>
      </concept>
      <concept>
        <code value="LA6565-1"/>
        <display value="Withdrawal from pain"/>
      </concept>
      <concept>
        <code value="LA6564-4"/>
        <display value="Flexion to pain"/>
      </concept>
      <concept>
        <code value="LA6563-6"/>
        <display value="Extension to pain"/>
      </concept>
      <concept>
        <code value="LA6562-8"/>
        <display value="No motor response"/>
      </concept>
    </include>
  </compose>
</ValueSet>