{
  "resourceType" : "ValueSet",
  "id" : "vs-status-on-arrival",
  "text" : {
    "status" : "generated",
    "div" : "<div xmlns=\"http://www.w3.org/1999/xhtml\"><p class=\"res-header-id\"><b>Generated Narrative: ValueSet vs-status-on-arrival</b></p><a name=\"vs-status-on-arrival\"> </a><a name=\"hcvs-status-on-arrival\"> </a><ul><li>Include these codes as defined in <a href=\"http://www.snomed.org/\"><code>http://snomed.info/sct</code></a><span title=\"Version is not explicity stated. No matching Code System found\"> version Not Stated (use latest from terminology server)</span><table class=\"none\"><tr><td style=\"white-space:nowrap\"><b>Code</b></td><td><b>Display</b></td></tr><tr><td><a href=\"http://snomed.info/id/63238001\">63238001</a></td><td>Dead on arrival at hospital (finding)</td></tr><tr><td><a href=\"http://snomed.info/id/438949009\">438949009</a></td><td>Alive (finding)</td></tr></table></li></ul></div>"
  },
  "url" : "https://build.fhir.org/ig/UPM-NTHC/PH-RoadSafetyIG/ValueSet/vs-status-on-arrival",
  "version" : "0.1.9",
  "name" : "VSStatusOnArrival",
  "title" : "RS VS - Status on Arrival",
  "status" : "draft",
  "date" : "2025-10-27T01:56:04+00:00",
  "publisher" : "UP Manila - National Institutes of Health - National Telehealth Center",
  "contact" : [{
    "name" : "UP Manila - National Institutes of Health - National Telehealth Center",
    "telecom" : [{
      "system" : "url",
      "value" : "https://github.com/UPM-NTHC/PH-RoadSafetyIG"
    }]
  },
  {
    "name" : "PH Road Safety IG Repository",
    "telecom" : [{
      "system" : "url",
      "value" : "https://github.com/UPM-NTHC/PH-RoadSafetyIG"
    }]
  }],
  "description" : "Status upon reaching facility/hospital.",
  "jurisdiction" : [{
    "coding" : [{
      "system" : "urn:iso:std:iso:3166",
      "code" : "PH",
      "display" : "Philippines"
    }]
  }],
  "compose" : {
    "include" : [{
      "system" : "http://snomed.info/sct",
      "concept" : [{
        "code" : "63238001",
        "display" : "Dead on arrival at hospital (finding)"
      },
      {
        "code" : "438949009",
        "display" : "Alive (finding)"
      }]
    }]
  }
}