{
  "resourceType" : "ValueSet",
  "id" : "MDS-ModeOfTransport-VS",
  "text" : {
    "status" : "generated",
    "div" : "<div xmlns=\"http://www.w3.org/1999/xhtml\"><p class=\"res-header-id\"><b>Generated Narrative: ValueSet MDS-ModeOfTransport-VS</b></p><a name=\"MDS-ModeOfTransport-VS\"> </a><a name=\"hcMDS-ModeOfTransport-VS\"> </a><ul><li>Include these codes as defined in <a href=\"http://loinc.org\"><code>http://loinc.org</code></a> version <span title=\"Version is not explicity stated. No matching Code System found\">Not Stated (use latest from terminology server)</span><table class=\"none\"><tr><td style=\"white-space:nowrap\"><b>Code</b></td><td><b>Display</b></td></tr><tr><td><a href=\"https://loinc.org/LA9318-2/\">LA9318-2</a></td><td>Ambulance</td></tr><tr><td><a href=\"https://loinc.org/LA9321-6/\">LA9321-6</a></td><td>Walk-in following nonambulance, law enforcement transport</td></tr><tr><td><a href=\"https://loinc.org/LA9319-0/\">LA9319-0</a></td><td>Walk-in following transport via private transportation</td></tr><tr><td><a href=\"https://loinc.org/LA9323-2/\">LA9323-2</a></td><td>Other mode of transport</td></tr></table></li></ul></div>"
  },
  "url" : "http://hl7.org/fhir/ValueSet/PH-RoadSafety-ModeOfTransport",
  "version" : "0.1.0",
  "name" : "MDSModeOfTransportVS",
  "title" : "MDS Mode of Transport to Facility",
  "status" : "draft",
  "date" : "2025-10-07T08:34:02+00:00",
  "publisher" : "UP Manila - National Institutes of Health - National Telehealth Center",
  "contact" : [{
    "name" : "UP Manila - National Institutes of Health - National Telehealth Center",
    "telecom" : [{
      "system" : "url",
      "value" : "https://github.com/UPM-NTHC/PH-RoadSafetyIG"
    }]
  },
  {
    "name" : "PH Road Safety IG Repository",
    "telecom" : [{
      "system" : "url",
      "value" : "https://github.com/UPM-NTHC/PH-RoadSafetyIG"
    }]
  }],
  "description" : "Transport mode answer list (LOINC answers).",
  "jurisdiction" : [{
    "coding" : [{
      "system" : "urn:iso:std:iso:3166",
      "code" : "PH",
      "display" : "Philippines"
    }]
  }],
  "compose" : {
    "include" : [{
      "system" : "http://loinc.org",
      "concept" : [{
        "code" : "LA9318-2",
        "display" : "Ambulance"
      },
      {
        "code" : "LA9321-6",
        "display" : "Walk-in following nonambulance, law enforcement transport"
      },
      {
        "code" : "LA9319-0",
        "display" : "Walk-in following transport via private transportation"
      },
      {
        "code" : "LA9323-2",
        "display" : "Other mode of transport"
      }]
    }]
  }
}