<?xml version="1.0" encoding="UTF-8"?>

<ValueSet xmlns="http://hl7.org/fhir">
  <id value="SILPH-LocalCodesVS"/>
  <meta>
    <versionId value="3"/>
    <lastUpdated value="2025-10-30T00:34:05.052+00:00"/>
  </meta>
  <text>
    <status value="generated"/><div xmlns="http://www.w3.org/1999/xhtml"><p class="res-header-id"><b>Generated Narrative: ValueSet SILPH-LocalCodesVS</b></p><a name="SILPH-LocalCodesVS"> </a><a name="hcSILPH-LocalCodesVS"> </a><div style="display: inline-block; background-color: #d9e0e7; padding: 6px; margin: 4px; border: 1px solid #8da1b4; border-radius: 5px; line-height: 60%"><p style="margin-bottom: 0px">version: 3; Last updated: 2025-10-30 00:34:05+0000</p></div><p style="border: black 1px dotted; background-color: #EEEEEE; padding: 8px; margin-bottom: 8px">Expansion based on codesystem SILPH Road Safety Local Codes version 0.2.0</p><p>This value set contains 23 concepts</p><table class="codes"><tr><td><b>System</b></td><td style="white-space:nowrap"><b>Code</b></td><td><b>Display</b></td></tr><tr><td><a name="SILPH-LocalCodesVS-http://www.roadsafetyph.doh.gov.ph/CodeSystem-XE5XH"> </a><code>http://www.roadsafetyph.doh.gov.ph/CodeSystem</code></td><td style="white-space:nowrap">  <a href="CodeSystem-SILPH-LocalCodesCS.html#SILPH-LocalCodesCS-XE5XH">XE5XH</a></td><td>Air</td></tr><tr><td><a name="SILPH-LocalCodesVS-http://www.roadsafetyph.doh.gov.ph/CodeSystem-BHS"> </a><code>http://www.roadsafetyph.doh.gov.ph/CodeSystem</code></td><td style="white-space:nowrap">  <a href="CodeSystem-SILPH-LocalCodesCS.html#SILPH-LocalCodesCS-BHS">BHS</a></td><td>BHS</td></tr><tr><td><a name="SILPH-LocalCodesVS-http://www.roadsafetyph.doh.gov.ph/CodeSystem-COLLISIONTYPE"> </a><code>http://www.roadsafetyph.doh.gov.ph/CodeSystem</code></td><td style="white-space:nowrap">  <a href="CodeSystem-SILPH-LocalCodesCS.html#SILPH-LocalCodesCS-COLLISIONTYPE">COLLISIONTYPE</a></td><td>Collision Type</td></tr><tr><td><a name="SILPH-LocalCodesVS-http://www.roadsafetyph.doh.gov.ph/CodeSystem-DIED"> </a><code>http://www.roadsafetyph.doh.gov.ph/CodeSystem</code></td><td style="white-space:nowrap">  <a href="CodeSystem-SILPH-LocalCodesCS.html#SILPH-LocalCodesCS-DIED">DIED</a></td><td>Died</td></tr><tr><td><a name="SILPH-LocalCodesVS-http://www.roadsafetyph.doh.gov.ph/CodeSystem-MVA-COLLISION"> </a><code>http://www.roadsafetyph.doh.gov.ph/CodeSystem</code></td><td style="white-space:nowrap">  <a href="CodeSystem-SILPH-LocalCodesCS.html#SILPH-LocalCodesCS-MVA-COLLISION">MVA-COLLISION</a></td><td>FOR TRANSPORT/VEHICULAR ACCIDENT ONLY (Collision; Non-Collision)</td></tr><tr><td><a name="SILPH-LocalCodesVS-http://www.roadsafetyph.doh.gov.ph/CodeSystem-JEEPNEY"> </a><code>http://www.roadsafetyph.doh.gov.ph/CodeSystem</code></td><td style="white-space:nowrap">  <a href="CodeSystem-SILPH-LocalCodesCS.html#SILPH-LocalCodesCS-JEEPNEY">JEEPNEY</a></td><td>Jeepney</td></tr><tr><td><a name="SILPH-LocalCodesVS-http://www.roadsafetyph.doh.gov.ph/CodeSystem-XE9S7"> </a><code>http://www.roadsafetyph.doh.gov.ph/CodeSystem</code></td><td style="white-space:nowrap">  <a href="CodeSystem-SILPH-LocalCodesCS.html#SILPH-LocalCodesCS-XE9S7">XE9S7</a></td><td>Land</td></tr><tr><td><a name="SILPH-LocalCodesVS-http://www.roadsafetyph.doh.gov.ph/CodeSystem-LEISURE"> </a><code>http://www.roadsafetyph.doh.gov.ph/CodeSystem</code></td><td style="white-space:nowrap">  <a href="CodeSystem-SILPH-LocalCodesCS.html#SILPH-LocalCodesCS-LEISURE">LEISURE</a></td><td>Leisure</td></tr><tr><td><a name="SILPH-LocalCodesVS-http://www.roadsafetyph.doh.gov.ph/CodeSystem-NONCOLLISION"> </a><code>http://www.roadsafetyph.doh.gov.ph/CodeSystem</code></td><td style="white-space:nowrap">  <a href="CodeSystem-SILPH-LocalCodesCS.html#SILPH-LocalCodesCS-NONCOLLISION">NONCOLLISION</a></td><td>Non-Collision</td></tr><tr><td><a name="SILPH-LocalCodesVS-http://www.roadsafetyph.doh.gov.ph/CodeSystem-OTHERVEHICLE"> </a><code>http://www.roadsafetyph.doh.gov.ph/CodeSystem</code></td><td style="white-space:nowrap">  <a href="CodeSystem-SILPH-LocalCodesCS.html#SILPH-LocalCodesCS-OTHERVEHICLE">OTHERVEHICLE</a></td><td>Other Vehicle/Object Involved (for COLLISION accident ONLY)</td></tr><tr><td><a name="SILPH-LocalCodesVS-http://www.roadsafetyph.doh.gov.ph/CodeSystem-PLACEOCCURRENCE"> </a><code>http://www.roadsafetyph.doh.gov.ph/CodeSystem</code></td><td style="white-space:nowrap">  <a href="CodeSystem-SILPH-LocalCodesCS.html#SILPH-LocalCodesCS-PLACEOCCURRENCE">PLACEOCCURRENCE</a></td><td>Place of Occurrence</td></tr><tr><td><a name="SILPH-LocalCodesVS-http://www.roadsafetyph.doh.gov.ph/CodeSystem-PATIENTPOSITION"> </a><code>http://www.roadsafetyph.doh.gov.ph/CodeSystem</code></td><td style="white-space:nowrap">  <a href="CodeSystem-SILPH-LocalCodesCS.html#SILPH-LocalCodesCS-PATIENTPOSITION">PATIENTPOSITION</a></td><td>Position of Patient</td></tr><tr><td><a name="SILPH-LocalCodesVS-http://www.roadsafetyph.doh.gov.ph/CodeSystem-RHU"> </a><code>http://www.roadsafetyph.doh.gov.ph/CodeSystem</code></td><td style="white-space:nowrap">  <a href="CodeSystem-SILPH-LocalCodesCS.html#SILPH-LocalCodesCS-RHU">RHU</a></td><td>RHU</td></tr><tr><td><a name="SILPH-LocalCodesVS-http://www.roadsafetyph.doh.gov.ph/CodeSystem-RRFREMARKS"> </a><code>http://www.roadsafetyph.doh.gov.ph/CodeSystem</code></td><td style="white-space:nowrap">  <a href="CodeSystem-SILPH-LocalCodesCS.html#SILPH-LocalCodesCS-RRFREMARKS">RRFREMARKS</a></td><td>Run Report Form Remarks</td></tr><tr><td><a name="SILPH-LocalCodesVS-http://www.roadsafetyph.doh.gov.ph/CodeSystem-INJURYBACK"> </a><code>http://www.roadsafetyph.doh.gov.ph/CodeSystem</code></td><td style="white-space:nowrap">  <a href="CodeSystem-SILPH-LocalCodesCS.html#SILPH-LocalCodesCS-INJURYBACK">INJURYBACK</a></td><td>Site of Injury/Pain - Back Part of Body</td></tr><tr><td><a name="SILPH-LocalCodesVS-http://www.roadsafetyph.doh.gov.ph/CodeSystem-INJURYFRONT"> </a><code>http://www.roadsafetyph.doh.gov.ph/CodeSystem</code></td><td style="white-space:nowrap">  <a href="CodeSystem-SILPH-LocalCodesCS.html#SILPH-LocalCodesCS-INJURYFRONT">INJURYFRONT</a></td><td>Site of Injury/Pain - Front Part of Body</td></tr><tr><td><a name="SILPH-LocalCodesVS-http://www.roadsafetyph.doh.gov.ph/CodeSystem-TRICYCLE"> </a><code>http://www.roadsafetyph.doh.gov.ph/CodeSystem</code></td><td style="white-space:nowrap">  <a href="CodeSystem-SILPH-LocalCodesCS.html#SILPH-LocalCodesCS-TRICYCLE">TRICYCLE</a></td><td>Tricycle</td></tr><tr><td><a name="SILPH-LocalCodesVS-http://www.roadsafetyph.doh.gov.ph/CodeSystem-UNIMPROVED"> </a><code>http://www.roadsafetyph.doh.gov.ph/CodeSystem</code></td><td style="white-space:nowrap">  <a href="CodeSystem-SILPH-LocalCodesCS.html#SILPH-LocalCodesCS-UNIMPROVED">UNIMPROVED</a></td><td>Unimproved</td></tr><tr><td><a name="SILPH-LocalCodesVS-http://www.roadsafetyph.doh.gov.ph/CodeSystem-VAWC"> </a><code>http://www.roadsafetyph.doh.gov.ph/CodeSystem</code></td><td style="white-space:nowrap">  <a href="CodeSystem-SILPH-LocalCodesCS.html#SILPH-LocalCodesCS-VAWC">VAWC</a></td><td>VAWC Patient</td></tr><tr><td><a name="SILPH-LocalCodesVS-http://www.roadsafetyph.doh.gov.ph/CodeSystem-PATIENTVEHICLE"> </a><code>http://www.roadsafetyph.doh.gov.ph/CodeSystem</code></td><td style="white-space:nowrap">  <a href="CodeSystem-SILPH-LocalCodesCS.html#SILPH-LocalCodesCS-PATIENTVEHICLE">PATIENTVEHICLE</a></td><td>Vehicles Involved: Patient's Vehicle</td></tr><tr><td><a name="SILPH-LocalCodesVS-http://www.roadsafetyph.doh.gov.ph/CodeSystem-VIDEOBAR"> </a><code>http://www.roadsafetyph.doh.gov.ph/CodeSystem</code></td><td style="white-space:nowrap">  <a href="CodeSystem-SILPH-LocalCodesCS.html#SILPH-LocalCodesCS-VIDEOBAR">VIDEOBAR</a></td><td>Videoke Bars</td></tr><tr><td><a name="SILPH-LocalCodesVS-http://www.roadsafetyph.doh.gov.ph/CodeSystem-COORDINATIONDONE"> </a><code>http://www.roadsafetyph.doh.gov.ph/CodeSystem</code></td><td style="white-space:nowrap">  <a href="CodeSystem-SILPH-LocalCodesCS.html#SILPH-LocalCodesCS-COORDINATIONDONE">COORDINATIONDONE</a></td><td>Was Transport Coordinated with Receiving Hospital?</td></tr><tr><td><a name="SILPH-LocalCodesVS-http://www.roadsafetyph.doh.gov.ph/CodeSystem-XE85L"> </a><code>http://www.roadsafetyph.doh.gov.ph/CodeSystem</code></td><td style="white-space:nowrap">  <a href="CodeSystem-SILPH-LocalCodesCS.html#SILPH-LocalCodesCS-XE85L">XE85L</a></td><td>Water</td></tr></table></div>
  </text>
  <url value="http://www.roadsafetyph.doh.gov.ph/ValueSet"/>
  <version value="0.3.0"/>
  <name value="SILPH___Local_Codes__VS_"/>
  <title value="SILPH - Local Codes (VS)"/>
  <status value="draft"/>
  <date value="2025-11-05T05:21:38+00:00"/>
  <publisher value="UP Manila - National Institutes of Health - National Telehealth Center"/>
  <contact>
    <name value="UP Manila - National Institutes of Health - National Telehealth Center"/>
    <telecom>
      <system value="url"/>
      <value value="https://github.com/UPM-NTHC/PH-RoadSafetyIG"/>
    </telecom>
  </contact>
  <contact>
    <name value="PH Road Safety IG Repository"/>
    <telecom>
      <system value="url"/>
      <value value="https://github.com/UPM-NTHC/PH-RoadSafetyIG"/>
    </telecom>
  </contact>
  <description value="SILPH Value Set for containing all Road Safety Local Codes (data element terminology codes and codes for value sets)"/>
  <jurisdiction>
    <coding>
      <system value="urn:iso:std:iso:3166"/>
      <code value="PH"/>
      <display value="Philippines"/>
    </coding>
  </jurisdiction>
  <compose>
    <include>
      <system value="http://www.roadsafetyph.doh.gov.ph/CodeSystem"/>
      <version value="0.2.0"/>
    </include>
  </compose>
  <expansion>
    <identifier value="urn:uuid:1ec81ede-6b35-4b7f-934a-91328a96acae"/>
    <timestamp value="2025-10-29T23:49:34+00:00"/>
    <total value="23"/>
    <parameter>
      <name value="used-codesystem"/>
      <valueUri value="http://www.roadsafetyph.doh.gov.ph/CodeSystem|0.2.0"/>
    </parameter>
    <parameter>
      <name value="version"/>
      <valueUri value="http://www.roadsafetyph.doh.gov.ph/CodeSystem|0.2.0"/>
    </parameter>
    <parameter>
      <name value="warning-draft"/>
      <valueUri value="http://www.roadsafetyph.doh.gov.ph/CodeSystem|0.2.0"/>
    </parameter>
    <parameter>
      <name value="warning-draft"/>
      <valueUri value="http://www.roadsafetyph.doh.gov.ph/ValueSet|0.1.0"/>
    </parameter>
    <contains>
      <system value="http://www.roadsafetyph.doh.gov.ph/CodeSystem"/>
      <code value="XE5XH"/>
      <display value="Air"/>
    </contains>
    <contains>
      <system value="http://www.roadsafetyph.doh.gov.ph/CodeSystem"/>
      <code value="BHS"/>
      <display value="BHS"/>
    </contains>
    <contains>
      <system value="http://www.roadsafetyph.doh.gov.ph/CodeSystem"/>
      <code value="COLLISIONTYPE"/>
      <display value="Collision Type"/>
    </contains>
    <contains>
      <system value="http://www.roadsafetyph.doh.gov.ph/CodeSystem"/>
      <code value="DIED"/>
      <display value="Died"/>
    </contains>
    <contains>
      <system value="http://www.roadsafetyph.doh.gov.ph/CodeSystem"/>
      <code value="MVA-COLLISION"/>
      <display value="FOR TRANSPORT/VEHICULAR ACCIDENT ONLY (Collision; Non-Collision)"/>
    </contains>
    <contains>
      <system value="http://www.roadsafetyph.doh.gov.ph/CodeSystem"/>
      <code value="JEEPNEY"/>
      <display value="Jeepney"/>
    </contains>
    <contains>
      <system value="http://www.roadsafetyph.doh.gov.ph/CodeSystem"/>
      <code value="XE9S7"/>
      <display value="Land"/>
    </contains>
    <contains>
      <system value="http://www.roadsafetyph.doh.gov.ph/CodeSystem"/>
      <code value="LEISURE"/>
      <display value="Leisure"/>
    </contains>
    <contains>
      <system value="http://www.roadsafetyph.doh.gov.ph/CodeSystem"/>
      <code value="NONCOLLISION"/>
      <display value="Non-Collision"/>
    </contains>
    <contains>
      <system value="http://www.roadsafetyph.doh.gov.ph/CodeSystem"/>
      <code value="OTHERVEHICLE"/>
      <display value="Other Vehicle/Object Involved (for COLLISION accident ONLY)"/>
    </contains>
    <contains>
      <system value="http://www.roadsafetyph.doh.gov.ph/CodeSystem"/>
      <code value="PLACEOCCURRENCE"/>
      <display value="Place of Occurrence"/>
    </contains>
    <contains>
      <system value="http://www.roadsafetyph.doh.gov.ph/CodeSystem"/>
      <code value="PATIENTPOSITION"/>
      <display value="Position of Patient"/>
    </contains>
    <contains>
      <system value="http://www.roadsafetyph.doh.gov.ph/CodeSystem"/>
      <code value="RHU"/>
      <display value="RHU"/>
    </contains>
    <contains>
      <system value="http://www.roadsafetyph.doh.gov.ph/CodeSystem"/>
      <code value="RRFREMARKS"/>
      <display value="Run Report Form Remarks"/>
    </contains>
    <contains>
      <system value="http://www.roadsafetyph.doh.gov.ph/CodeSystem"/>
      <code value="INJURYBACK"/>
      <display value="Site of Injury/Pain - Back Part of Body"/>
    </contains>
    <contains>
      <system value="http://www.roadsafetyph.doh.gov.ph/CodeSystem"/>
      <code value="INJURYFRONT"/>
      <display value="Site of Injury/Pain - Front Part of Body"/>
    </contains>
    <contains>
      <system value="http://www.roadsafetyph.doh.gov.ph/CodeSystem"/>
      <code value="TRICYCLE"/>
      <display value="Tricycle"/>
    </contains>
    <contains>
      <system value="http://www.roadsafetyph.doh.gov.ph/CodeSystem"/>
      <code value="UNIMPROVED"/>
      <display value="Unimproved"/>
    </contains>
    <contains>
      <system value="http://www.roadsafetyph.doh.gov.ph/CodeSystem"/>
      <code value="VAWC"/>
      <display value="VAWC Patient"/>
    </contains>
    <contains>
      <system value="http://www.roadsafetyph.doh.gov.ph/CodeSystem"/>
      <code value="PATIENTVEHICLE"/>
      <display value="Vehicles Involved: Patient's Vehicle"/>
    </contains>
    <contains>
      <system value="http://www.roadsafetyph.doh.gov.ph/CodeSystem"/>
      <code value="VIDEOBAR"/>
      <display value="Videoke Bars"/>
    </contains>
    <contains>
      <system value="http://www.roadsafetyph.doh.gov.ph/CodeSystem"/>
      <code value="COORDINATIONDONE"/>
      <display value="Was Transport Coordinated with Receiving Hospital?"/>
    </contains>
    <contains>
      <system value="http://www.roadsafetyph.doh.gov.ph/CodeSystem"/>
      <code value="XE85L"/>
      <display value="Water"/>
    </contains>
  </expansion>
</ValueSet>