<?xml version="1.0" encoding="UTF-8"?>

<ValueSet xmlns="http://hl7.org/fhir">
  <id value="vs-psgc-province"/>
  <text>
    <status value="generated"/><div xmlns="http://www.w3.org/1999/xhtml"><p class="res-header-id"><b>Generated Narrative: ValueSet vs-psgc-province</b></p><a name="vs-psgc-province"> </a><a name="hcvs-psgc-province"> </a><ul><li>Include all codes defined in <code>https://psa.gov.ph/classification/psgc</code><span title="Version is not explicity stated. No matching Code System found"> version Not Stated (use latest from terminology server)</span></li></ul></div>
  </text>
  <url value="https://build.fhir.org/ig/UPM-NTHC/PH-RoadSafetyIG/ValueSet/vs-psgc-province"/>
  <version value="0.2.0"/>
  <name value="VSPSGCProvince"/>
  <title value="RS VS - PSGC Province"/>
  <status value="draft"/>
  <date value="2025-10-29T05:13:56+00:00"/>
  <publisher value="UP Manila - National Institutes of Health - National Telehealth Center"/>
  <contact>
    <name value="UP Manila - National Institutes of Health - National Telehealth Center"/>
    <telecom>
      <system value="url"/>
      <value value="https://github.com/UPM-NTHC/PH-RoadSafetyIG"/>
    </telecom>
  </contact>
  <contact>
    <name value="PH Road Safety IG Repository"/>
    <telecom>
      <system value="url"/>
      <value value="https://github.com/UPM-NTHC/PH-RoadSafetyIG"/>
    </telecom>
  </contact>
  <description value="PSGC Province codes (managed externally)."/>
  <jurisdiction>
    <coding>
      <system value="urn:iso:std:iso:3166"/>
      <code value="PH"/>
      <display value="Philippines"/>
    </coding>
  </jurisdiction>
  <compose>
    <include>
      <system value="https://psa.gov.ph/classification/psgc"/>
    </include>
  </compose>
</ValueSet>