{
  "resourceType" : "ValueSet",
  "id" : "SILPH-ElementTerminologyVS",
  "meta" : {
    "versionId" : "1",
    "lastUpdated" : "2025-10-29T01:15:19.727+00:00"
  },
  "text" : {
    "status" : "generated",
    "div" : "<div xmlns=\"http://www.w3.org/1999/xhtml\"><p class=\"res-header-id\"><b>Generated Narrative: ValueSet SILPH-ElementTerminologyVS</b></p><a name=\"SILPH-ElementTerminologyVS\"> </a><a name=\"hcSILPH-ElementTerminologyVS\"> </a><div style=\"display: inline-block; background-color: #d9e0e7; padding: 6px; margin: 4px; border: 1px solid #8da1b4; border-radius: 5px; line-height: 60%\"><p style=\"margin-bottom: 0px\">version: 1; Last updated: 2025-10-29 01:15:19+0000</p></div><div style=\"border: black 1px dotted; background-color: #EEEEEE; padding: 8px; margin-bottom: 8px\"><p>Expansion based on:</p><ul><li>Loinc v2.78</li><li>SNOMED CT International edition 01-Oct 2024</li><li>codesystem SILPH Road Safety Local Codes version 1</li></ul></div><p>This value set contains 114 concepts</p><table class=\"codes\"><tr><td><b>System</b></td><td><b>Version</b></td><td style=\"white-space:nowrap\"><b>Code</b></td><td><b>Display (en-US,en;q=0.9)</b></td></tr><tr><td><a name=\"SILPH-ElementTerminologyVS-http://snomed.info/sct-405796007\"> </a><code>http://snomed.info/sct</code></td><td>http://snomed.info/sct/900000000000207008/version/20241001</td><td style=\"white-space:nowrap\">\u00a0\u00a0<a href=\"http://snomed.info/sct/900000000000207008/id/405796007\">405796007</a></td><td>Time of call for help</td></tr><tr><td><a name=\"SILPH-ElementTerminologyVS-http://snomed.info/sct-405798008\"> </a><code>http://snomed.info/sct</code></td><td>http://snomed.info/sct/900000000000207008/version/20241001</td><td style=\"white-space:nowrap\">\u00a0\u00a0<a href=\"http://snomed.info/sct/900000000000207008/id/405798008\">405798008</a></td><td>Time of arrival of emergency services</td></tr><tr><td><a name=\"SILPH-ElementTerminologyVS-http://snomed.info/sct-405799000\"> </a><code>http://snomed.info/sct</code></td><td>http://snomed.info/sct/900000000000207008/version/20241001</td><td style=\"white-space:nowrap\">\u00a0\u00a0<a href=\"http://snomed.info/sct/900000000000207008/id/405799000\">405799000</a></td><td>Time of arrival at hospital</td></tr><tr><td><a name=\"SILPH-ElementTerminologyVS-http://snomed.info/sct-1269489004\"> </a><code>http://snomed.info/sct</code></td><td>http://snomed.info/sct/900000000000207008/version/20241001</td><td style=\"white-space:nowrap\">\u00a0\u00a0<a href=\"http://snomed.info/sct/900000000000207008/id/1269489004\">1269489004</a></td><td>Chief complaint</td></tr><tr><td><a name=\"SILPH-ElementTerminologyVS-http://snomed.info/sct-398099009\"> </a><code>http://snomed.info/sct</code></td><td>http://snomed.info/sct/900000000000207008/version/20241001</td><td style=\"white-space:nowrap\">\u00a0\u00a0<a href=\"http://snomed.info/sct/900000000000207008/id/398099009\">398099009</a></td><td>Street address</td></tr><tr><td><a name=\"SILPH-ElementTerminologyVS-http://snomed.info/sct-397663001\"> </a><code>http://snomed.info/sct</code></td><td>http://snomed.info/sct/900000000000207008/version/20241001</td><td style=\"white-space:nowrap\">\u00a0\u00a0<a href=\"http://snomed.info/sct/900000000000207008/id/397663001\">397663001</a></td><td>Referral source</td></tr><tr><td><a name=\"SILPH-ElementTerminologyVS-http://snomed.info/sct-184096005\"> </a><code>http://snomed.info/sct</code></td><td>http://snomed.info/sct/900000000000207008/version/20241001</td><td style=\"white-space:nowrap\">\u00a0\u00a0<a href=\"http://snomed.info/sct/900000000000207008/id/184096005\">184096005</a></td><td>Patient surname</td></tr><tr><td><a name=\"SILPH-ElementTerminologyVS-http://snomed.info/sct-184095009\"> </a><code>http://snomed.info/sct</code></td><td>http://snomed.info/sct/900000000000207008/version/20241001</td><td style=\"white-space:nowrap\">\u00a0\u00a0<a href=\"http://snomed.info/sct/900000000000207008/id/184095009\">184095009</a></td><td>Patient forename</td></tr><tr><td><a name=\"SILPH-ElementTerminologyVS-http://snomed.info/sct-405622006\"> </a><code>http://snomed.info/sct</code></td><td>http://snomed.info/sct/900000000000207008/version/20241001</td><td style=\"white-space:nowrap\">\u00a0\u00a0<a href=\"http://snomed.info/sct/900000000000207008/id/405622006\">405622006</a></td><td>Patient middle name</td></tr><tr><td><a name=\"SILPH-ElementTerminologyVS-http://snomed.info/sct-397669002\"> </a><code>http://snomed.info/sct</code></td><td>http://snomed.info/sct/900000000000207008/version/20241001</td><td style=\"white-space:nowrap\">\u00a0\u00a0<a href=\"http://snomed.info/sct/900000000000207008/id/397669002\">397669002</a></td><td>Age</td></tr><tr><td><a name=\"SILPH-ElementTerminologyVS-http://snomed.info/sct-184100006\"> </a><code>http://snomed.info/sct</code></td><td>http://snomed.info/sct/900000000000207008/version/20241001</td><td style=\"white-space:nowrap\">\u00a0\u00a0<a href=\"http://snomed.info/sct/900000000000207008/id/184100006\">184100006</a></td><td>Patient sex</td></tr><tr><td><a name=\"SILPH-ElementTerminologyVS-http://snomed.info/sct-734005006\"> </a><code>http://snomed.info/sct</code></td><td>http://snomed.info/sct/900000000000207008/version/20241001</td><td style=\"white-space:nowrap\">\u00a0\u00a0<a href=\"http://snomed.info/sct/900000000000207008/id/734005006\">734005006</a></td><td>Telephone number</td></tr><tr><td><a name=\"SILPH-ElementTerminologyVS-http://snomed.info/sct-417662000\"> </a><code>http://snomed.info/sct</code></td><td>http://snomed.info/sct/900000000000207008/version/20241001</td><td style=\"white-space:nowrap\">\u00a0\u00a0<a href=\"http://snomed.info/sct/900000000000207008/id/417662000\">417662000</a></td><td>History of clinical finding in subject</td></tr><tr><td><a name=\"SILPH-ElementTerminologyVS-http://snomed.info/sct-513881000000106\"> </a><code>http://snomed.info/sct</code></td><td>http://snomed.info/sct/900000000000207008/version/20241001</td><td style=\"white-space:nowrap\">\u00a0\u00a0<a href=\"http://snomed.info/sct/900000000000207008/id/513881000000106\">513881000000106</a></td><td>Current medication as reported by patient</td></tr><tr><td><a name=\"SILPH-ElementTerminologyVS-http://snomed.info/sct-609328004\"> </a><code>http://snomed.info/sct</code></td><td>http://snomed.info/sct/900000000000207008/version/20241001</td><td style=\"white-space:nowrap\">\u00a0\u00a0<a href=\"http://snomed.info/sct/900000000000207008/id/609328004\">609328004</a></td><td>Allergic disposition</td></tr><tr><td><a name=\"SILPH-ElementTerminologyVS-http://snomed.info/sct-86290005\"> </a><code>http://snomed.info/sct</code></td><td>http://snomed.info/sct/900000000000207008/version/20241001</td><td style=\"white-space:nowrap\">\u00a0\u00a0<a href=\"http://snomed.info/sct/900000000000207008/id/86290005\">86290005</a></td><td>Respiratory rate</td></tr><tr><td><a name=\"SILPH-ElementTerminologyVS-http://snomed.info/sct-248582003\"> </a><code>http://snomed.info/sct</code></td><td>http://snomed.info/sct/900000000000207008/version/20241001</td><td style=\"white-space:nowrap\">\u00a0\u00a0<a href=\"http://snomed.info/sct/900000000000207008/id/248582003\">248582003</a></td><td>Rhythm of respiration</td></tr><tr><td><a name=\"SILPH-ElementTerminologyVS-http://snomed.info/sct-52653008\"> </a><code>http://snomed.info/sct</code></td><td>http://snomed.info/sct/900000000000207008/version/20241001</td><td style=\"white-space:nowrap\">\u00a0\u00a0<a href=\"http://snomed.info/sct/900000000000207008/id/52653008\">52653008</a></td><td>Respiratory sounds</td></tr><tr><td><a name=\"SILPH-ElementTerminologyVS-http://snomed.info/sct-78564009\"> </a><code>http://snomed.info/sct</code></td><td>http://snomed.info/sct/900000000000207008/version/20241001</td><td style=\"white-space:nowrap\">\u00a0\u00a0<a href=\"http://snomed.info/sct/900000000000207008/id/78564009\">78564009</a></td><td>Pulse rate</td></tr><tr><td><a name=\"SILPH-ElementTerminologyVS-http://snomed.info/sct-364095004\"> </a><code>http://snomed.info/sct</code></td><td>http://snomed.info/sct/900000000000207008/version/20241001</td><td style=\"white-space:nowrap\">\u00a0\u00a0<a href=\"http://snomed.info/sct/900000000000207008/id/364095004\">364095004</a></td><td>Pulse rhythm</td></tr><tr><td><a name=\"SILPH-ElementTerminologyVS-http://snomed.info/sct-271649006\"> </a><code>http://snomed.info/sct</code></td><td>http://snomed.info/sct/900000000000207008/version/20241001</td><td style=\"white-space:nowrap\">\u00a0\u00a0<a href=\"http://snomed.info/sct/900000000000207008/id/271649006\">271649006</a></td><td>Systolic blood pressure</td></tr><tr><td><a name=\"SILPH-ElementTerminologyVS-http://snomed.info/sct-271650006\"> </a><code>http://snomed.info/sct</code></td><td>http://snomed.info/sct/900000000000207008/version/20241001</td><td style=\"white-space:nowrap\">\u00a0\u00a0<a href=\"http://snomed.info/sct/900000000000207008/id/271650006\">271650006</a></td><td>Diastolic blood pressure</td></tr><tr><td><a name=\"SILPH-ElementTerminologyVS-http://snomed.info/sct-386725007\"> </a><code>http://snomed.info/sct</code></td><td>http://snomed.info/sct/900000000000207008/version/20241001</td><td style=\"white-space:nowrap\">\u00a0\u00a0<a href=\"http://snomed.info/sct/900000000000207008/id/386725007\">386725007</a></td><td>Body temperature</td></tr><tr><td><a name=\"SILPH-ElementTerminologyVS-http://snomed.info/sct-6942003\"> </a><code>http://snomed.info/sct</code></td><td>http://snomed.info/sct/900000000000207008/version/20241001</td><td style=\"white-space:nowrap\">\u00a0\u00a0<a href=\"http://snomed.info/sct/900000000000207008/id/6942003\">6942003</a></td><td>Level of consciousness</td></tr><tr><td><a name=\"SILPH-ElementTerminologyVS-http://snomed.info/sct-271733001\"> </a><code>http://snomed.info/sct</code></td><td>http://snomed.info/sct/900000000000207008/version/20241001</td><td style=\"white-space:nowrap\">\u00a0\u00a0<a href=\"http://snomed.info/sct/900000000000207008/id/271733001\">271733001</a></td><td>Pupil reaction</td></tr><tr><td><a name=\"SILPH-ElementTerminologyVS-http://snomed.info/sct-3415004\"> </a><code>http://snomed.info/sct</code></td><td>http://snomed.info/sct/900000000000207008/version/20241001</td><td style=\"white-space:nowrap\">\u00a0\u00a0<a href=\"http://snomed.info/sct/900000000000207008/id/3415004\">3415004</a></td><td>Cyanosis</td></tr><tr><td><a name=\"SILPH-ElementTerminologyVS-http://snomed.info/sct-281395000\"> </a><code>http://snomed.info/sct</code></td><td>http://snomed.info/sct/900000000000207008/version/20241001</td><td style=\"white-space:nowrap\">\u00a0\u00a0<a href=\"http://snomed.info/sct/900000000000207008/id/281395000\">281395000</a></td><td>Glasgow Coma Score eye opening subscore</td></tr><tr><td><a name=\"SILPH-ElementTerminologyVS-http://snomed.info/sct-281397008\"> </a><code>http://snomed.info/sct</code></td><td>http://snomed.info/sct/900000000000207008/version/20241001</td><td style=\"white-space:nowrap\">\u00a0\u00a0<a href=\"http://snomed.info/sct/900000000000207008/id/281397008\">281397008</a></td><td>Glasgow Coma Scale verbal response subscore</td></tr><tr><td><a name=\"SILPH-ElementTerminologyVS-http://snomed.info/sct-281396004\"> </a><code>http://snomed.info/sct</code></td><td>http://snomed.info/sct/900000000000207008/version/20241001</td><td style=\"white-space:nowrap\">\u00a0\u00a0<a href=\"http://snomed.info/sct/900000000000207008/id/281396004\">281396004</a></td><td>Glasgow Coma Scale motor response subscore</td></tr><tr><td><a name=\"SILPH-ElementTerminologyVS-http://snomed.info/sct-248241002\"> </a><code>http://snomed.info/sct</code></td><td>http://snomed.info/sct/900000000000207008/version/20241001</td><td style=\"white-space:nowrap\">\u00a0\u00a0<a href=\"http://snomed.info/sct/900000000000207008/id/248241002\">248241002</a></td><td>Glasgow coma score</td></tr><tr><td><a name=\"SILPH-ElementTerminologyVS-http://snomed.info/sct-55607006\"> </a><code>http://snomed.info/sct</code></td><td>http://snomed.info/sct/900000000000207008/version/20241001</td><td style=\"white-space:nowrap\">\u00a0\u00a0<a href=\"http://snomed.info/sct/900000000000207008/id/55607006\">55607006</a></td><td>Problem</td></tr><tr><td><a name=\"SILPH-ElementTerminologyVS-http://snomed.info/sct-119270007\"> </a><code>http://snomed.info/sct</code></td><td>http://snomed.info/sct/900000000000207008/version/20241001</td><td style=\"white-space:nowrap\">\u00a0\u00a0<a href=\"http://snomed.info/sct/900000000000207008/id/119270007\">119270007</a></td><td>Management procedure</td></tr><tr><td><a name=\"SILPH-ElementTerminologyVS-http://snomed.info/sct-397897005\"> </a><code>http://snomed.info/sct</code></td><td>http://snomed.info/sct/900000000000207008/version/20241001</td><td style=\"white-space:nowrap\">\u00a0\u00a0<a href=\"http://snomed.info/sct/900000000000207008/id/397897005\">397897005</a></td><td>Paramedic</td></tr><tr><td><a name=\"SILPH-ElementTerminologyVS-http://snomed.info/sct-159738005\"> </a><code>http://snomed.info/sct</code></td><td>http://snomed.info/sct/900000000000207008/version/20241001</td><td style=\"white-space:nowrap\">\u00a0\u00a0<a href=\"http://snomed.info/sct/900000000000207008/id/159738005\">159738005</a></td><td>Ambulanceman</td></tr><tr><td><a name=\"SILPH-ElementTerminologyVS-http://snomed.info/sct-22515006\"> </a><code>http://snomed.info/sct</code></td><td>http://snomed.info/sct/900000000000207008/version/20241001</td><td style=\"white-space:nowrap\">\u00a0\u00a0<a href=\"http://snomed.info/sct/900000000000207008/id/22515006\">22515006</a></td><td>Medical assistant</td></tr><tr><td><a name=\"SILPH-ElementTerminologyVS-http://snomed.info/sct-36030000\"> </a><code>http://snomed.info/sct</code></td><td>http://snomed.info/sct/900000000000207008/version/20241001</td><td style=\"white-space:nowrap\">\u00a0\u00a0<a href=\"http://snomed.info/sct/900000000000207008/id/36030000\">36030000</a></td><td>Transport vehicle</td></tr><tr><td><a name=\"SILPH-ElementTerminologyVS-http://snomed.info/sct-184107009\"> </a><code>http://snomed.info/sct</code></td><td>http://snomed.info/sct/900000000000207008/version/20241001</td><td style=\"white-space:nowrap\">\u00a0\u00a0<a href=\"http://snomed.info/sct/900000000000207008/id/184107009\">184107009</a></td><td>Patient hospital number</td></tr><tr><td><a name=\"SILPH-ElementTerminologyVS-http://snomed.info/sct-722248002\"> </a><code>http://snomed.info/sct</code></td><td>http://snomed.info/sct/900000000000207008/version/20241001</td><td style=\"white-space:nowrap\">\u00a0\u00a0<a href=\"http://snomed.info/sct/900000000000207008/id/722248002\">722248002</a></td><td>Patient hospital visit number</td></tr><tr><td><a name=\"SILPH-ElementTerminologyVS-http://snomed.info/sct-116154003\"> </a><code>http://snomed.info/sct</code></td><td>http://snomed.info/sct/900000000000207008/version/20241001</td><td style=\"white-space:nowrap\">\u00a0\u00a0<a href=\"http://snomed.info/sct/900000000000207008/id/116154003\">116154003</a></td><td>Patient</td></tr><tr><td><a name=\"SILPH-ElementTerminologyVS-http://snomed.info/sct-184099003\"> </a><code>http://snomed.info/sct</code></td><td>http://snomed.info/sct/900000000000207008/version/20241001</td><td style=\"white-space:nowrap\">\u00a0\u00a0<a href=\"http://snomed.info/sct/900000000000207008/id/184099003\">184099003</a></td><td>Date of birth</td></tr><tr><td><a name=\"SILPH-ElementTerminologyVS-http://snomed.info/sct-439771001\"> </a><code>http://snomed.info/sct</code></td><td>http://snomed.info/sct/900000000000207008/version/20241001</td><td style=\"white-space:nowrap\">\u00a0\u00a0<a href=\"http://snomed.info/sct/900000000000207008/id/439771001\">439771001</a></td><td>Date of event</td></tr><tr><td><a name=\"SILPH-ElementTerminologyVS-http://snomed.info/sct-263501003\"> </a><code>http://snomed.info/sct</code></td><td>http://snomed.info/sct/900000000000207008/version/20241001</td><td style=\"white-space:nowrap\">\u00a0\u00a0<a href=\"http://snomed.info/sct/900000000000207008/id/263501003\">263501003</a></td><td>Time of onset</td></tr><tr><td><a name=\"SILPH-ElementTerminologyVS-http://snomed.info/sct-406543005\"> </a><code>http://snomed.info/sct</code></td><td>http://snomed.info/sct/900000000000207008/version/20241001</td><td style=\"white-space:nowrap\">\u00a0\u00a0<a href=\"http://snomed.info/sct/900000000000207008/id/406543005\">406543005</a></td><td>Date of visit</td></tr><tr><td><a name=\"SILPH-ElementTerminologyVS-http://snomed.info/sct-406544004\"> </a><code>http://snomed.info/sct</code></td><td>http://snomed.info/sct/900000000000207008/version/20241001</td><td style=\"white-space:nowrap\">\u00a0\u00a0<a href=\"http://snomed.info/sct/900000000000207008/id/406544004\">406544004</a></td><td>Time of visit</td></tr><tr><td><a name=\"SILPH-ElementTerminologyVS-http://snomed.info/sct-386308007\"> </a><code>http://snomed.info/sct</code></td><td>http://snomed.info/sct/900000000000207008/version/20241001</td><td style=\"white-space:nowrap\">\u00a0\u00a0<a href=\"http://snomed.info/sct/900000000000207008/id/386308007\">386308007</a></td><td>First aid</td></tr><tr><td><a name=\"SILPH-ElementTerminologyVS-http://snomed.info/sct-262519004\"> </a><code>http://snomed.info/sct</code></td><td>http://snomed.info/sct/900000000000207008/version/20241001</td><td style=\"white-space:nowrap\">\u00a0\u00a0<a href=\"http://snomed.info/sct/900000000000207008/id/262519004\">262519004</a></td><td>Multiple injuries</td></tr><tr><td><a name=\"SILPH-ElementTerminologyVS-http://snomed.info/sct-399963005\"> </a><code>http://snomed.info/sct</code></td><td>http://snomed.info/sct/900000000000207008/version/20241001</td><td style=\"white-space:nowrap\">\u00a0\u00a0<a href=\"http://snomed.info/sct/900000000000207008/id/399963005\">399963005</a></td><td>Abrasion</td></tr><tr><td><a name=\"SILPH-ElementTerminologyVS-http://snomed.info/sct-284554003\"> </a><code>http://snomed.info/sct</code></td><td>http://snomed.info/sct/900000000000207008/version/20241001</td><td style=\"white-space:nowrap\">\u00a0\u00a0<a href=\"http://snomed.info/sct/900000000000207008/id/284554003\">284554003</a></td><td>Avulsion - injury</td></tr><tr><td><a name=\"SILPH-ElementTerminologyVS-http://snomed.info/sct-125666000\"> </a><code>http://snomed.info/sct</code></td><td>http://snomed.info/sct/900000000000207008/version/20241001</td><td style=\"white-space:nowrap\">\u00a0\u00a0<a href=\"http://snomed.info/sct/900000000000207008/id/125666000\">125666000</a></td><td>Burn</td></tr><tr><td><a name=\"SILPH-ElementTerminologyVS-http://snomed.info/sct-77140003\"> </a><code>http://snomed.info/sct</code></td><td>http://snomed.info/sct/900000000000207008/version/20241001</td><td style=\"white-space:nowrap\">\u00a0\u00a0<a href=\"http://snomed.info/sct/900000000000207008/id/77140003\">77140003</a></td><td>First degree burn injury</td></tr><tr><td><a name=\"SILPH-ElementTerminologyVS-http://snomed.info/sct-46541008\"> </a><code>http://snomed.info/sct</code></td><td>http://snomed.info/sct/900000000000207008/version/20241001</td><td style=\"white-space:nowrap\">\u00a0\u00a0<a href=\"http://snomed.info/sct/900000000000207008/id/46541008\">46541008</a></td><td>Second degree burn injury</td></tr><tr><td><a name=\"SILPH-ElementTerminologyVS-http://snomed.info/sct-80247002\"> </a><code>http://snomed.info/sct</code></td><td>http://snomed.info/sct/900000000000207008/version/20241001</td><td style=\"white-space:nowrap\">\u00a0\u00a0<a href=\"http://snomed.info/sct/900000000000207008/id/80247002\">80247002</a></td><td>Third degree burn injury</td></tr><tr><td><a name=\"SILPH-ElementTerminologyVS-http://snomed.info/sct-770400008\"> </a><code>http://snomed.info/sct</code></td><td>http://snomed.info/sct/900000000000207008/version/20241001</td><td style=\"white-space:nowrap\">\u00a0\u00a0<a href=\"http://snomed.info/sct/900000000000207008/id/770400008\">770400008</a></td><td>Fourth degree burn injury</td></tr><tr><td><a name=\"SILPH-ElementTerminologyVS-http://snomed.info/sct-110030002\"> </a><code>http://snomed.info/sct</code></td><td>http://snomed.info/sct/900000000000207008/version/20241001</td><td style=\"white-space:nowrap\">\u00a0\u00a0<a href=\"http://snomed.info/sct/900000000000207008/id/110030002\">110030002</a></td><td>Concussion injury of brain</td></tr><tr><td><a name=\"SILPH-ElementTerminologyVS-http://snomed.info/sct-125667009\"> </a><code>http://snomed.info/sct</code></td><td>http://snomed.info/sct/900000000000207008/version/20241001</td><td style=\"white-space:nowrap\">\u00a0\u00a0<a href=\"http://snomed.info/sct/900000000000207008/id/125667009\">125667009</a></td><td>Contusion</td></tr><tr><td><a name=\"SILPH-ElementTerminologyVS-http://snomed.info/sct-125605004\"> </a><code>http://snomed.info/sct</code></td><td>http://snomed.info/sct/900000000000207008/version/20241001</td><td style=\"white-space:nowrap\">\u00a0\u00a0<a href=\"http://snomed.info/sct/900000000000207008/id/125605004\">125605004</a></td><td>Fracture of bone</td></tr><tr><td><a name=\"SILPH-ElementTerminologyVS-http://snomed.info/sct-423125000\"> </a><code>http://snomed.info/sct</code></td><td>http://snomed.info/sct/900000000000207008/version/20241001</td><td style=\"white-space:nowrap\">\u00a0\u00a0<a href=\"http://snomed.info/sct/900000000000207008/id/423125000\">423125000</a></td><td>Closed fracture</td></tr><tr><td><a name=\"SILPH-ElementTerminologyVS-http://snomed.info/sct-397181002\"> </a><code>http://snomed.info/sct</code></td><td>http://snomed.info/sct/900000000000207008/version/20241001</td><td style=\"white-space:nowrap\">\u00a0\u00a0<a href=\"http://snomed.info/sct/900000000000207008/id/397181002\">397181002</a></td><td>Open fracture</td></tr><tr><td><a name=\"SILPH-ElementTerminologyVS-http://snomed.info/sct-125643001\"> </a><code>http://snomed.info/sct</code></td><td>http://snomed.info/sct/900000000000207008/version/20241001</td><td style=\"white-space:nowrap\">\u00a0\u00a0<a href=\"http://snomed.info/sct/900000000000207008/id/125643001\">125643001</a></td><td>Open wound</td></tr><tr><td><a name=\"SILPH-ElementTerminologyVS-http://snomed.info/sct-262595009\"> </a><code>http://snomed.info/sct</code></td><td>http://snomed.info/sct/900000000000207008/version/20241001</td><td style=\"white-space:nowrap\">\u00a0\u00a0<a href=\"http://snomed.info/sct/900000000000207008/id/262595009\">262595009</a></td><td>Traumatic amputation</td></tr><tr><td><a name=\"SILPH-ElementTerminologyVS-http://snomed.info/sct-417163006\"> </a><code>http://snomed.info/sct</code></td><td>http://snomed.info/sct/900000000000207008/version/20241001</td><td style=\"white-space:nowrap\">\u00a0\u00a0<a href=\"http://snomed.info/sct/900000000000207008/id/417163006\">417163006</a></td><td>Traumatic or non-traumatic injury</td></tr><tr><td><a name=\"SILPH-ElementTerminologyVS-http://snomed.info/sct-242651001\"> </a><code>http://snomed.info/sct</code></td><td>http://snomed.info/sct/900000000000207008/version/20241001</td><td style=\"white-space:nowrap\">\u00a0\u00a0<a href=\"http://snomed.info/sct/900000000000207008/id/242651001\">242651001</a></td><td>Injury caused by animal</td></tr><tr><td><a name=\"SILPH-ElementTerminologyVS-http://snomed.info/sct-242490006\"> </a><code>http://snomed.info/sct</code></td><td>http://snomed.info/sct/900000000000207008/version/20241001</td><td style=\"white-space:nowrap\">\u00a0\u00a0<a href=\"http://snomed.info/sct/900000000000207008/id/242490006\">242490006</a></td><td>Burning due to contact with hot substance</td></tr><tr><td><a name=\"SILPH-ElementTerminologyVS-http://snomed.info/sct-133261000119105\"> </a><code>http://snomed.info/sct</code></td><td>http://snomed.info/sct/900000000000207008/version/20241001</td><td style=\"white-space:nowrap\">\u00a0\u00a0<a href=\"http://snomed.info/sct/900000000000207008/id/133261000119105\">133261000119105</a></td><td>Exposure to potentially hazardous substance</td></tr><tr><td><a name=\"SILPH-ElementTerminologyVS-http://snomed.info/sct-69129000\"> </a><code>http://snomed.info/sct</code></td><td>http://snomed.info/sct/900000000000207008/version/20241001</td><td style=\"white-space:nowrap\">\u00a0\u00a0<a href=\"http://snomed.info/sct/900000000000207008/id/69129000\">69129000</a></td><td>Struck by sharp object</td></tr><tr><td><a name=\"SILPH-ElementTerminologyVS-http://snomed.info/sct-40947009\"> </a><code>http://snomed.info/sct</code></td><td>http://snomed.info/sct/900000000000207008/version/20241001</td><td style=\"white-space:nowrap\">\u00a0\u00a0<a href=\"http://snomed.info/sct/900000000000207008/id/40947009\">40947009</a></td><td>Drowning</td></tr><tr><td><a name=\"SILPH-ElementTerminologyVS-http://snomed.info/sct-276746005\"> </a><code>http://snomed.info/sct</code></td><td>http://snomed.info/sct/900000000000207008/version/20241001</td><td style=\"white-space:nowrap\">\u00a0\u00a0<a href=\"http://snomed.info/sct/900000000000207008/id/276746005\">276746005</a></td><td>Environmental event</td></tr><tr><td><a name=\"SILPH-ElementTerminologyVS-http://snomed.info/sct-1912002\"> </a><code>http://snomed.info/sct</code></td><td>http://snomed.info/sct/900000000000207008/version/20241001</td><td style=\"white-space:nowrap\">\u00a0\u00a0<a href=\"http://snomed.info/sct/900000000000207008/id/1912002\">1912002</a></td><td>Fall</td></tr><tr><td><a name=\"SILPH-ElementTerminologyVS-http://snomed.info/sct-218100007\"> </a><code>http://snomed.info/sct</code></td><td>http://snomed.info/sct/900000000000207008/version/20241001</td><td style=\"white-space:nowrap\">\u00a0\u00a0<a href=\"http://snomed.info/sct/900000000000207008/id/218100007\">218100007</a></td><td>Accident caused by fireworks</td></tr><tr><td><a name=\"SILPH-ElementTerminologyVS-http://snomed.info/sct-63409001\"> </a><code>http://snomed.info/sct</code></td><td>http://snomed.info/sct/900000000000207008/version/20241001</td><td style=\"white-space:nowrap\">\u00a0\u00a0<a href=\"http://snomed.info/sct/900000000000207008/id/63409001\">63409001</a></td><td>Struck by firearm discharge</td></tr><tr><td><a name=\"SILPH-ElementTerminologyVS-http://snomed.info/sct-212976008\"> </a><code>http://snomed.info/sct</code></td><td>http://snomed.info/sct/900000000000207008/version/20241001</td><td style=\"white-space:nowrap\">\u00a0\u00a0<a href=\"http://snomed.info/sct/900000000000207008/id/212976008\">212976008</a></td><td>Asphyxia by strangulation</td></tr><tr><td><a name=\"SILPH-ElementTerminologyVS-http://snomed.info/sct-52684005\"> </a><code>http://snomed.info/sct</code></td><td>http://snomed.info/sct/900000000000207008/version/20241001</td><td style=\"white-space:nowrap\">\u00a0\u00a0<a href=\"http://snomed.info/sct/900000000000207008/id/52684005\">52684005</a></td><td>Assault</td></tr><tr><td><a name=\"SILPH-ElementTerminologyVS-http://snomed.info/sct-248110007\"> </a><code>http://snomed.info/sct</code></td><td>http://snomed.info/sct/900000000000207008/version/20241001</td><td style=\"white-space:nowrap\">\u00a0\u00a0<a href=\"http://snomed.info/sct/900000000000207008/id/248110007\">248110007</a></td><td>Sexual assault</td></tr><tr><td><a name=\"SILPH-ElementTerminologyVS-http://snomed.info/sct-274215009\"> </a><code>http://snomed.info/sct</code></td><td>http://snomed.info/sct/900000000000207008/version/20241001</td><td style=\"white-space:nowrap\">\u00a0\u00a0<a href=\"http://snomed.info/sct/900000000000207008/id/274215009\">274215009</a></td><td>Transport accident</td></tr><tr><td><a name=\"SILPH-ElementTerminologyVS-http://snomed.info/sct-773760007\"> </a><code>http://snomed.info/sct</code></td><td>http://snomed.info/sct/900000000000207008/version/20241001</td><td style=\"white-space:nowrap\">\u00a0\u00a0<a href=\"http://snomed.info/sct/900000000000207008/id/773760007\">773760007</a></td><td>Traumatic event</td></tr><tr><td><a name=\"SILPH-ElementTerminologyVS-http://snomed.info/sct-80943009\"> </a><code>http://snomed.info/sct</code></td><td>http://snomed.info/sct/900000000000207008/version/20241001</td><td style=\"white-space:nowrap\">\u00a0\u00a0<a href=\"http://snomed.info/sct/900000000000207008/id/80943009\">80943009</a></td><td>Risk factor</td></tr><tr><td><a name=\"SILPH-ElementTerminologyVS-http://snomed.info/sct-386812007\"> </a><code>http://snomed.info/sct</code></td><td>http://snomed.info/sct/900000000000207008/version/20241001</td><td style=\"white-space:nowrap\">\u00a0\u00a0<a href=\"http://snomed.info/sct/900000000000207008/id/386812007\">386812007</a></td><td>Safety precautions</td></tr><tr><td><a name=\"SILPH-ElementTerminologyVS-http://snomed.info/sct-307836003\"> </a><code>http://snomed.info/sct</code></td><td>http://snomed.info/sct/900000000000207008/version/20241001</td><td style=\"white-space:nowrap\">\u00a0\u00a0<a href=\"http://snomed.info/sct/900000000000207008/id/307836003\">307836003</a></td><td>Referral by establishment</td></tr><tr><td><a name=\"SILPH-ElementTerminologyVS-http://snomed.info/sct-118223001\"> </a><code>http://snomed.info/sct</code></td><td>http://snomed.info/sct/900000000000207008/version/20241001</td><td style=\"white-space:nowrap\">\u00a0\u00a0<a href=\"http://snomed.info/sct/900000000000207008/id/118223001\">118223001</a></td><td>Patient status finding</td></tr><tr><td><a name=\"SILPH-ElementTerminologyVS-http://snomed.info/sct-106167005\"> </a><code>http://snomed.info/sct</code></td><td>http://snomed.info/sct/900000000000207008/version/20241001</td><td style=\"white-space:nowrap\">\u00a0\u00a0<a href=\"http://snomed.info/sct/900000000000207008/id/106167005\">106167005</a></td><td>Consciousness related finding</td></tr><tr><td><a name=\"SILPH-ElementTerminologyVS-http://snomed.info/sct-148006\"> </a><code>http://snomed.info/sct</code></td><td>http://snomed.info/sct/900000000000207008/version/20241001</td><td style=\"white-space:nowrap\">\u00a0\u00a0<a href=\"http://snomed.info/sct/900000000000207008/id/148006\">148006</a></td><td>Preliminary diagnosis</td></tr><tr><td><a name=\"SILPH-ElementTerminologyVS-http://snomed.info/sct-418138009\"> </a><code>http://snomed.info/sct</code></td><td>http://snomed.info/sct/900000000000207008/version/20241001</td><td style=\"white-space:nowrap\">\u00a0\u00a0<a href=\"http://snomed.info/sct/900000000000207008/id/418138009\">418138009</a></td><td>Patient condition finding</td></tr><tr><td><a name=\"SILPH-ElementTerminologyVS-http://snomed.info/sct-89100005\"> </a><code>http://snomed.info/sct</code></td><td>http://snomed.info/sct/900000000000207008/version/20241001</td><td style=\"white-space:nowrap\">\u00a0\u00a0<a href=\"http://snomed.info/sct/900000000000207008/id/89100005\">89100005</a></td><td>Final diagnosis (discharge)</td></tr><tr><td><a name=\"SILPH-ElementTerminologyVS-http://snomed.info/sct-159679004\"> </a><code>http://snomed.info/sct</code></td><td>http://snomed.info/sct/900000000000207008/version/20241001</td><td style=\"white-space:nowrap\">\u00a0\u00a0<a href=\"http://snomed.info/sct/900000000000207008/id/159679004\">159679004</a></td><td>Traffic warden</td></tr><tr><td><a name=\"SILPH-ElementTerminologyVS-http://snomed.info/sct-273887006\"> </a><code>http://snomed.info/sct</code></td><td>http://snomed.info/sct/900000000000207008/version/20241001</td><td style=\"white-space:nowrap\">\u00a0\u00a0<a href=\"http://snomed.info/sct/900000000000207008/id/273887006\">273887006</a></td><td>Triage index</td></tr><tr><td><a name=\"SILPH-ElementTerminologyVS-http://snomed.info/sct-260870009\"> </a><code>http://snomed.info/sct</code></td><td>http://snomed.info/sct/900000000000207008/version/20241001</td><td style=\"white-space:nowrap\">\u00a0\u00a0<a href=\"http://snomed.info/sct/900000000000207008/id/260870009\">260870009</a></td><td>Priority</td></tr><tr><td><a name=\"SILPH-ElementTerminologyVS-http://snomed.info/sct-278443006\"> </a><code>http://snomed.info/sct</code></td><td>http://snomed.info/sct/900000000000207008/version/20241001</td><td style=\"white-space:nowrap\">\u00a0\u00a0<a href=\"http://snomed.info/sct/900000000000207008/id/278443006\">278443006</a></td><td>Cause of accident type</td></tr><tr><td><a name=\"SILPH-ElementTerminologyVS-http://snomed.info/sct-364703007\"> </a><code>http://snomed.info/sct</code></td><td>http://snomed.info/sct/900000000000207008/version/20241001</td><td style=\"white-space:nowrap\">\u00a0\u00a0<a href=\"http://snomed.info/sct/900000000000207008/id/364703007\">364703007</a></td><td>Employment detail</td></tr><tr><td><a name=\"SILPH-ElementTerminologyVS-http://snomed.info/sct-373786007\"> </a><code>http://snomed.info/sct</code></td><td>http://snomed.info/sct/900000000000207008/version/20241001</td><td style=\"white-space:nowrap\">\u00a0\u00a0<a href=\"http://snomed.info/sct/900000000000207008/id/373786007\">373786007</a></td><td>Reasons for treatment delay</td></tr><tr><td><a name=\"SILPH-ElementTerminologyVS-http://snomed.info/sct-218247007\"> </a><code>http://snomed.info/sct</code></td><td>http://snomed.info/sct/900000000000207008/version/20241001</td><td style=\"white-space:nowrap\">\u00a0\u00a0<a href=\"http://snomed.info/sct/900000000000207008/id/218247007\">218247007</a></td><td>Late effect of motor vehicle accident</td></tr><tr><td><a name=\"SILPH-ElementTerminologyVS-http://snomed.info/sct-408919008\"> </a><code>http://snomed.info/sct</code></td><td>http://snomed.info/sct/900000000000207008/version/20241001</td><td style=\"white-space:nowrap\">\u00a0\u00a0<a href=\"http://snomed.info/sct/900000000000207008/id/408919008\">408919008</a></td><td>Psychosocial care</td></tr><tr><td><a name=\"SILPH-ElementTerminologyVS-http://snomed.info/sct-360000005\"> </a><code>http://snomed.info/sct</code></td><td>http://snomed.info/sct/900000000000207008/version/20241001</td><td style=\"white-space:nowrap\">\u00a0\u00a0<a href=\"http://snomed.info/sct/900000000000207008/id/360000005\">360000005</a></td><td>Closed circuit television</td></tr><tr><td><a name=\"SILPH-ElementTerminologyVS-http://snomed.info/sct-167009006\"> </a><code>http://snomed.info/sct</code></td><td>http://snomed.info/sct/900000000000207008/version/20241001</td><td style=\"white-space:nowrap\">\u00a0\u00a0<a href=\"http://snomed.info/sct/900000000000207008/id/167009006\">167009006</a></td><td>Blood ethanol measurement</td></tr><tr><td><a name=\"SILPH-ElementTerminologyVS-http://loinc.org-30976-5\"> </a><code>http://loinc.org</code></td><td>2.78</td><td style=\"white-space:nowrap\">\u00a0\u00a0<a href=\"https://loinc.org/30976-5/\">30976-5</a></td><td>Date received Form</td></tr><tr><td><a name=\"SILPH-ElementTerminologyVS-http://loinc.org-69472-9\"> </a><code>http://loinc.org</code></td><td>2.78</td><td style=\"white-space:nowrap\">\u00a0\u00a0<a href=\"https://loinc.org/69472-9/\">69472-9</a></td><td>Unit responded [Date and time] Vehicle</td></tr><tr><td><a name=\"SILPH-ElementTerminologyVS-http://loinc.org-69475-2\"> </a><code>http://loinc.org</code></td><td>2.78</td><td style=\"white-space:nowrap\">\u00a0\u00a0<a href=\"https://loinc.org/69475-2/\">69475-2</a></td><td>Responding unit left the scene with a patient [Date and time] Vehicle</td></tr><tr><td><a name=\"SILPH-ElementTerminologyVS-http://loinc.org-11288-8\"> </a><code>http://loinc.org</code></td><td>2.78</td><td style=\"white-space:nowrap\">\u00a0\u00a0<a href=\"https://loinc.org/11288-8/\">11288-8</a></td><td>Arrival time documented</td></tr><tr><td><a name=\"SILPH-ElementTerminologyVS-http://loinc.org-90123-1\"> </a><code>http://loinc.org</code></td><td>2.78</td><td style=\"white-space:nowrap\">\u00a0\u00a0<a href=\"https://loinc.org/90123-1/\">90123-1</a></td><td>Response team leader name</td></tr><tr><td><a name=\"SILPH-ElementTerminologyVS-http://loinc.org-11375-3\"> </a><code>http://loinc.org</code></td><td>2.78</td><td style=\"white-space:nowrap\">\u00a0\u00a0<a href=\"https://loinc.org/11375-3/\">11375-3</a></td><td>Injury intent</td></tr><tr><td><a name=\"SILPH-ElementTerminologyVS-http://loinc.org-95376-0\"> </a><code>http://loinc.org</code></td><td>2.78</td><td style=\"white-space:nowrap\">\u00a0\u00a0<a href=\"https://loinc.org/95376-0/\">95376-0</a></td><td>Type of animal exposed to</td></tr><tr><td><a name=\"SILPH-ElementTerminologyVS-http://loinc.org-11372-0\"> </a><code>http://loinc.org</code></td><td>2.78</td><td style=\"white-space:nowrap\">\u00a0\u00a0<a href=\"https://loinc.org/11372-0/\">11372-0</a></td><td>Injury associated activity</td></tr><tr><td><a name=\"SILPH-ElementTerminologyVS-http://loinc.org-74199-1\"> </a><code>http://loinc.org</code></td><td>2.78</td><td style=\"white-space:nowrap\">\u00a0\u00a0<a href=\"https://loinc.org/74199-1/\">74199-1</a></td><td>Transferred from another acute care facility [NTDS]</td></tr><tr><td><a name=\"SILPH-ElementTerminologyVS-http://loinc.org-74286-6\"> </a><code>http://loinc.org</code></td><td>2.78</td><td style=\"white-space:nowrap\">\u00a0\u00a0<a href=\"https://loinc.org/74286-6/\">74286-6</a></td><td>Transport mode to hospital [NTDS]</td></tr><tr><td><a name=\"SILPH-ElementTerminologyVS-http://loinc.org-77999-1\"> </a><code>http://loinc.org</code></td><td>2.78</td><td style=\"white-space:nowrap\">\u00a0\u00a0<a href=\"https://loinc.org/77999-1/\">77999-1</a></td><td>Case notification comment</td></tr><tr><td><a name=\"SILPH-ElementTerminologyVS-http://www.roadsafetyph.doh.gov.ph/CodeSystem-INJURYFRONT\"> </a><code>http://www.roadsafetyph.doh.gov.ph/CodeSystem</code></td><td>1</td><td style=\"white-space:nowrap\">\u00a0\u00a0INJURYFRONT</td><td>Site of Injury/Pain - Front Part of Body</td></tr><tr><td><a name=\"SILPH-ElementTerminologyVS-http://www.roadsafetyph.doh.gov.ph/CodeSystem-INJURYBACK\"> </a><code>http://www.roadsafetyph.doh.gov.ph/CodeSystem</code></td><td>1</td><td style=\"white-space:nowrap\">\u00a0\u00a0INJURYBACK</td><td>Site of Injury/Pain - Back Part of Body</td></tr><tr><td><a name=\"SILPH-ElementTerminologyVS-http://www.roadsafetyph.doh.gov.ph/CodeSystem-RRFREMARKS\"> </a><code>http://www.roadsafetyph.doh.gov.ph/CodeSystem</code></td><td>1</td><td style=\"white-space:nowrap\">\u00a0\u00a0RRFREMARKS</td><td>Run Report Form Remarks</td></tr><tr><td><a name=\"SILPH-ElementTerminologyVS-http://www.roadsafetyph.doh.gov.ph/CodeSystem-MVA-COLLISION\"> </a><code>http://www.roadsafetyph.doh.gov.ph/CodeSystem</code></td><td>1</td><td style=\"white-space:nowrap\">\u00a0\u00a0MVA-COLLISION</td><td>FOR TRANSPORT/VEHICULAR ACCIDENT ONLY (Collision; Non-Collision)</td></tr><tr><td><a name=\"SILPH-ElementTerminologyVS-http://www.roadsafetyph.doh.gov.ph/CodeSystem-PATIENTVEHICLE\"> </a><code>http://www.roadsafetyph.doh.gov.ph/CodeSystem</code></td><td>1</td><td style=\"white-space:nowrap\">\u00a0\u00a0PATIENTVEHICLE</td><td>Vehicles Involved: Patient's Vehicle</td></tr><tr><td><a name=\"SILPH-ElementTerminologyVS-http://www.roadsafetyph.doh.gov.ph/CodeSystem-OTHERVEHICLE\"> </a><code>http://www.roadsafetyph.doh.gov.ph/CodeSystem</code></td><td>1</td><td style=\"white-space:nowrap\">\u00a0\u00a0OTHERVEHICLE</td><td>Other Vehicle/Object Involved (for COLLISION accident ONLY)</td></tr><tr><td><a name=\"SILPH-ElementTerminologyVS-http://www.roadsafetyph.doh.gov.ph/CodeSystem-PATIENTPOSITION\"> </a><code>http://www.roadsafetyph.doh.gov.ph/CodeSystem</code></td><td>1</td><td style=\"white-space:nowrap\">\u00a0\u00a0PATIENTPOSITION</td><td>Position of Patient</td></tr><tr><td><a name=\"SILPH-ElementTerminologyVS-http://www.roadsafetyph.doh.gov.ph/CodeSystem-PLACEOCCURRENCE\"> </a><code>http://www.roadsafetyph.doh.gov.ph/CodeSystem</code></td><td>1</td><td style=\"white-space:nowrap\">\u00a0\u00a0PLACEOCCURRENCE</td><td>Place of Occurrence</td></tr><tr><td><a name=\"SILPH-ElementTerminologyVS-http://www.roadsafetyph.doh.gov.ph/CodeSystem-COLLISIONTYPE\"> </a><code>http://www.roadsafetyph.doh.gov.ph/CodeSystem</code></td><td>1</td><td style=\"white-space:nowrap\">\u00a0\u00a0COLLISIONTYPE</td><td>Collision Type</td></tr><tr><td><a name=\"SILPH-ElementTerminologyVS-http://www.roadsafetyph.doh.gov.ph/CodeSystem-COORDINATIONDONE\"> </a><code>http://www.roadsafetyph.doh.gov.ph/CodeSystem</code></td><td>1</td><td style=\"white-space:nowrap\">\u00a0\u00a0COORDINATIONDONE</td><td>Was Transport Coordinated with Receiving Hospital?</td></tr></table></div>"
  },
  "url" : "http://www.roadsafetyph.doh.gov.ph/ValueSet/SILPH-ElementTerminology",
  "version" : "0.2.0",
  "name" : "SILPH___Element_Terminology__VS_",
  "title" : "SILPH - Element Terminology (VS)",
  "status" : "draft",
  "date" : "2025-10-29T05:13:56+00:00",
  "publisher" : "UP Manila - National Institutes of Health - National Telehealth Center",
  "contact" : [{
    "name" : "UP Manila - National Institutes of Health - National Telehealth Center",
    "telecom" : [{
      "system" : "url",
      "value" : "https://github.com/UPM-NTHC/PH-RoadSafetyIG"
    }]
  },
  {
    "name" : "PH Road Safety IG Repository",
    "telecom" : [{
      "system" : "url",
      "value" : "https://github.com/UPM-NTHC/PH-RoadSafetyIG"
    }]
  }],
  "description" : "SILPH Value Set for Element Terminology",
  "jurisdiction" : [{
    "coding" : [{
      "system" : "urn:iso:std:iso:3166",
      "code" : "PH",
      "display" : "Philippines"
    }]
  }],
  "compose" : {
    "include" : [{
      "system" : "http://snomed.info/sct",
      "concept" : [{
        "code" : "405796007",
        "display" : "TIme Received"
      },
      {
        "code" : "405798008",
        "display" : "Time On Scene"
      },
      {
        "code" : "405799000",
        "display" : "Time of Hospital Arrival"
      },
      {
        "code" : "1269489004",
        "display" : "Reported Complaint"
      },
      {
        "code" : "398099009",
        "display" : "Incident Location - House No. and Street"
      },
      {
        "code" : "397663001",
        "display" : "Call Source"
      },
      {
        "code" : "184096005",
        "display" : "Patient Name - Last"
      },
      {
        "code" : "184095009",
        "display" : "Patient Name - First"
      },
      {
        "code" : "405622006",
        "display" : "Patient Name - Middle"
      },
      {
        "code" : "397669002",
        "display" : "Age"
      },
      {
        "code" : "184100006",
        "display" : "Sex"
      },
      {
        "code" : "734005006",
        "display" : "Tel. No."
      },
      {
        "code" : "417662000",
        "display" : "Medical History"
      },
      {
        "code" : "513881000000106",
        "display" : "Current Medication"
      },
      {
        "code" : "609328004",
        "display" : "Known Allergies"
      },
      {
        "code" : "86290005",
        "display" : "Respiratory Rate"
      },
      {
        "code" : "248582003",
        "display" : "Respiratory Rate - Rhythm"
      },
      {
        "code" : "52653008",
        "display" : "Respiratory Rate - Breath Sounds"
      },
      {
        "code" : "78564009",
        "display" : "Pulse Rate"
      },
      {
        "code" : "364095004",
        "display" : "Pulse Rate - Rhythm"
      },
      {
        "code" : "271649006",
        "display" : "Blood Pressure - Systolic"
      },
      {
        "code" : "271650006",
        "display" : "Blood Pressure - Diastolic"
      },
      {
        "code" : "386725007",
        "display" : "Temperature"
      },
      {
        "code" : "6942003",
        "display" : "Level of Consciousness"
      },
      {
        "code" : "271733001",
        "display" : "Pupils"
      },
      {
        "code" : "3415004",
        "display" : "Cyanosis"
      },
      {
        "code" : "281395000",
        "display" : "Eyes"
      },
      {
        "code" : "281397008",
        "display" : "Verbal"
      },
      {
        "code" : "281396004",
        "display" : "Motor"
      },
      {
        "code" : "248241002",
        "display" : "Score"
      },
      {
        "code" : "55607006",
        "display" : "Problem"
      },
      {
        "code" : "119270007",
        "display" : "Intervention"
      },
      {
        "code" : "397897005",
        "display" : "Treatment Officer"
      },
      {
        "code" : "159738005",
        "display" : "Transport Officer"
      },
      {
        "code" : "22515006",
        "display" : "Assistant"
      },
      {
        "code" : "36030000",
        "display" : "Vehicle Used"
      },
      {
        "code" : "184107009",
        "display" : "Hospital Patient ID No."
      },
      {
        "code" : "722248002",
        "display" : "Hospital Case No."
      },
      {
        "code" : "116154003",
        "display" : "Type of Patient"
      },
      {
        "code" : "184099003",
        "display" : "Birth Date"
      },
      {
        "code" : "439771001",
        "display" : "Date of Injury"
      },
      {
        "code" : "263501003",
        "display" : "Time of Injury"
      },
      {
        "code" : "406543005",
        "display" : "Date of Consultation"
      },
      {
        "code" : "406544004",
        "display" : "Time of Consultation"
      },
      {
        "code" : "386308007",
        "display" : "First Aid Given"
      },
      {
        "code" : "262519004",
        "display" : "Nature of Injury/ies: Multiple Injury/ies?"
      },
      {
        "code" : "399963005",
        "display" : "Nature of Injury/ies: Specific Injury/ies - Abrasion"
      },
      {
        "code" : "284554003",
        "display" : "Nature of Injury/ies: Specific Injury/ies - Avulsion"
      },
      {
        "code" : "125666000",
        "display" : "Nature of Injury/ies: Specific Injury/ies - Burn"
      },
      {
        "code" : "77140003",
        "display" : "Nature of Injury/ies: Specific Injury/ies - Burn 1st Degree"
      },
      {
        "code" : "46541008",
        "display" : "Nature of Injury/ies: Specific Injury/ies - Burn 2nd Degree"
      },
      {
        "code" : "80247002",
        "display" : "Nature of Injury/ies: Specific Injury/ies - Burn 3rd Degree"
      },
      {
        "code" : "770400008",
        "display" : "Nature of Injury/ies: Specific Injury/ies - Burn 4th Degree"
      },
      {
        "code" : "110030002",
        "display" : "Nature of Injury/ies: Specific Injury/ies - Concussion"
      },
      {
        "code" : "125667009",
        "display" : "Nature of Injury/ies: Specific Injury/ies - Contusion"
      },
      {
        "code" : "125605004",
        "display" : "Nature of Injury/ies: Specific Injury/ies - Fracture"
      },
      {
        "code" : "423125000",
        "display" : "Nature of Injury/ies: Specific Injury/ies - Fracture Closed Type"
      },
      {
        "code" : "397181002",
        "display" : "Nature of Injury/ies: Specific Injury/ies - Fracture Open Type"
      },
      {
        "code" : "125643001",
        "display" : "Nature of Injury/ies: Specific Injury/ies - Open Wound\nex. hacking, gunshot, stabbing, animal (dog, cat, rat, snake, etc) bites, human bites, insect bites, punctured wound laceration, etc"
      },
      {
        "code" : "262595009",
        "display" : "Nature of Injury/ies: Specific Injury/ies - Traumatic Amputation"
      },
      {
        "code" : "417163006",
        "display" : "Nature of Injury/ies: Specific Injury/ies - Others"
      },
      {
        "code" : "242651001",
        "display" : "External Cause/s of Injury/ies: Bites/stings"
      },
      {
        "code" : "242490006",
        "display" : "External Cause/s of Injury/ies: Burns"
      },
      {
        "code" : "133261000119105",
        "display" : "External Cause/s of Injury/ies: Chemical/substance"
      },
      {
        "code" : "69129000",
        "display" : "External Cause/s of Injury/ies: Contact with sharp objects"
      },
      {
        "code" : "40947009",
        "display" : "External Cause/s of Injury/ies: Drowning"
      },
      {
        "code" : "276746005",
        "display" : "External Cause/s of Injury/ies: Exposure to forces of nature"
      },
      {
        "code" : "1912002",
        "display" : "External Cause/s of Injury/ies: Fall"
      },
      {
        "code" : "218100007",
        "display" : "External Cause/s of Injury/ies: Firecracker"
      },
      {
        "code" : "63409001",
        "display" : "External Cause/s of Injury/ies: Gunshot"
      },
      {
        "code" : "212976008",
        "display" : "External Cause/s of Injury/ies: Hanging/Strangulation"
      },
      {
        "code" : "52684005",
        "display" : "External Cause/s of Injury/ies: Mauling/Assault"
      },
      {
        "code" : "248110007",
        "display" : "External Cause/s of Injury/ies: Sexual Assault/ Sexual Abuse/ Rape (Alleged)"
      },
      {
        "code" : "274215009",
        "display" : "External Cause/s of Injury/ies: Transport /Vehicular Accident"
      },
      {
        "code" : "773760007",
        "display" : "External Cause/s of Injury/ies: Others"
      },
      {
        "code" : "80943009",
        "display" : "Other risk factors at the time of the incident"
      },
      {
        "code" : "386812007",
        "display" : "Safety"
      },
      {
        "code" : "307836003",
        "display" : "Referred by another Hospital /Facility for Laboratory and/or other medical procedures"
      },
      {
        "code" : "118223001",
        "display" : "Status upon reaching Facility/Hospital"
      },
      {
        "code" : "106167005",
        "display" : "Status upon reaching Facility/Hospital - If alive,please check if"
      },
      {
        "code" : "148006",
        "display" : "Initial Impression"
      },
      {
        "code" : "418138009",
        "display" : "Outcome"
      },
      {
        "code" : "89100005",
        "display" : "Complete Final Diagnosis"
      },
      {
        "code" : "159679004",
        "display" : "Presence of traffic investigator"
      },
      {
        "code" : "273887006",
        "display" : "Priority to Scene (Triage)"
      },
      {
        "code" : "260870009",
        "display" : "Priority Level (Urgency)"
      },
      {
        "code" : "278443006",
        "display" : "Cause of Road Crash Incident"
      },
      {
        "code" : "364703007",
        "display" : "Profession of Victim"
      },
      {
        "code" : "373786007",
        "display" : "Sources of delays"
      },
      {
        "code" : "218247007",
        "display" : "Long term outcome of patient"
      },
      {
        "code" : "408919008",
        "display" : "Psychosocial support/condition"
      },
      {
        "code" : "360000005",
        "display" : "CCTV video, reconstruction of what happened"
      },
      {
        "code" : "167009006",
        "display" : "Blood Alcohol Concentration"
      }]
    },
    {
      "system" : "http://loinc.org",
      "concept" : [{
        "code" : "30976-5",
        "display" : "Date Received"
      },
      {
        "code" : "69472-9",
        "display" : "Time Enroute"
      },
      {
        "code" : "69475-2",
        "display" : "Time Departed"
      },
      {
        "code" : "11288-8",
        "display" : "Time of Emergency Station Arrival"
      },
      {
        "code" : "90123-1",
        "display" : "Team Leader"
      },
      {
        "code" : "11375-3",
        "display" : "Injury Intent"
      },
      {
        "code" : "95376-0",
        "display" : "Specify animal/insect"
      },
      {
        "code" : "11372-0",
        "display" : "Activity of the Patient at the time of the incident"
      },
      {
        "code" : "74199-1",
        "display" : "Transferred from another hospital/facility"
      },
      {
        "code" : "74286-6",
        "display" : "Mode of transport to the Hospital/Facility"
      },
      {
        "code" : "77999-1",
        "display" : "Comments"
      }]
    },
    {
      "system" : "http://www.roadsafetyph.doh.gov.ph/CodeSystem",
      "concept" : [{
        "code" : "INJURYFRONT",
        "display" : "Front"
      },
      {
        "code" : "INJURYBACK",
        "display" : "Back"
      },
      {
        "code" : "RRFREMARKS",
        "display" : "Remarks"
      },
      {
        "code" : "MVA-COLLISION",
        "display" : "FOR TRANSPORT/VEHICULAR ACCIDENT ONLY (Collision; Non-Collision)"
      },
      {
        "code" : "PATIENTVEHICLE",
        "display" : "Vehicles Involved: Patient's Vehicle"
      },
      {
        "code" : "OTHERVEHICLE",
        "display" : "Other Vehicle/Object Involved (for COLLISION accident ONLY)"
      },
      {
        "code" : "PATIENTPOSITION",
        "display" : "Position of Patient"
      },
      {
        "code" : "PLACEOCCURRENCE",
        "display" : "Place of Occurrence"
      },
      {
        "code" : "COLLISIONTYPE",
        "display" : "Collision type"
      },
      {
        "code" : "COORDINATIONDONE",
        "display" : "Was Transpo Coordinated with Receiving Hospital?"
      }]
    }]
  },
  "expansion" : {
    "identifier" : "urn:uuid:86fbc18b-6763-438a-8612-a2b74dcb32c0",
    "timestamp" : "2025-10-29T01:15:25+00:00",
    "total" : 114,
    "parameter" : [{
      "name" : "used-codesystem",
      "valueUri" : "http://snomed.info/sct|http://snomed.info/sct/900000000000207008/version/20241001"
    },
    {
      "name" : "version",
      "valueUri" : "http://snomed.info/sct|http://snomed.info/sct/900000000000207008/version/20241001"
    },
    {
      "name" : "used-codesystem",
      "valueUri" : "http://www.roadsafetyph.doh.gov.ph/CodeSystem|1"
    },
    {
      "name" : "version",
      "valueUri" : "http://www.roadsafetyph.doh.gov.ph/CodeSystem|1"
    },
    {
      "name" : "used-codesystem",
      "valueUri" : "http://loinc.org|2.78"
    },
    {
      "name" : "version",
      "valueUri" : "http://loinc.org|2.78"
    },
    {
      "name" : "displayLanguage",
      "valueCode" : "en-US,en;q=0.9"
    },
    {
      "name" : "warning-draft",
      "valueUri" : "http://www.roadsafetyph.doh.gov.ph/ValueSet/SILPH-ElementTerminology|0.1.0"
    },
    {
      "name" : "warning-draft",
      "valueUri" : "http://www.roadsafetyph.doh.gov.ph/CodeSystem|1"
    },
    {
      "name" : "includeDesignations",
      "valueBoolean" : false
    }],
    "contains" : [{
      "system" : "http://snomed.info/sct",
      "version" : "http://snomed.info/sct/900000000000207008/version/20241001",
      "code" : "405796007",
      "display" : "Time of call for help"
    },
    {
      "system" : "http://snomed.info/sct",
      "version" : "http://snomed.info/sct/900000000000207008/version/20241001",
      "code" : "405798008",
      "display" : "Time of arrival of emergency services"
    },
    {
      "system" : "http://snomed.info/sct",
      "version" : "http://snomed.info/sct/900000000000207008/version/20241001",
      "code" : "405799000",
      "display" : "Time of arrival at hospital"
    },
    {
      "system" : "http://snomed.info/sct",
      "version" : "http://snomed.info/sct/900000000000207008/version/20241001",
      "code" : "1269489004",
      "display" : "Chief complaint"
    },
    {
      "system" : "http://snomed.info/sct",
      "version" : "http://snomed.info/sct/900000000000207008/version/20241001",
      "code" : "398099009",
      "display" : "Street address"
    },
    {
      "system" : "http://snomed.info/sct",
      "version" : "http://snomed.info/sct/900000000000207008/version/20241001",
      "code" : "397663001",
      "display" : "Referral source"
    },
    {
      "system" : "http://snomed.info/sct",
      "version" : "http://snomed.info/sct/900000000000207008/version/20241001",
      "code" : "184096005",
      "display" : "Patient surname"
    },
    {
      "system" : "http://snomed.info/sct",
      "version" : "http://snomed.info/sct/900000000000207008/version/20241001",
      "code" : "184095009",
      "display" : "Patient forename"
    },
    {
      "system" : "http://snomed.info/sct",
      "version" : "http://snomed.info/sct/900000000000207008/version/20241001",
      "code" : "405622006",
      "display" : "Patient middle name"
    },
    {
      "system" : "http://snomed.info/sct",
      "version" : "http://snomed.info/sct/900000000000207008/version/20241001",
      "code" : "397669002",
      "display" : "Age"
    },
    {
      "system" : "http://snomed.info/sct",
      "version" : "http://snomed.info/sct/900000000000207008/version/20241001",
      "code" : "184100006",
      "display" : "Patient sex"
    },
    {
      "system" : "http://snomed.info/sct",
      "version" : "http://snomed.info/sct/900000000000207008/version/20241001",
      "code" : "734005006",
      "display" : "Telephone number"
    },
    {
      "system" : "http://snomed.info/sct",
      "version" : "http://snomed.info/sct/900000000000207008/version/20241001",
      "code" : "417662000",
      "display" : "History of clinical finding in subject"
    },
    {
      "system" : "http://snomed.info/sct",
      "version" : "http://snomed.info/sct/900000000000207008/version/20241001",
      "code" : "513881000000106",
      "display" : "Current medication as reported by patient"
    },
    {
      "system" : "http://snomed.info/sct",
      "version" : "http://snomed.info/sct/900000000000207008/version/20241001",
      "code" : "609328004",
      "display" : "Allergic disposition"
    },
    {
      "system" : "http://snomed.info/sct",
      "version" : "http://snomed.info/sct/900000000000207008/version/20241001",
      "code" : "86290005",
      "display" : "Respiratory rate"
    },
    {
      "system" : "http://snomed.info/sct",
      "version" : "http://snomed.info/sct/900000000000207008/version/20241001",
      "code" : "248582003",
      "display" : "Rhythm of respiration"
    },
    {
      "system" : "http://snomed.info/sct",
      "version" : "http://snomed.info/sct/900000000000207008/version/20241001",
      "code" : "52653008",
      "display" : "Respiratory sounds"
    },
    {
      "system" : "http://snomed.info/sct",
      "version" : "http://snomed.info/sct/900000000000207008/version/20241001",
      "code" : "78564009",
      "display" : "Pulse rate"
    },
    {
      "system" : "http://snomed.info/sct",
      "version" : "http://snomed.info/sct/900000000000207008/version/20241001",
      "code" : "364095004",
      "display" : "Pulse rhythm"
    },
    {
      "system" : "http://snomed.info/sct",
      "version" : "http://snomed.info/sct/900000000000207008/version/20241001",
      "code" : "271649006",
      "display" : "Systolic blood pressure"
    },
    {
      "system" : "http://snomed.info/sct",
      "version" : "http://snomed.info/sct/900000000000207008/version/20241001",
      "code" : "271650006",
      "display" : "Diastolic blood pressure"
    },
    {
      "system" : "http://snomed.info/sct",
      "version" : "http://snomed.info/sct/900000000000207008/version/20241001",
      "code" : "386725007",
      "display" : "Body temperature"
    },
    {
      "system" : "http://snomed.info/sct",
      "version" : "http://snomed.info/sct/900000000000207008/version/20241001",
      "code" : "6942003",
      "display" : "Level of consciousness"
    },
    {
      "system" : "http://snomed.info/sct",
      "version" : "http://snomed.info/sct/900000000000207008/version/20241001",
      "code" : "271733001",
      "display" : "Pupil reaction"
    },
    {
      "system" : "http://snomed.info/sct",
      "version" : "http://snomed.info/sct/900000000000207008/version/20241001",
      "code" : "3415004",
      "display" : "Cyanosis"
    },
    {
      "system" : "http://snomed.info/sct",
      "version" : "http://snomed.info/sct/900000000000207008/version/20241001",
      "code" : "281395000",
      "display" : "Glasgow Coma Score eye opening subscore"
    },
    {
      "system" : "http://snomed.info/sct",
      "version" : "http://snomed.info/sct/900000000000207008/version/20241001",
      "code" : "281397008",
      "display" : "Glasgow Coma Scale verbal response subscore"
    },
    {
      "system" : "http://snomed.info/sct",
      "version" : "http://snomed.info/sct/900000000000207008/version/20241001",
      "code" : "281396004",
      "display" : "Glasgow Coma Scale motor response subscore"
    },
    {
      "system" : "http://snomed.info/sct",
      "version" : "http://snomed.info/sct/900000000000207008/version/20241001",
      "code" : "248241002",
      "display" : "Glasgow coma score"
    },
    {
      "system" : "http://snomed.info/sct",
      "version" : "http://snomed.info/sct/900000000000207008/version/20241001",
      "code" : "55607006",
      "display" : "Problem"
    },
    {
      "system" : "http://snomed.info/sct",
      "version" : "http://snomed.info/sct/900000000000207008/version/20241001",
      "code" : "119270007",
      "display" : "Management procedure"
    },
    {
      "system" : "http://snomed.info/sct",
      "version" : "http://snomed.info/sct/900000000000207008/version/20241001",
      "code" : "397897005",
      "display" : "Paramedic"
    },
    {
      "system" : "http://snomed.info/sct",
      "version" : "http://snomed.info/sct/900000000000207008/version/20241001",
      "code" : "159738005",
      "display" : "Ambulanceman"
    },
    {
      "system" : "http://snomed.info/sct",
      "version" : "http://snomed.info/sct/900000000000207008/version/20241001",
      "code" : "22515006",
      "display" : "Medical assistant"
    },
    {
      "system" : "http://snomed.info/sct",
      "version" : "http://snomed.info/sct/900000000000207008/version/20241001",
      "code" : "36030000",
      "display" : "Transport vehicle"
    },
    {
      "system" : "http://snomed.info/sct",
      "version" : "http://snomed.info/sct/900000000000207008/version/20241001",
      "code" : "184107009",
      "display" : "Patient hospital number"
    },
    {
      "system" : "http://snomed.info/sct",
      "version" : "http://snomed.info/sct/900000000000207008/version/20241001",
      "code" : "722248002",
      "display" : "Patient hospital visit number"
    },
    {
      "system" : "http://snomed.info/sct",
      "version" : "http://snomed.info/sct/900000000000207008/version/20241001",
      "code" : "116154003",
      "display" : "Patient"
    },
    {
      "system" : "http://snomed.info/sct",
      "version" : "http://snomed.info/sct/900000000000207008/version/20241001",
      "code" : "184099003",
      "display" : "Date of birth"
    },
    {
      "system" : "http://snomed.info/sct",
      "version" : "http://snomed.info/sct/900000000000207008/version/20241001",
      "code" : "439771001",
      "display" : "Date of event"
    },
    {
      "system" : "http://snomed.info/sct",
      "version" : "http://snomed.info/sct/900000000000207008/version/20241001",
      "code" : "263501003",
      "display" : "Time of onset"
    },
    {
      "system" : "http://snomed.info/sct",
      "version" : "http://snomed.info/sct/900000000000207008/version/20241001",
      "code" : "406543005",
      "display" : "Date of visit"
    },
    {
      "system" : "http://snomed.info/sct",
      "version" : "http://snomed.info/sct/900000000000207008/version/20241001",
      "code" : "406544004",
      "display" : "Time of visit"
    },
    {
      "system" : "http://snomed.info/sct",
      "version" : "http://snomed.info/sct/900000000000207008/version/20241001",
      "code" : "386308007",
      "display" : "First aid"
    },
    {
      "system" : "http://snomed.info/sct",
      "version" : "http://snomed.info/sct/900000000000207008/version/20241001",
      "code" : "262519004",
      "display" : "Multiple injuries"
    },
    {
      "system" : "http://snomed.info/sct",
      "version" : "http://snomed.info/sct/900000000000207008/version/20241001",
      "code" : "399963005",
      "display" : "Abrasion"
    },
    {
      "system" : "http://snomed.info/sct",
      "version" : "http://snomed.info/sct/900000000000207008/version/20241001",
      "code" : "284554003",
      "display" : "Avulsion - injury"
    },
    {
      "system" : "http://snomed.info/sct",
      "version" : "http://snomed.info/sct/900000000000207008/version/20241001",
      "code" : "125666000",
      "display" : "Burn"
    },
    {
      "system" : "http://snomed.info/sct",
      "version" : "http://snomed.info/sct/900000000000207008/version/20241001",
      "code" : "77140003",
      "display" : "First degree burn injury"
    },
    {
      "system" : "http://snomed.info/sct",
      "version" : "http://snomed.info/sct/900000000000207008/version/20241001",
      "code" : "46541008",
      "display" : "Second degree burn injury"
    },
    {
      "system" : "http://snomed.info/sct",
      "version" : "http://snomed.info/sct/900000000000207008/version/20241001",
      "code" : "80247002",
      "display" : "Third degree burn injury"
    },
    {
      "system" : "http://snomed.info/sct",
      "version" : "http://snomed.info/sct/900000000000207008/version/20241001",
      "code" : "770400008",
      "display" : "Fourth degree burn injury"
    },
    {
      "system" : "http://snomed.info/sct",
      "version" : "http://snomed.info/sct/900000000000207008/version/20241001",
      "code" : "110030002",
      "display" : "Concussion injury of brain"
    },
    {
      "system" : "http://snomed.info/sct",
      "version" : "http://snomed.info/sct/900000000000207008/version/20241001",
      "code" : "125667009",
      "display" : "Contusion"
    },
    {
      "system" : "http://snomed.info/sct",
      "version" : "http://snomed.info/sct/900000000000207008/version/20241001",
      "code" : "125605004",
      "display" : "Fracture of bone"
    },
    {
      "system" : "http://snomed.info/sct",
      "version" : "http://snomed.info/sct/900000000000207008/version/20241001",
      "code" : "423125000",
      "display" : "Closed fracture"
    },
    {
      "system" : "http://snomed.info/sct",
      "version" : "http://snomed.info/sct/900000000000207008/version/20241001",
      "code" : "397181002",
      "display" : "Open fracture"
    },
    {
      "system" : "http://snomed.info/sct",
      "version" : "http://snomed.info/sct/900000000000207008/version/20241001",
      "code" : "125643001",
      "display" : "Open wound"
    },
    {
      "system" : "http://snomed.info/sct",
      "version" : "http://snomed.info/sct/900000000000207008/version/20241001",
      "code" : "262595009",
      "display" : "Traumatic amputation"
    },
    {
      "system" : "http://snomed.info/sct",
      "version" : "http://snomed.info/sct/900000000000207008/version/20241001",
      "code" : "417163006",
      "display" : "Traumatic or non-traumatic injury"
    },
    {
      "system" : "http://snomed.info/sct",
      "version" : "http://snomed.info/sct/900000000000207008/version/20241001",
      "code" : "242651001",
      "display" : "Injury caused by animal"
    },
    {
      "system" : "http://snomed.info/sct",
      "version" : "http://snomed.info/sct/900000000000207008/version/20241001",
      "code" : "242490006",
      "display" : "Burning due to contact with hot substance"
    },
    {
      "system" : "http://snomed.info/sct",
      "version" : "http://snomed.info/sct/900000000000207008/version/20241001",
      "code" : "133261000119105",
      "display" : "Exposure to potentially hazardous substance"
    },
    {
      "system" : "http://snomed.info/sct",
      "version" : "http://snomed.info/sct/900000000000207008/version/20241001",
      "code" : "69129000",
      "display" : "Struck by sharp object"
    },
    {
      "system" : "http://snomed.info/sct",
      "version" : "http://snomed.info/sct/900000000000207008/version/20241001",
      "code" : "40947009",
      "display" : "Drowning"
    },
    {
      "system" : "http://snomed.info/sct",
      "version" : "http://snomed.info/sct/900000000000207008/version/20241001",
      "code" : "276746005",
      "display" : "Environmental event"
    },
    {
      "system" : "http://snomed.info/sct",
      "version" : "http://snomed.info/sct/900000000000207008/version/20241001",
      "code" : "1912002",
      "display" : "Fall"
    },
    {
      "system" : "http://snomed.info/sct",
      "version" : "http://snomed.info/sct/900000000000207008/version/20241001",
      "code" : "218100007",
      "display" : "Accident caused by fireworks"
    },
    {
      "system" : "http://snomed.info/sct",
      "version" : "http://snomed.info/sct/900000000000207008/version/20241001",
      "code" : "63409001",
      "display" : "Struck by firearm discharge"
    },
    {
      "system" : "http://snomed.info/sct",
      "version" : "http://snomed.info/sct/900000000000207008/version/20241001",
      "code" : "212976008",
      "display" : "Asphyxia by strangulation"
    },
    {
      "system" : "http://snomed.info/sct",
      "version" : "http://snomed.info/sct/900000000000207008/version/20241001",
      "code" : "52684005",
      "display" : "Assault"
    },
    {
      "system" : "http://snomed.info/sct",
      "version" : "http://snomed.info/sct/900000000000207008/version/20241001",
      "code" : "248110007",
      "display" : "Sexual assault"
    },
    {
      "system" : "http://snomed.info/sct",
      "version" : "http://snomed.info/sct/900000000000207008/version/20241001",
      "code" : "274215009",
      "display" : "Transport accident"
    },
    {
      "system" : "http://snomed.info/sct",
      "version" : "http://snomed.info/sct/900000000000207008/version/20241001",
      "code" : "773760007",
      "display" : "Traumatic event"
    },
    {
      "system" : "http://snomed.info/sct",
      "version" : "http://snomed.info/sct/900000000000207008/version/20241001",
      "code" : "80943009",
      "display" : "Risk factor"
    },
    {
      "system" : "http://snomed.info/sct",
      "version" : "http://snomed.info/sct/900000000000207008/version/20241001",
      "code" : "386812007",
      "display" : "Safety precautions"
    },
    {
      "system" : "http://snomed.info/sct",
      "version" : "http://snomed.info/sct/900000000000207008/version/20241001",
      "code" : "307836003",
      "display" : "Referral by establishment"
    },
    {
      "system" : "http://snomed.info/sct",
      "version" : "http://snomed.info/sct/900000000000207008/version/20241001",
      "code" : "118223001",
      "display" : "Patient status finding"
    },
    {
      "system" : "http://snomed.info/sct",
      "version" : "http://snomed.info/sct/900000000000207008/version/20241001",
      "code" : "106167005",
      "display" : "Consciousness related finding"
    },
    {
      "system" : "http://snomed.info/sct",
      "version" : "http://snomed.info/sct/900000000000207008/version/20241001",
      "code" : "148006",
      "display" : "Preliminary diagnosis"
    },
    {
      "system" : "http://snomed.info/sct",
      "version" : "http://snomed.info/sct/900000000000207008/version/20241001",
      "code" : "418138009",
      "display" : "Patient condition finding"
    },
    {
      "system" : "http://snomed.info/sct",
      "version" : "http://snomed.info/sct/900000000000207008/version/20241001",
      "code" : "89100005",
      "display" : "Final diagnosis (discharge)"
    },
    {
      "system" : "http://snomed.info/sct",
      "version" : "http://snomed.info/sct/900000000000207008/version/20241001",
      "code" : "159679004",
      "display" : "Traffic warden"
    },
    {
      "system" : "http://snomed.info/sct",
      "version" : "http://snomed.info/sct/900000000000207008/version/20241001",
      "code" : "273887006",
      "display" : "Triage index"
    },
    {
      "system" : "http://snomed.info/sct",
      "version" : "http://snomed.info/sct/900000000000207008/version/20241001",
      "code" : "260870009",
      "display" : "Priority"
    },
    {
      "system" : "http://snomed.info/sct",
      "version" : "http://snomed.info/sct/900000000000207008/version/20241001",
      "code" : "278443006",
      "display" : "Cause of accident type"
    },
    {
      "system" : "http://snomed.info/sct",
      "version" : "http://snomed.info/sct/900000000000207008/version/20241001",
      "code" : "364703007",
      "display" : "Employment detail"
    },
    {
      "system" : "http://snomed.info/sct",
      "version" : "http://snomed.info/sct/900000000000207008/version/20241001",
      "code" : "373786007",
      "display" : "Reasons for treatment delay"
    },
    {
      "system" : "http://snomed.info/sct",
      "version" : "http://snomed.info/sct/900000000000207008/version/20241001",
      "code" : "218247007",
      "display" : "Late effect of motor vehicle accident"
    },
    {
      "system" : "http://snomed.info/sct",
      "version" : "http://snomed.info/sct/900000000000207008/version/20241001",
      "code" : "408919008",
      "display" : "Psychosocial care"
    },
    {
      "system" : "http://snomed.info/sct",
      "version" : "http://snomed.info/sct/900000000000207008/version/20241001",
      "code" : "360000005",
      "display" : "Closed circuit television"
    },
    {
      "system" : "http://snomed.info/sct",
      "version" : "http://snomed.info/sct/900000000000207008/version/20241001",
      "code" : "167009006",
      "display" : "Blood ethanol measurement"
    },
    {
      "system" : "http://loinc.org",
      "version" : "2.78",
      "code" : "30976-5",
      "display" : "Date received Form"
    },
    {
      "system" : "http://loinc.org",
      "version" : "2.78",
      "code" : "69472-9",
      "display" : "Unit responded [Date and time] Vehicle"
    },
    {
      "system" : "http://loinc.org",
      "version" : "2.78",
      "code" : "69475-2",
      "display" : "Responding unit left the scene with a patient [Date and time] Vehicle"
    },
    {
      "system" : "http://loinc.org",
      "version" : "2.78",
      "code" : "11288-8",
      "display" : "Arrival time documented"
    },
    {
      "system" : "http://loinc.org",
      "version" : "2.78",
      "code" : "90123-1",
      "display" : "Response team leader name"
    },
    {
      "system" : "http://loinc.org",
      "version" : "2.78",
      "code" : "11375-3",
      "display" : "Injury intent"
    },
    {
      "system" : "http://loinc.org",
      "version" : "2.78",
      "code" : "95376-0",
      "display" : "Type of animal exposed to"
    },
    {
      "system" : "http://loinc.org",
      "version" : "2.78",
      "code" : "11372-0",
      "display" : "Injury associated activity"
    },
    {
      "system" : "http://loinc.org",
      "version" : "2.78",
      "code" : "74199-1",
      "display" : "Transferred from another acute care facility [NTDS]"
    },
    {
      "system" : "http://loinc.org",
      "version" : "2.78",
      "code" : "74286-6",
      "display" : "Transport mode to hospital [NTDS]"
    },
    {
      "system" : "http://loinc.org",
      "version" : "2.78",
      "code" : "77999-1",
      "display" : "Case notification comment"
    },
    {
      "system" : "http://www.roadsafetyph.doh.gov.ph/CodeSystem",
      "version" : "1",
      "code" : "INJURYFRONT",
      "display" : "Site of Injury/Pain - Front Part of Body"
    },
    {
      "system" : "http://www.roadsafetyph.doh.gov.ph/CodeSystem",
      "version" : "1",
      "code" : "INJURYBACK",
      "display" : "Site of Injury/Pain - Back Part of Body"
    },
    {
      "system" : "http://www.roadsafetyph.doh.gov.ph/CodeSystem",
      "version" : "1",
      "code" : "RRFREMARKS",
      "display" : "Run Report Form Remarks"
    },
    {
      "system" : "http://www.roadsafetyph.doh.gov.ph/CodeSystem",
      "version" : "1",
      "code" : "MVA-COLLISION",
      "display" : "FOR TRANSPORT/VEHICULAR ACCIDENT ONLY (Collision; Non-Collision)"
    },
    {
      "system" : "http://www.roadsafetyph.doh.gov.ph/CodeSystem",
      "version" : "1",
      "code" : "PATIENTVEHICLE",
      "display" : "Vehicles Involved: Patient's Vehicle"
    },
    {
      "system" : "http://www.roadsafetyph.doh.gov.ph/CodeSystem",
      "version" : "1",
      "code" : "OTHERVEHICLE",
      "display" : "Other Vehicle/Object Involved (for COLLISION accident ONLY)"
    },
    {
      "system" : "http://www.roadsafetyph.doh.gov.ph/CodeSystem",
      "version" : "1",
      "code" : "PATIENTPOSITION",
      "display" : "Position of Patient"
    },
    {
      "system" : "http://www.roadsafetyph.doh.gov.ph/CodeSystem",
      "version" : "1",
      "code" : "PLACEOCCURRENCE",
      "display" : "Place of Occurrence"
    },
    {
      "system" : "http://www.roadsafetyph.doh.gov.ph/CodeSystem",
      "version" : "1",
      "code" : "COLLISIONTYPE",
      "display" : "Collision Type"
    },
    {
      "system" : "http://www.roadsafetyph.doh.gov.ph/CodeSystem",
      "version" : "1",
      "code" : "COORDINATIONDONE",
      "display" : "Was Transport Coordinated with Receiving Hospital?"
    }]
  }
}