{
  "resourceType" : "ValueSet",
  "id" : "MDS-GCSVerbal-VS",
  "text" : {
    "status" : "generated",
    "div" : "<div xmlns=\"http://www.w3.org/1999/xhtml\"><p class=\"res-header-id\"><b>Generated Narrative: ValueSet MDS-GCSVerbal-VS</b></p><a name=\"MDS-GCSVerbal-VS\"> </a><a name=\"hcMDS-GCSVerbal-VS\"> </a><ul><li>Include these codes as defined in <a href=\"http://loinc.org\"><code>http://loinc.org</code></a> version <span title=\"Version is not explicity stated. No matching Code System found\">Not Stated (use latest from terminology server)</span><table class=\"none\"><tr><td style=\"white-space:nowrap\"><b>Code</b></td><td><b>Display</b></td></tr><tr><td><a href=\"https://loinc.org/LA6561-0/\">LA6561-0</a></td><td>Oriented</td></tr><tr><td><a href=\"https://loinc.org/LA6560-2/\">LA6560-2</a></td><td>Confused</td></tr><tr><td><a href=\"https://loinc.org/LA6559-4/\">LA6559-4</a></td><td>Inappropriate words</td></tr><tr><td><a href=\"https://loinc.org/LA6558-6/\">LA6558-6</a></td><td>Incomprehensible sounds</td></tr><tr><td><a href=\"https://loinc.org/LA6557-8/\">LA6557-8</a></td><td>No verbal response (&gt;2 yrs); no vocal response (&lt;=2 yrs)</td></tr></table></li></ul></div>"
  },
  "url" : "http://hl7.org/fhir/ValueSet/PH-RoadSafety-GCSVerbal",
  "version" : "0.1.0",
  "name" : "MDSGCSVerbalVS",
  "title" : "MDS GCS Verbal",
  "status" : "draft",
  "date" : "2025-10-07T09:19:43+00:00",
  "publisher" : "UP Manila - National Institutes of Health - National Telehealth Center",
  "contact" : [{
    "name" : "UP Manila - National Institutes of Health - National Telehealth Center",
    "telecom" : [{
      "system" : "url",
      "value" : "https://github.com/UPM-NTHC/PH-RoadSafetyIG"
    }]
  },
  {
    "name" : "PH Road Safety IG Repository",
    "telecom" : [{
      "system" : "url",
      "value" : "https://github.com/UPM-NTHC/PH-RoadSafetyIG"
    }]
  }],
  "description" : "GCS Verbal response (LOINC answers).",
  "jurisdiction" : [{
    "coding" : [{
      "system" : "urn:iso:std:iso:3166",
      "code" : "PH",
      "display" : "Philippines"
    }]
  }],
  "compose" : {
    "include" : [{
      "system" : "http://loinc.org",
      "concept" : [{
        "code" : "LA6561-0",
        "display" : "Oriented"
      },
      {
        "code" : "LA6560-2",
        "display" : "Confused"
      },
      {
        "code" : "LA6559-4",
        "display" : "Inappropriate words"
      },
      {
        "code" : "LA6558-6",
        "display" : "Incomprehensible sounds"
      },
      {
        "code" : "LA6557-8",
        "display" : "No verbal response (>2 yrs); no vocal response (<=2 yrs)"
      }]
    }]
  }
}