{
  "resourceType" : "ValueSet",
  "id" : "vs-collision-category",
  "text" : {
    "status" : "generated",
    "div" : "<div xmlns=\"http://www.w3.org/1999/xhtml\"><p class=\"res-header-id\"><b>Generated Narrative: ValueSet vs-collision-category</b></p><a name=\"vs-collision-category\"> </a><a name=\"hcvs-collision-category\"> </a><p>This value set includes codes based on the following rules:</p><ul><li>Include these codes as defined in <a href=\"http://loinc.org\"><code>http://loinc.org</code></a><span title=\"Version is not explicity stated. No matching Code System found\"> version Not Stated (use latest from terminology server)</span><table class=\"none\"><tr><td style=\"white-space:nowrap\"><b>Code</b></td><td><b>Display</b></td></tr><tr><td><a href=\"https://loinc.org/LA7319-2/\">LA7319-2</a></td><td>Collision</td></tr></table></li><li>Include these codes as defined in <code>http://upm-nthc.ph/CodeSystem/rs-local</code><span title=\"Version is not explicity stated. No matching Code System found\"> version Not Stated (use latest from terminology server)</span><table class=\"none\"><tr><td style=\"white-space:nowrap\"><b>Code</b></td><td><b>Display</b></td></tr><tr><td>non-collision</td><td>Non-collision</td></tr></table></li></ul></div>"
  },
  "url" : "https://build.fhir.org/ig/UPM-NTHC/PH-RoadSafetyIG/ValueSet/vs-collision-category",
  "version" : "0.1.0",
  "name" : "VSCollisionCategory",
  "title" : "RS VS - Collision Category",
  "status" : "draft",
  "date" : "2025-10-15T18:40:48+00:00",
  "publisher" : "UP Manila - National Institutes of Health - National Telehealth Center",
  "contact" : [{
    "name" : "UP Manila - National Institutes of Health - National Telehealth Center",
    "telecom" : [{
      "system" : "url",
      "value" : "https://github.com/UPM-NTHC/PH-RoadSafetyIG"
    }]
  },
  {
    "name" : "PH Road Safety IG Repository",
    "telecom" : [{
      "system" : "url",
      "value" : "https://github.com/UPM-NTHC/PH-RoadSafetyIG"
    }]
  }],
  "description" : "Collision vs non-collision category.",
  "jurisdiction" : [{
    "coding" : [{
      "system" : "urn:iso:std:iso:3166",
      "code" : "PH",
      "display" : "Philippines"
    }]
  }],
  "compose" : {
    "include" : [{
      "system" : "http://loinc.org",
      "concept" : [{
        "code" : "LA7319-2",
        "display" : "Collision"
      }]
    },
    {
      "system" : "http://upm-nthc.ph/CodeSystem/rs-local",
      "concept" : [{
        "code" : "non-collision",
        "display" : "Non-collision"
      }]
    }]
  }
}