{
  "resourceType" : "ValueSet",
  "id" : "cause-of-crash-vs",
  "text" : {
    "status" : "generated",
    "div" : "<div xmlns=\"http://www.w3.org/1999/xhtml\"><p class=\"res-header-id\"><b>Generated Narrative: ValueSet cause-of-crash-vs</b></p><a name=\"cause-of-crash-vs\"> </a><a name=\"hccause-of-crash-vs\"> </a><ul><li>Include all codes defined in <a href=\"CodeSystem-cause-of-crash-cs.html\"><code>https://build.fhir.org/ig/UPM-NTHC/PH-RoadSafetyIG/CodeSystem/cause-of-crash-cs</code></a><span title=\"Version is not explicitly stated, which means it is fixed to the version provided in this specification\"> version &#x1F4E6;0.1.0</span></li></ul></div>"
  },
  "url" : "https://build.fhir.org/ig/UPM-NTHC/PH-RoadSafetyIG/ValueSet/cause-of-crash-vs",
  "version" : "0.1.0",
  "name" : "CauseOfCrashVS",
  "title" : "Cause of Road Crash",
  "status" : "draft",
  "experimental" : true,
  "date" : "2025-10-22T01:50:39+00:00",
  "publisher" : "UP Manila - National Institutes of Health - National Telehealth Center",
  "contact" : [{
    "name" : "UP Manila - National Institutes of Health - National Telehealth Center",
    "telecom" : [{
      "system" : "url",
      "value" : "https://github.com/UPM-NTHC/PH-RoadSafetyIG"
    }]
  },
  {
    "name" : "PH Road Safety IG Repository",
    "telecom" : [{
      "system" : "url",
      "value" : "https://github.com/UPM-NTHC/PH-RoadSafetyIG"
    }]
  }],
  "description" : "Defines codes representing the external causes of road traffic crashes",
  "jurisdiction" : [{
    "coding" : [{
      "system" : "urn:iso:std:iso:3166",
      "code" : "PH",
      "display" : "Philippines"
    }]
  }],
  "compose" : {
    "include" : [{
      "system" : "https://build.fhir.org/ig/UPM-NTHC/PH-RoadSafetyIG/CodeSystem/cause-of-crash-cs"
    }]
  }
}