<?xml version="1.0" encoding="UTF-8"?>

<ValueSet xmlns="http://hl7.org/fhir">
  <id value="rs-hospital-category"/>
  <text>
    <status value="generated"/><div xmlns="http://www.w3.org/1999/xhtml"><p class="res-header-id"><b>Generated Narrative: ValueSet rs-hospital-category</b></p><a name="rs-hospital-category"> </a><a name="hcrs-hospital-category"> </a><ul><li>Include these codes as defined in <a href="http://www.snomed.org/"><code>http://snomed.info/sct</code></a><span title="Version is not explicity stated. No matching Code System found"> version Not Stated (use latest from terminology server)</span><table class="none"><tr><td style="white-space:nowrap"><b>Code</b></td><td><b>Display</b></td></tr><tr><td><a href="http://snomed.info/id/394814009">394814009</a></td><td>Emergency medical services (EMS) referral center</td></tr><tr><td><a href="http://snomed.info/id/22633000">22633000</a></td><td>Tertiary hospital</td></tr><tr><td><a href="http://snomed.info/id/22232009">22232009</a></td><td>Primary hospital</td></tr></table></li></ul></div>
  </text>
  <url value="https://build.fhir.org/ig/UPM-NTHC/PH-RoadSafetyIG/ValueSet/rs-hospital-category"/>
  <version value="0.1.0"/>
  <name value="RSHospitalCategoryVS"/>
  <title value="Hospital / EMS Category"/>
  <status value="active"/>
  <experimental value="true"/>
  <date value="2025-10-21T09:02:18+00:00"/>
  <publisher value="UP Manila - National Institutes of Health - National Telehealth Center"/>
  <contact>
    <name value="UP Manila - National Institutes of Health - National Telehealth Center"/>
    <telecom>
      <system value="url"/>
      <value value="https://github.com/UPM-NTHC/PH-RoadSafetyIG"/>
    </telecom>
  </contact>
  <contact>
    <name value="PH Road Safety IG Repository"/>
    <telecom>
      <system value="url"/>
      <value value="https://github.com/UPM-NTHC/PH-RoadSafetyIG"/>
    </telecom>
  </contact>
  <description value="Categories for hospitals relevant to EMS referral."/>
  <jurisdiction>
    <coding>
      <system value="urn:iso:std:iso:3166"/>
      <code value="PH"/>
      <display value="Philippines"/>
    </coding>
  </jurisdiction>
  <compose>
    <include>
      <system value="http://snomed.info/sct"/>
      <concept>
        <code value="394814009"/>
        <display value="Emergency medical services (EMS) referral center"/>
      </concept>
      <concept>
        <code value="22633000"/>
        <display value="Tertiary hospital"/>
      </concept>
      <concept>
        <code value="22232009"/>
        <display value="Primary hospital"/>
      </concept>
    </include>
  </compose>
</ValueSet>