{
  "resourceType" : "ValueSet",
  "id" : "SILPH-GCSVerbalVS",
  "meta" : {
    "versionId" : "3",
    "lastUpdated" : "2025-10-30T00:34:01.955+00:00"
  },
  "text" : {
    "status" : "generated",
    "div" : "<div xmlns=\"http://www.w3.org/1999/xhtml\"><p class=\"res-header-id\"><b>Generated Narrative: ValueSet SILPH-GCSVerbalVS</b></p><a name=\"SILPH-GCSVerbalVS\"> </a><a name=\"hcSILPH-GCSVerbalVS\"> </a><div style=\"display: inline-block; background-color: #d9e0e7; padding: 6px; margin: 4px; border: 1px solid #8da1b4; border-radius: 5px; line-height: 60%\"><p style=\"margin-bottom: 0px\">version: 3; Last updated: 2025-10-30 00:34:01+0000</p></div><p style=\"border: black 1px dotted; background-color: #EEEEEE; padding: 8px; margin-bottom: 8px\">Expansion based on Loinc v2.78</p><p>This value set contains 5 concepts</p><table class=\"codes\"><tr><td><b>System</b></td><td style=\"white-space:nowrap\"><b>Code</b></td><td><b>Display</b></td></tr><tr><td><a name=\"SILPH-GCSVerbalVS-http://loinc.org-LA6561-0\"> </a><code>http://loinc.org</code></td><td style=\"white-space:nowrap\">\u00a0\u00a0<a href=\"https://loinc.org/LA6561-0/\">LA6561-0</a></td><td>5 Oriented</td></tr><tr><td><a name=\"SILPH-GCSVerbalVS-http://loinc.org-LA6560-2\"> </a><code>http://loinc.org</code></td><td style=\"white-space:nowrap\">\u00a0\u00a0<a href=\"https://loinc.org/LA6560-2/\">LA6560-2</a></td><td>4 Confused</td></tr><tr><td><a name=\"SILPH-GCSVerbalVS-http://loinc.org-LA6559-4\"> </a><code>http://loinc.org</code></td><td style=\"white-space:nowrap\">\u00a0\u00a0<a href=\"https://loinc.org/LA6559-4/\">LA6559-4</a></td><td>3 Inappropriate words</td></tr><tr><td><a name=\"SILPH-GCSVerbalVS-http://loinc.org-LA6558-6\"> </a><code>http://loinc.org</code></td><td style=\"white-space:nowrap\">\u00a0\u00a0<a href=\"https://loinc.org/LA6558-6/\">LA6558-6</a></td><td>2 Incomprehensible words</td></tr><tr><td><a name=\"SILPH-GCSVerbalVS-http://loinc.org-LA6557-8\"> </a><code>http://loinc.org</code></td><td style=\"white-space:nowrap\">\u00a0\u00a0<a href=\"https://loinc.org/LA6557-8/\">LA6557-8</a></td><td>1 None</td></tr></table></div>"
  },
  "url" : "http://www.roadsafetyph.doh.gov.ph/ValueSet/SILPH-GCS-Verbal",
  "version" : "0.3.0",
  "name" : "SILPH___GCS___Verbal__VS_",
  "title" : "SILPH - GCS - Verbal (VS)",
  "status" : "draft",
  "date" : "2025-11-13T06:07:07+00:00",
  "publisher" : "UP Manila - National Institutes of Health - National Telehealth Center",
  "contact" : [{
    "name" : "UP Manila - National Institutes of Health - National Telehealth Center",
    "telecom" : [{
      "system" : "url",
      "value" : "https://github.com/UPM-NTHC/PH-RoadSafetyIG"
    }]
  },
  {
    "name" : "PH Road Safety IG Repository",
    "telecom" : [{
      "system" : "url",
      "value" : "https://github.com/UPM-NTHC/PH-RoadSafetyIG"
    }]
  }],
  "description" : "SILPH Value Set for GCS Verbal Score",
  "jurisdiction" : [{
    "coding" : [{
      "system" : "urn:iso:std:iso:3166",
      "code" : "PH",
      "display" : "Philippines"
    }]
  }],
  "compose" : {
    "include" : [{
      "system" : "http://loinc.org",
      "concept" : [{
        "code" : "LA6561-0",
        "display" : "5 Oriented"
      },
      {
        "code" : "LA6560-2",
        "display" : "4 Confused"
      },
      {
        "code" : "LA6559-4",
        "display" : "3 Inappropriate words"
      },
      {
        "code" : "LA6558-6",
        "display" : "2 Incomprehensible words"
      },
      {
        "code" : "LA6557-8",
        "display" : "1 None"
      }]
    }]
  },
  "expansion" : {
    "identifier" : "urn:uuid:f6e72f36-9779-478a-a9af-c0d62d9e9634",
    "timestamp" : "2025-10-29T23:49:33+00:00",
    "total" : 5,
    "parameter" : [{
      "name" : "used-codesystem",
      "valueUri" : "http://loinc.org|2.78"
    },
    {
      "name" : "version",
      "valueUri" : "http://loinc.org|2.78"
    },
    {
      "name" : "warning-draft",
      "valueUri" : "http://www.roadsafetyph.doh.gov.ph/ValueSet/SILPH-GCS-Verbal|1"
    }],
    "contains" : [{
      "system" : "http://loinc.org",
      "code" : "LA6561-0",
      "display" : "5 Oriented"
    },
    {
      "system" : "http://loinc.org",
      "code" : "LA6560-2",
      "display" : "4 Confused"
    },
    {
      "system" : "http://loinc.org",
      "code" : "LA6559-4",
      "display" : "3 Inappropriate words"
    },
    {
      "system" : "http://loinc.org",
      "code" : "LA6558-6",
      "display" : "2 Incomprehensible words"
    },
    {
      "system" : "http://loinc.org",
      "code" : "LA6557-8",
      "display" : "1 None"
    }]
  }
}