{
  "resourceType" : "ValueSet",
  "id" : "SILPH-GeneralDispositionVS",
  "meta" : {
    "versionId" : "4",
    "lastUpdated" : "2025-10-30T02:53:40.952+00:00"
  },
  "text" : {
    "status" : "generated",
    "div" : "<div xmlns=\"http://www.w3.org/1999/xhtml\"><p class=\"res-header-id\"><b>Generated Narrative: ValueSet SILPH-GeneralDispositionVS</b></p><a name=\"SILPH-GeneralDispositionVS\"> </a><a name=\"hcSILPH-GeneralDispositionVS\"> </a><div style=\"display: inline-block; background-color: #d9e0e7; padding: 6px; margin: 4px; border: 1px solid #8da1b4; border-radius: 5px; line-height: 60%\"><p style=\"margin-bottom: 0px\">version: 4; Last updated: 2025-10-30 02:53:40+0000</p></div><p style=\"border: black 1px dotted; background-color: #EEEEEE; padding: 8px; margin-bottom: 8px\">Expansion based on SNOMED CT International edition 01-Oct 2024</p><p>This value set contains 10 concepts</p><table class=\"codes\"><tr><td><b>System</b></td><td style=\"white-space:nowrap\"><b>Code</b></td><td><b>Display</b></td></tr><tr><td><a name=\"SILPH-GeneralDispositionVS-http://snomed.info/sct-371827001\"> </a><code>http://snomed.info/sct</code></td><td style=\"white-space:nowrap\">\u00a0\u00a0<a href=\"http://snomed.info/id/371827001\">371827001</a></td><td>Inpatient: Discharged</td></tr><tr><td><a name=\"SILPH-GeneralDispositionVS-http://snomed.info/sct-225928004\"> </a><code>http://snomed.info/sct</code></td><td style=\"white-space:nowrap\">\u00a0\u00a0<a href=\"http://snomed.info/id/225928004\">225928004</a></td><td>HAMA</td></tr><tr><td><a name=\"SILPH-GeneralDispositionVS-http://snomed.info/sct-34596002\"> </a><code>http://snomed.info/sct</code></td><td style=\"white-space:nowrap\">\u00a0\u00a0<a href=\"http://snomed.info/id/34596002\">34596002</a></td><td>Absconded</td></tr><tr><td><a name=\"SILPH-GeneralDispositionVS-http://snomed.info/sct-183960004\"> </a><code>http://snomed.info/sct</code></td><td style=\"white-space:nowrap\">\u00a0\u00a0<a href=\"http://snomed.info/id/183960004\">183960004</a></td><td>Refused Admission</td></tr><tr><td><a name=\"SILPH-GeneralDispositionVS-http://snomed.info/sct-371828006\"> </a><code>http://snomed.info/sct</code></td><td style=\"white-space:nowrap\">\u00a0\u00a0<a href=\"http://snomed.info/id/371828006\">371828006</a></td><td>Inpatient: Died</td></tr><tr><td><a name=\"SILPH-GeneralDispositionVS-http://snomed.info/sct-74964007\"> </a><code>http://snomed.info/sct</code></td><td style=\"white-space:nowrap\">\u00a0\u00a0<a href=\"http://snomed.info/id/74964007\">74964007</a></td><td>Inpatient: Others</td></tr><tr><td><a name=\"SILPH-GeneralDispositionVS-http://snomed.info/sct-19712007\"> </a><code>http://snomed.info/sct</code></td><td style=\"white-space:nowrap\">\u00a0\u00a0<a href=\"http://snomed.info/id/19712007\">19712007</a></td><td>Transferred to another facility/hospital</td></tr><tr><td><a name=\"SILPH-GeneralDispositionVS-http://snomed.info/sct-32485007\"> </a><code>http://snomed.info/sct</code></td><td style=\"white-space:nowrap\">\u00a0\u00a0<a href=\"http://snomed.info/id/32485007\">32485007</a></td><td>Outpatient/ER: Admitted</td></tr><tr><td><a name=\"SILPH-GeneralDispositionVS-http://snomed.info/sct-306689006\"> </a><code>http://snomed.info/sct</code></td><td style=\"white-space:nowrap\">\u00a0\u00a0<a href=\"http://snomed.info/id/306689006\">306689006</a></td><td>Outpatient/ER: Treated and Sent Home</td></tr><tr><td><a name=\"SILPH-GeneralDispositionVS-http://snomed.info/sct-18632008\"> </a><code>http://snomed.info/sct</code></td><td style=\"white-space:nowrap\">\u00a0\u00a0<a href=\"http://snomed.info/id/18632008\">18632008</a></td><td>Outpatient/ER: Died</td></tr></table></div>"
  },
  "url" : "http://www.roadsafetyph.doh.gov.ph/ValueSet/SILPH-GeneralDisposition",
  "version" : "0.3.0",
  "name" : "SILPH___General_Disposition__VS_",
  "title" : "SILPH - General Disposition (VS)",
  "status" : "draft",
  "date" : "2025-11-16T14:40:58+00:00",
  "publisher" : "UP Manila - National Institutes of Health - National Telehealth Center",
  "contact" : [{
    "name" : "UP Manila - National Institutes of Health - National Telehealth Center",
    "telecom" : [{
      "system" : "url",
      "value" : "https://github.com/UPM-NTHC/PH-RoadSafetyIG"
    }]
  },
  {
    "name" : "PH Road Safety IG Repository",
    "telecom" : [{
      "system" : "url",
      "value" : "https://github.com/UPM-NTHC/PH-RoadSafetyIG"
    }]
  }],
  "description" : "SILPH Value Set for Inpatient and ER/Outpatient Visit Disposition",
  "jurisdiction" : [{
    "coding" : [{
      "system" : "urn:iso:std:iso:3166",
      "code" : "PH",
      "display" : "Philippines"
    }]
  }],
  "compose" : {
    "include" : [{
      "system" : "http://snomed.info/sct",
      "version" : "http://snomed.info/sct/900000000000207008/version/20241001",
      "concept" : [{
        "code" : "371827001",
        "display" : "Inpatient: Discharged"
      },
      {
        "code" : "225928004",
        "display" : "HAMA"
      },
      {
        "code" : "34596002",
        "display" : "Absconded"
      },
      {
        "code" : "183960004",
        "display" : "Refused Admission"
      },
      {
        "code" : "371828006",
        "display" : "Inpatient: Died"
      },
      {
        "code" : "74964007",
        "display" : "Inpatient: Others"
      },
      {
        "code" : "19712007",
        "display" : "Transferred to another facility/hospital"
      },
      {
        "code" : "32485007",
        "display" : "Outpatient/ER: Admitted"
      },
      {
        "code" : "306689006",
        "display" : "Outpatient/ER: Treated and Sent Home"
      },
      {
        "code" : "18632008",
        "display" : "Outpatient/ER: Died"
      }]
    }]
  },
  "expansion" : {
    "identifier" : "urn:uuid:22c68574-61e4-4053-8928-5505cd36f7d2",
    "timestamp" : "2025-10-31T01:58:21+00:00",
    "total" : 10,
    "parameter" : [{
      "name" : "used-codesystem",
      "valueUri" : "http://snomed.info/sct|http://snomed.info/sct/900000000000207008/version/20241001"
    },
    {
      "name" : "version",
      "valueUri" : "http://snomed.info/sct|http://snomed.info/sct/900000000000207008/version/20241001"
    },
    {
      "name" : "warning-draft",
      "valueUri" : "http://www.roadsafetyph.doh.gov.ph/ValueSet/SILPH-GeneralDisposition|0.1.1"
    }],
    "contains" : [{
      "system" : "http://snomed.info/sct",
      "code" : "371827001",
      "display" : "Inpatient: Discharged"
    },
    {
      "system" : "http://snomed.info/sct",
      "code" : "225928004",
      "display" : "HAMA"
    },
    {
      "system" : "http://snomed.info/sct",
      "code" : "34596002",
      "display" : "Absconded"
    },
    {
      "system" : "http://snomed.info/sct",
      "code" : "183960004",
      "display" : "Refused Admission"
    },
    {
      "system" : "http://snomed.info/sct",
      "code" : "371828006",
      "display" : "Inpatient: Died"
    },
    {
      "system" : "http://snomed.info/sct",
      "code" : "74964007",
      "display" : "Inpatient: Others"
    },
    {
      "system" : "http://snomed.info/sct",
      "code" : "19712007",
      "display" : "Transferred to another facility/hospital"
    },
    {
      "system" : "http://snomed.info/sct",
      "code" : "32485007",
      "display" : "Outpatient/ER: Admitted"
    },
    {
      "system" : "http://snomed.info/sct",
      "code" : "306689006",
      "display" : "Outpatient/ER: Treated and Sent Home"
    },
    {
      "system" : "http://snomed.info/sct",
      "code" : "18632008",
      "display" : "Outpatient/ER: Died"
    }]
  }
}