{
  "resourceType" : "ValueSet",
  "id" : "SILPH-GeneralDispositionVS",
  "meta" : {
    "versionId" : "1",
    "lastUpdated" : "2025-10-27T10:19:37.329+00:00"
  },
  "text" : {
    "status" : "generated",
    "div" : "<div xmlns=\"http://www.w3.org/1999/xhtml\"><h2>SILPH - General Disposition (VS)</h2><tt>http://www.roadsafetyph.doh.gov.ph/ValueSet/SILPH-GeneralDisposition</tt><p>SILPH Value Set for Inpatient and ER/Outpatient Visit Disposition</p></div>"
  },
  "url" : "http://www.roadsafetyph.doh.gov.ph/ValueSet/SILPH-GeneralDisposition",
  "version" : "0.2.0",
  "name" : "SILPH___General_Disposition__VS_",
  "title" : "SILPH - General Disposition (VS)",
  "status" : "draft",
  "date" : "2025-10-29T02:00:22+00:00",
  "publisher" : "UP Manila - National Institutes of Health - National Telehealth Center",
  "contact" : [{
    "name" : "UP Manila - National Institutes of Health - National Telehealth Center",
    "telecom" : [{
      "system" : "url",
      "value" : "https://github.com/UPM-NTHC/PH-RoadSafetyIG"
    }]
  },
  {
    "name" : "PH Road Safety IG Repository",
    "telecom" : [{
      "system" : "url",
      "value" : "https://github.com/UPM-NTHC/PH-RoadSafetyIG"
    }]
  }],
  "description" : "SILPH Value Set for Inpatient and ER/Outpatient Visit Disposition",
  "jurisdiction" : [{
    "coding" : [{
      "system" : "urn:iso:std:iso:3166",
      "code" : "PH",
      "display" : "Philippines"
    }]
  }],
  "compose" : {
    "include" : [{
      "system" : "http://snomed.info/sct",
      "version" : "http://snomed.info/sct/900000000000207008/version/20241001",
      "concept" : [{
        "code" : "371827001",
        "display" : "Inpatient: Discharged"
      },
      {
        "code" : "225928004",
        "display" : "Inpatient: HAMA"
      },
      {
        "code" : "34596002",
        "display" : "Inpatient: Absconded"
      },
      {
        "code" : "183960004",
        "display" : "Inpatient: Refused Admission"
      },
      {
        "code" : "371828006",
        "display" : "Inpatient: Died"
      },
      {
        "code" : "74964007",
        "display" : "Inpatient: Others"
      },
      {
        "code" : "19712007",
        "display" : "Inpatient: Transferred to another facility/hospital"
      },
      {
        "code" : "32485007",
        "display" : "Outpatient/ER: Admitted"
      },
      {
        "code" : "306689006",
        "display" : "Outpatient/ER: Treated and Sent Home"
      },
      {
        "code" : "225928004",
        "display" : "Outpatient/ER: HAMA"
      },
      {
        "code" : "34596002",
        "display" : "Outpatient/ER: Absconded"
      },
      {
        "code" : "19712007",
        "display" : "Outpatient/ER: Transferred to another facility/hospital"
      },
      {
        "code" : "183960004",
        "display" : "Outpatient/ER: Refused Admission"
      },
      {
        "code" : "18632008",
        "display" : "Outpatient/ER: Died"
      }]
    }]
  },
  "expansion" : {
    "identifier" : "urn:uuid:22da2e2e-ed76-4fba-a45d-52c5d7ae595a",
    "timestamp" : "2025-10-27T10:19:42+00:00",
    "total" : 10,
    "parameter" : [{
      "name" : "used-codesystem",
      "valueUri" : "http://snomed.info/sct|http://snomed.info/sct/900000000000207008/version/20241001"
    },
    {
      "name" : "version",
      "valueUri" : "http://snomed.info/sct|http://snomed.info/sct/900000000000207008/version/20241001"
    },
    {
      "name" : "displayLanguage",
      "valueCode" : "en-US,en;q=0.9"
    },
    {
      "name" : "warning-draft",
      "valueUri" : "http://www.roadsafetyph.doh.gov.ph/ValueSet/SILPH-GeneralDisposition|1"
    },
    {
      "name" : "includeDesignations",
      "valueBoolean" : false
    }],
    "contains" : [{
      "system" : "http://snomed.info/sct",
      "code" : "371827001",
      "display" : "Patient discharged alive"
    },
    {
      "system" : "http://snomed.info/sct",
      "code" : "225928004",
      "display" : "Patient self-discharge against medical advice"
    },
    {
      "system" : "http://snomed.info/sct",
      "code" : "34596002",
      "display" : "Patient discharge, elopement"
    },
    {
      "system" : "http://snomed.info/sct",
      "code" : "183960004",
      "display" : "Patient refuses hospital admission"
    },
    {
      "system" : "http://snomed.info/sct",
      "code" : "371828006",
      "display" : "Patient deceased during stay (discharge status = dead)"
    },
    {
      "system" : "http://snomed.info/sct",
      "code" : "74964007",
      "display" : "Other"
    },
    {
      "system" : "http://snomed.info/sct",
      "code" : "19712007",
      "display" : "Patient transfer, to another health care facility"
    },
    {
      "system" : "http://snomed.info/sct",
      "code" : "32485007",
      "display" : "Hospital admission"
    },
    {
      "system" : "http://snomed.info/sct",
      "code" : "306689006",
      "display" : "Discharge to home"
    },
    {
      "system" : "http://snomed.info/sct",
      "code" : "18632008",
      "display" : "Patient status determination, deceased"
    }]
  }
}