<?xml version="1.0" encoding="UTF-8"?>

<ValueSet xmlns="http://hl7.org/fhir">
  <id value="vs-status-alive-detail"/>
  <text>
    <status value="generated"/><div xmlns="http://www.w3.org/1999/xhtml"><p class="res-header-id"><b>Generated Narrative: ValueSet vs-status-alive-detail</b></p><a name="vs-status-alive-detail"> </a><a name="hcvs-status-alive-detail"> </a><ul><li>Include these codes as defined in <a href="http://www.snomed.org/"><code>http://snomed.info/sct</code></a><span title="Version is not explicity stated. No matching Code System found"> version Not Stated (use latest from terminology server)</span><table class="none"><tr><td style="white-space:nowrap"><b>Code</b></td><td><b>Display</b></td></tr><tr><td><a href="http://snomed.info/id/271591004">271591004</a></td><td>Fully conscious (finding)</td></tr><tr><td><a href="http://snomed.info/id/418107008">418107008</a></td><td>Unconscious (finding)</td></tr></table></li></ul></div>
  </text>
  <url value="https://build.fhir.org/ig/UPM-NTHC/PH-RoadSafetyIG/ValueSet/vs-status-alive-detail"/>
  <version value="0.1.0"/>
  <name value="VSStatusAliveDetail"/>
  <title value="RS VS - Alive Detail (Consciousness)"/>
  <status value="draft"/>
  <date value="2025-10-27T01:54:31+00:00"/>
  <publisher value="UP Manila - National Institutes of Health - National Telehealth Center"/>
  <contact>
    <name value="UP Manila - National Institutes of Health - National Telehealth Center"/>
    <telecom>
      <system value="url"/>
      <value value="https://github.com/UPM-NTHC/PH-RoadSafetyIG"/>
    </telecom>
  </contact>
  <contact>
    <name value="PH Road Safety IG Repository"/>
    <telecom>
      <system value="url"/>
      <value value="https://github.com/UPM-NTHC/PH-RoadSafetyIG"/>
    </telecom>
  </contact>
  <description value="If alive on arrival: conscious vs unconscious."/>
  <jurisdiction>
    <coding>
      <system value="urn:iso:std:iso:3166"/>
      <code value="PH"/>
      <display value="Philippines"/>
    </coding>
  </jurisdiction>
  <compose>
    <include>
      <system value="http://snomed.info/sct"/>
      <concept>
        <code value="271591004"/>
        <display value="Fully conscious (finding)"/>
      </concept>
      <concept>
        <code value="418107008"/>
        <display value="Unconscious (finding)"/>
      </concept>
    </include>
  </compose>
</ValueSet>