<?xml version="1.0" encoding="UTF-8"?>

<ValueSet xmlns="http://hl7.org/fhir">
  <id value="SILPH-OutcomeVS"/>
  <meta>
    <versionId value="1"/>
    <lastUpdated value="2025-10-27T08:56:31.402+00:00"/>
  </meta>
  <text>
    <status value="generated"/><div xmlns="http://www.w3.org/1999/xhtml"><p class="res-header-id"><b>Generated Narrative: ValueSet SILPH-OutcomeVS</b></p><a name="SILPH-OutcomeVS"> </a><a name="hcSILPH-OutcomeVS"> </a><div style="display: inline-block; background-color: #d9e0e7; padding: 6px; margin: 4px; border: 1px solid #8da1b4; border-radius: 5px; line-height: 60%"><p style="margin-bottom: 0px">version: 1; Last updated: 2025-10-27 08:56:31+0000</p></div><div style="border: black 1px dotted; background-color: #EEEEEE; padding: 8px; margin-bottom: 8px"><p>Expansion based on:</p><ul><li>SNOMED CT International edition 01-Oct 2024</li><li>codesystem SILPH Road Safety Local Codes version 1</li></ul></div><p>This value set contains 3 concepts</p><table class="codes"><tr><td><b>System</b></td><td><b>Version</b></td><td style="white-space:nowrap"><b>Code</b></td><td><b>Display (en-US,en;q=0.9)</b></td></tr><tr><td><a name="SILPH-OutcomeVS-http://snomed.info/sct-268910001"> </a><code>http://snomed.info/sct</code></td><td>http://snomed.info/sct/900000000000207008/version/20241001</td><td style="white-space:nowrap">  <a href="http://snomed.info/sct/900000000000207008/id/268910001">268910001</a></td><td>Patient's condition improved</td></tr><tr><td><a name="SILPH-OutcomeVS-http://www.roadsafetyph.doh.gov.ph/CodeSystem-UNIMPROVED"> </a><code>http://www.roadsafetyph.doh.gov.ph/CodeSystem</code></td><td>1</td><td style="white-space:nowrap">  UNIMPROVED</td><td>Unimproved</td></tr><tr><td><a name="SILPH-OutcomeVS-http://www.roadsafetyph.doh.gov.ph/CodeSystem-DIED"> </a><code>http://www.roadsafetyph.doh.gov.ph/CodeSystem</code></td><td>1</td><td style="white-space:nowrap">  DIED</td><td>Died</td></tr></table></div>
  </text>
  <url value="http://www.roadsafetyph.doh.gov.ph/ValueSet/SILPH-Outcome"/>
  <version value="0.2.0"/>
  <name value="SILPH___Outcome__VS_"/>
  <title value="SILPH - Outcome (VS)"/>
  <status value="draft"/>
  <date value="2025-10-29T05:13:56+00:00"/>
  <publisher value="UP Manila - National Institutes of Health - National Telehealth Center"/>
  <contact>
    <name value="UP Manila - National Institutes of Health - National Telehealth Center"/>
    <telecom>
      <system value="url"/>
      <value value="https://github.com/UPM-NTHC/PH-RoadSafetyIG"/>
    </telecom>
  </contact>
  <contact>
    <name value="PH Road Safety IG Repository"/>
    <telecom>
      <system value="url"/>
      <value value="https://github.com/UPM-NTHC/PH-RoadSafetyIG"/>
    </telecom>
  </contact>
  <description value="SILPH Value Set for Outcome"/>
  <jurisdiction>
    <coding>
      <system value="urn:iso:std:iso:3166"/>
      <code value="PH"/>
      <display value="Philippines"/>
    </coding>
  </jurisdiction>
  <compose>
    <include>
      <system value="http://snomed.info/sct"/>
      <concept>
        <code value="268910001"/>
        <display value="Improved"/>
      </concept>
    </include>
    <include>
      <system value="http://www.roadsafetyph.doh.gov.ph/CodeSystem"/>
      <concept>
        <code value="UNIMPROVED"/>
        <display value="Unimproved"/>
      </concept>
      <concept>
        <code value="DIED"/>
        <display value="Died"/>
      </concept>
    </include>
  </compose>
  <expansion>
    <identifier value="urn:uuid:d4d60644-7d0c-4f0d-840c-de4b48051ce0"/>
    <timestamp value="2025-10-27T08:56:44+00:00"/>
    <total value="3"/>
    <parameter>
      <name value="used-codesystem"/>
      <valueUri value="http://snomed.info/sct|http://snomed.info/sct/900000000000207008/version/20241001"/>
    </parameter>
    <parameter>
      <name value="version"/>
      <valueUri value="http://snomed.info/sct|http://snomed.info/sct/900000000000207008/version/20241001"/>
    </parameter>
    <parameter>
      <name value="used-codesystem"/>
      <valueUri value="http://www.roadsafetyph.doh.gov.ph/CodeSystem|1"/>
    </parameter>
    <parameter>
      <name value="version"/>
      <valueUri value="http://www.roadsafetyph.doh.gov.ph/CodeSystem|1"/>
    </parameter>
    <parameter>
      <name value="displayLanguage"/>
      <valueCode value="en-US,en;q=0.9"/>
    </parameter>
    <parameter>
      <name value="warning-draft"/>
      <valueUri value="http://www.roadsafetyph.doh.gov.ph/ValueSet/SILPH-Outcome|1"/>
    </parameter>
    <parameter>
      <name value="warning-draft"/>
      <valueUri value="http://www.roadsafetyph.doh.gov.ph/CodeSystem|1"/>
    </parameter>
    <parameter>
      <name value="includeDesignations"/>
      <valueBoolean value="false"/>
    </parameter>
    <contains>
      <system value="http://snomed.info/sct"/>
      <version value="http://snomed.info/sct/900000000000207008/version/20241001"/>
      <code value="268910001"/>
      <display value="Patient's condition improved"/>
    </contains>
    <contains>
      <system value="http://www.roadsafetyph.doh.gov.ph/CodeSystem"/>
      <version value="1"/>
      <code value="UNIMPROVED"/>
      <display value="Unimproved"/>
    </contains>
    <contains>
      <system value="http://www.roadsafetyph.doh.gov.ph/CodeSystem"/>
      <version value="1"/>
      <code value="DIED"/>
      <display value="Died"/>
    </contains>
  </expansion>
</ValueSet>