{
  "resourceType" : "ValueSet",
  "id" : "ICD10NatureOfInjuryVS",
  "text" : {
    "status" : "generated",
    "div" : "<div xmlns=\"http://www.w3.org/1999/xhtml\"><p class=\"res-header-id\"><b>Generated Narrative: ValueSet ICD10NatureOfInjuryVS</b></p><a name=\"ICD10NatureOfInjuryVS\"> </a><a name=\"hcICD10NatureOfInjuryVS\"> </a><ul><li>Include all codes defined in <a href=\"http://terminology.hl7.org/6.5.0/CodeSystem-icd10.html\"><code>http://hl7.org/fhir/sid/icd-10</code></a> version <span title=\"Version is not explicity stated. No matching Code System found\">Not Stated (use latest from terminology server)</span></li></ul></div>"
  },
  "url" : "https://build.fhir.org/ig/UP-Manila-SILab/PH-RoadSafetyIG/ValueSet/ICD10NatureOfInjuryVS",
  "version" : "0.1.0",
  "name" : "ICD10NatureOfInjuryVS",
  "title" : "ICD-10 Nature of Injury (sample)",
  "status" : "draft",
  "date" : "2025-10-06T04:28:30+00:00",
  "publisher" : "UP Manila - National Institutes of Health - National Telehealth Center",
  "contact" : [{
    "name" : "UP Manila - National Institutes of Health - National Telehealth Center",
    "telecom" : [{
      "system" : "url",
      "value" : "https://github.com/UPM-NTHC/PH-RoadSafetyIG"
    }]
  },
  {
    "name" : "PH Road Safety IG Repository",
    "telecom" : [{
      "system" : "url",
      "value" : "https://github.com/UPM-NTHC/PH-RoadSafetyIG"
    }]
  }],
  "jurisdiction" : [{
    "coding" : [{
      "system" : "urn:iso:std:iso:3166",
      "code" : "PH",
      "display" : "Philippines"
    }]
  }],
  "compose" : {
    "include" : [{
      "system" : "http://hl7.org/fhir/sid/icd-10"
    }]
  }
}