<?xml version="1.0" encoding="UTF-8"?>

<ValueSet xmlns="http://hl7.org/fhir">
  <id value="SILPH-RR-BreathSoundsVS"/>
  <meta>
    <versionId value="4"/>
    <lastUpdated value="2025-10-27T06:00:17.205+00:00"/>
  </meta>
  <text>
    <status value="generated"/><div xmlns="http://www.w3.org/1999/xhtml"><h2>SILPH - RR - Breath Sounds (VS)</h2><tt>http://www.roadsafetyph.doh.gov.ph/ValueSet/SILPH-RR-BreathSounds</tt><p>SILPH Value Set for Breath Sounds</p></div>
  </text>
  <url value="http://www.roadsafetyph.doh.gov.ph/ValueSet/SILPH-RR-BreathSounds"/>
  <version value="0.2.0"/>
  <name value="SILPH___RR___Breath_Sounds__VS_"/>
  <title value="SILPH - RR - Breath Sounds (VS)"/>
  <status value="draft"/>
  <date value="2025-10-28T15:55:35+00:00"/>
  <publisher value="UP Manila - National Institutes of Health - National Telehealth Center"/>
  <contact>
    <name value="UP Manila - National Institutes of Health - National Telehealth Center"/>
    <telecom>
      <system value="url"/>
      <value value="https://github.com/UPM-NTHC/PH-RoadSafetyIG"/>
    </telecom>
  </contact>
  <contact>
    <name value="PH Road Safety IG Repository"/>
    <telecom>
      <system value="url"/>
      <value value="https://github.com/UPM-NTHC/PH-RoadSafetyIG"/>
    </telecom>
  </contact>
  <description value="SILPH Value Set for Breath Sounds"/>
  <jurisdiction>
    <coding>
      <system value="urn:iso:std:iso:3166"/>
      <code value="PH"/>
      <display value="Philippines"/>
    </coding>
  </jurisdiction>
  <compose>
    <include>
      <system value="http://snomed.info/sct"/>
      <version value="http://snomed.info/sct/900000000000207008/version/20241001"/>
      <concept>
        <code value="301708006"/>
        <display value="Clear"/>
      </concept>
      <concept>
        <code value="56018004"/>
        <display value="Wheeze"/>
      </concept>
    </include>
  </compose>
  <expansion>
    <identifier value="urn:uuid:a2637bd8-5b88-4c45-8522-47d912db6378"/>
    <timestamp value="2025-10-27T06:00:35+00:00"/>
    <total value="2"/>
    <parameter>
      <name value="used-codesystem"/>
      <valueUri value="http://snomed.info/sct|http://snomed.info/sct/900000000000207008/version/20241001"/>
    </parameter>
    <parameter>
      <name value="version"/>
      <valueUri value="http://snomed.info/sct|http://snomed.info/sct/900000000000207008/version/20241001"/>
    </parameter>
    <parameter>
      <name value="displayLanguage"/>
      <valueCode value="en-US,en;q=0.9"/>
    </parameter>
    <parameter>
      <name value="warning-draft"/>
      <valueUri value="http://www.roadsafetyph.doh.gov.ph/ValueSet/SILPH-RR-BreathSounds|1"/>
    </parameter>
    <parameter>
      <name value="includeDesignations"/>
      <valueBoolean value="false"/>
    </parameter>
    <contains>
      <system value="http://snomed.info/sct"/>
      <code value="301708006"/>
      <display value="Chest clear"/>
    </contains>
    <contains>
      <system value="http://snomed.info/sct"/>
      <code value="56018004"/>
      <display value="Wheezing"/>
    </contains>
  </expansion>
</ValueSet>