{
  "codeSystems" : [
    {
      "url" : "https://build.fhir.org/ig/UPM-NTHC/PH-RoadSafetyIG/ValueSet/activity-vs",
      "version" : "0.1.0",
      "status" : "draft",
      "name" : "ActivityVS",
      "title" : "Activity ValueSet (example)",
      "description" : "Example ValueSet for Activity at time of incident",
      "systems" : [
        "https://build.fhir.org/ig/UPM-NTHC/PH-RoadSafetyIG/CodeSystem/activity-cs"
      ]
    },
    {
      "url" : "https://build.fhir.org/ig/UPM-NTHC/PH-RoadSafetyIG/ValueSet/age-units-vs",
      "version" : "0.1.0",
      "status" : "active",
      "name" : "AgeUnitsVS",
      "title" : "Age Units ValueSet",
      "description" : "Allowed units for Patient Age when Date of Birth is not available.",
      "systems" : ["http://unitsofmeasure.org"]
    },
    {
      "url" : "https://build.fhir.org/ig/UPM-NTHC/PH-RoadSafetyIG/ValueSet/cause-of-crash-file-type-vs",
      "version" : "0.1.0",
      "status" : "draft",
      "name" : "CauseOfCrashFileTypeVS",
      "title" : "Cause of Crash File Type ValueSet",
      "description" : "Allowed file types for documents describing the cause of a road crash.",
      "systems" : ["urn:ietf:bcp:13"]
    },
    {
      "url" : "https://build.fhir.org/ig/UPM-NTHC/PH-RoadSafetyIG/ValueSet/cause-of-crash-vs",
      "version" : "0.1.0",
      "status" : "draft",
      "name" : "CauseOfCrashVS",
      "title" : "Cause of Road Crash",
      "description" : "Defines codes representing the external causes of road traffic crashes",
      "systems" : [
        "https://build.fhir.org/ig/UPM-NTHC/PH-RoadSafetyIG/CodeSystem/cause-of-crash-cs"
      ]
    },
    {
      "url" : "https://build.fhir.org/ig/UPM-NTHC/PH-RoadSafetyIG/ValueSet/collision-type-vs",
      "version" : "0.1.0",
      "status" : "draft",
      "name" : "CollisionTypeVS",
      "title" : "Collision Type ValueSet (example)",
      "description" : "Types of collision in road traffic incidents",
      "systems" : [
        "https://build.fhir.org/ig/UPM-NTHC/PH-RoadSafetyIG/CodeSystem/collision-type-cs"
      ]
    },
    {
      "url" : "https://build.fhir.org/ig/UPM-NTHC/PH-RoadSafetyIG/ValueSet/coordination",
      "version" : "0.1.0",
      "status" : "active",
      "name" : "CoordinationVS",
      "title" : "Transport Coordination Codes",
      "description" : "Standard codes for documenting transport coordination.",
      "systems" : ["http://snomed.info/sct"]
    },
    {
      "url" : "https://build.fhir.org/ig/UPM-NTHC/PH-RoadSafetyIG/ValueSet/external-cause-vs",
      "version" : "0.1.0",
      "status" : "draft",
      "name" : "ExternalCauseVS",
      "title" : "External Cause ValueSet (example)",
      "description" : "Illustrative set of codes representing external causes of injury.",
      "systems" : [
        "https://build.fhir.org/ig/UPM-NTHC/PH-RoadSafetyIG/CodeSystem/external-cause-cs"
      ]
    },
    {
      "url" : "https://build.fhir.org/ig/UPM-NTHC/PH-RoadSafetyIG/ValueSet/first-aid",
      "version" : "0.1.0",
      "status" : "active",
      "name" : "FirstAidVS",
      "title" : "First Aid Codes",
      "description" : "Allowed values for first aid performed.",
      "systems" : ["http://snomed.info/sct"]
    },
    {
      "url" : "https://build.fhir.org/ig/UPM-NTHC/PH-RoadSafetyIG/ValueSet/injury-nature-vs",
      "version" : "0.1.0",
      "status" : "draft",
      "name" : "InjuryNatureVS",
      "title" : "Nature of Injury ValueSet (example)",
      "description" : "Demonstration ValueSet capturing the nature of injury.",
      "systems" : [
        "https://build.fhir.org/ig/UPM-NTHC/PH-RoadSafetyIG/CodeSystem/injury-nature-cs"
      ]
    },
    {
      "url" : "https://build.fhir.org/ig/UPM-NTHC/PH-RoadSafetyIG/ValueSet/intervention",
      "version" : "0.1.0",
      "status" : "active",
      "name" : "InterventionVS",
      "title" : "Medical Intervention Procedure Codes",
      "description" : "Procedure codes representing medical interventions.",
      "systems" : ["http://snomed.info/sct"]
    },
    {
      "url" : "https://build.fhir.org/ig/UPM-NTHC/PH-RoadSafetyIG/ValueSet/mode-of-transport-vs",
      "version" : "0.1.0",
      "status" : "draft",
      "name" : "ModeOfTransportVS",
      "title" : "Mode of Transport ValueSet (example)",
      "description" : "Sample ValueSet capturing transport modes.",
      "systems" : [
        "https://build.fhir.org/ig/UPM-NTHC/PH-RoadSafetyIG/CodeSystem/mode-of-transport-cs"
      ]
    },
    {
      "url" : "https://build.fhir.org/ig/UPM-NTHC/PH-RoadSafetyIG/ValueSet/outcome-vs",
      "version" : "0.1.0",
      "status" : "draft",
      "name" : "OutcomeVS",
      "title" : "Outcome ValueSet (example)",
      "description" : "Example ValueSet capturing possible outcomes.",
      "systems" : [
        "https://build.fhir.org/ig/UPM-NTHC/PH-RoadSafetyIG/CodeSystem/outcome-cs"
      ]
    },
    {
      "url" : "https://build.fhir.org/ig/UPM-NTHC/PH-RoadSafetyIG/ValueSet/party-at-fault-vs",
      "version" : "0.1.0",
      "status" : "draft",
      "name" : "PartyAtFaultVS",
      "title" : "Party at Fault",
      "description" : "ValueSet indicating the party at fault in an incident.",
      "systems" : [
        "https://build.fhir.org/ig/UPM-NTHC/PH-RoadSafetyIG/CodeSystem/party-at-fault-cs"
      ]
    },
    {
      "url" : "https://build.fhir.org/ig/UPM-NTHC/PH-RoadSafetyIG/ValueSet/place-occ-vs",
      "version" : "0.1.0",
      "status" : "draft",
      "name" : "PlaceOccVS",
      "title" : "Place of Occurrence ValueSet (example)",
      "description" : "Example ValueSet capturing places of occurrence.",
      "systems" : [
        "https://build.fhir.org/ig/UPM-NTHC/PH-RoadSafetyIG/CodeSystem/place-occ-cs"
      ]
    },
    {
      "url" : "https://build.fhir.org/ig/UPM-NTHC/PH-RoadSafetyIG/ValueSet/priority-vs",
      "version" : "0.1.0",
      "status" : "draft",
      "name" : "PriorityVS",
      "title" : "Triage Priority ValueSet (example)",
      "description" : "Example ValueSet capturing triage priorities.",
      "systems" : [
        "https://build.fhir.org/ig/UPM-NTHC/PH-RoadSafetyIG/CodeSystem/priority-cs"
      ]
    },
    {
      "url" : "https://build.fhir.org/ig/UPM-NTHC/PH-RoadSafetyIG/ValueSet/psychosocial-procedure",
      "version" : "0.1.0",
      "status" : "active",
      "name" : "PsychosocialProcedureVS",
      "title" : "Psychosocial Procedure Codes",
      "description" : "Codes representing psychosocial support interventions.",
      "systems" : ["http://snomed.info/sct"]
    },
    {
      "url" : "https://build.fhir.org/ig/UPM-NTHC/PH-RoadSafetyIG/ValueSet/report-form-received-vs",
      "version" : "0.1.0",
      "status" : "draft",
      "name" : "ReportFormReceivedVS",
      "title" : "Report Form Received",
      "description" : "ValueSet indicating whether a report form has been received.",
      "systems" : [
        "https://build.fhir.org/ig/UPM-NTHC/PH-RoadSafetyIG/CodeSystem/report-form-received-cs"
      ]
    },
    {
      "url" : "https://build.fhir.org/ig/UPM-NTHC/PH-RoadSafetyIG/ValueSet/road-network-file-type-vs",
      "version" : "0.1.0",
      "status" : "draft",
      "name" : "RoadNetworkFileTypeVS",
      "title" : "Road Network File Type",
      "description" : "Permitted file types for detailed road network shapefiles or GIS documents.",
      "systems" : [
        "https://build.fhir.org/ig/UPM-NTHC/PH-RoadSafetyIG/CodeSystem/road-network-file-type-cs"
      ]
    },
    {
      "url" : "https://build.fhir.org/ig/UPM-NTHC/PH-RoadSafetyIG/ValueSet/rs-hospital-category",
      "version" : "0.1.0",
      "status" : "active",
      "name" : "RSHospitalCategoryVS",
      "title" : "Hospital / EMS Category",
      "description" : "Categories for hospitals relevant to EMS referral.",
      "systems" : ["http://snomed.info/sct"]
    },
    {
      "url" : "https://build.fhir.org/ig/UPM-NTHC/PH-RoadSafetyIG/ValueSet/rs-procedure",
      "version" : "0.1.0",
      "status" : "active",
      "name" : "RSProcedureVS",
      "title" : "All Road Safety Procedure Codes",
      "description" : "Combines medical interventions, first aid, and psychosocial procedures.",
      "systems" : ["http://snomed.info/sct"]
    },
    {
      "url" : "https://build.fhir.org/ig/UPM-NTHC/PH-RoadSafetyIG/ValueSet/rs-task-status",
      "version" : "0.1.0",
      "status" : "draft",
      "name" : "RSTaskStatusVS",
      "title" : "Road Safety Task Status",
      "description" : "ValueSet for Task.status using custom Road Safety codes.",
      "systems" : [
        "https://build.fhir.org/ig/UPM-NTHC/PH-RoadSafetyIG/CodeSystem/rs-task-status-cs"
      ]
    },
    {
      "url" : "https://build.fhir.org/ig/UPM-NTHC/PH-RoadSafetyIG/ValueSet/vehicle-condition-vs",
      "version" : "0.1.0",
      "status" : "draft",
      "name" : "VehicleConditionVS",
      "title" : "Vehicle Condition",
      "description" : "ValueSet indicating the condition of a vehicle.",
      "systems" : [
        "https://build.fhir.org/ig/UPM-NTHC/PH-RoadSafetyIG/CodeSystem/vehicle-condition-cs"
      ]
    },
    {
      "url" : "https://build.fhir.org/ig/UPM-NTHC/PH-RoadSafetyIG/ValueSet/vs-rs-vehicle-type",
      "version" : "0.1.0",
      "status" : "draft",
      "name" : "VehicleTypeVS",
      "title" : "ValueSet for Vehicle Used",
      "description" : "Vehicle types allowed for Road Safety Encounter",
      "systems" : [
        "https://build.fhir.org/ig/UPM-NTHC/PH-RoadSafetyIG/CodeSystem/vehicle-types"
      ]
    }
  ]
}
