{
  "resourceType" : "ValueSet",
  "id" : "SILPH-ElementTerminologyVS",
  "meta" : {
    "versionId" : "4",
    "lastUpdated" : "2025-10-30T00:34:00.984+00:00"
  },
  "text" : {
    "status" : "generated",
    "div" : "<div xmlns=\"http://www.w3.org/1999/xhtml\"><p class=\"res-header-id\"><b>Generated Narrative: ValueSet SILPH-ElementTerminologyVS</b></p><a name=\"SILPH-ElementTerminologyVS\"> </a><a name=\"hcSILPH-ElementTerminologyVS\"> </a><div style=\"display: inline-block; background-color: #d9e0e7; padding: 6px; margin: 4px; border: 1px solid #8da1b4; border-radius: 5px; line-height: 60%\"><p style=\"margin-bottom: 0px\">version: 4; Last updated: 2025-10-30 00:34:00+0000</p></div><div style=\"border: black 1px dotted; background-color: #EEEEEE; padding: 8px; margin-bottom: 8px\"><p>Expansion based on:</p><ul><li>Loinc v2.78</li><li>SNOMED CT 999991001000101 edition 01-Jul 2024</li><li>codesystem SILPH Road Safety Local Codes version 0.2.0</li></ul></div><p>This value set contains 45 concepts</p><table class=\"codes\"><tr><td><b>System</b></td><td><b>Version</b></td><td style=\"white-space:nowrap\"><b>Code</b></td><td><b>Display</b></td></tr><tr><td><a name=\"SILPH-ElementTerminologyVS-http://www.roadsafetyph.doh.gov.ph/CodeSystem-INJURYFRONT\"> </a><code>http://www.roadsafetyph.doh.gov.ph/CodeSystem</code></td><td>0.2.0</td><td style=\"white-space:nowrap\">\u00a0\u00a0INJURYFRONT</td><td>Site of Injury/Pain - Front Part of Body</td></tr><tr><td><a name=\"SILPH-ElementTerminologyVS-http://www.roadsafetyph.doh.gov.ph/CodeSystem-INJURYBACK\"> </a><code>http://www.roadsafetyph.doh.gov.ph/CodeSystem</code></td><td>0.2.0</td><td style=\"white-space:nowrap\">\u00a0\u00a0INJURYBACK</td><td>Site of Injury/Pain - Back Part of Body</td></tr><tr><td><a name=\"SILPH-ElementTerminologyVS-http://www.roadsafetyph.doh.gov.ph/CodeSystem-RRFREMARKS\"> </a><code>http://www.roadsafetyph.doh.gov.ph/CodeSystem</code></td><td>0.2.0</td><td style=\"white-space:nowrap\">\u00a0\u00a0RRFREMARKS</td><td>Run Report Form Remarks</td></tr><tr><td><a name=\"SILPH-ElementTerminologyVS-http://www.roadsafetyph.doh.gov.ph/CodeSystem-MVA-COLLISION\"> </a><code>http://www.roadsafetyph.doh.gov.ph/CodeSystem</code></td><td>0.2.0</td><td style=\"white-space:nowrap\">\u00a0\u00a0MVA-COLLISION</td><td>FOR TRANSPORT/VEHICULAR ACCIDENT ONLY (Collision; Non-Collision)</td></tr><tr><td><a name=\"SILPH-ElementTerminologyVS-http://www.roadsafetyph.doh.gov.ph/CodeSystem-PATIENTVEHICLE\"> </a><code>http://www.roadsafetyph.doh.gov.ph/CodeSystem</code></td><td>0.2.0</td><td style=\"white-space:nowrap\">\u00a0\u00a0PATIENTVEHICLE</td><td>Vehicles Involved: Patient's Vehicle</td></tr><tr><td><a name=\"SILPH-ElementTerminologyVS-http://www.roadsafetyph.doh.gov.ph/CodeSystem-OTHERVEHICLE\"> </a><code>http://www.roadsafetyph.doh.gov.ph/CodeSystem</code></td><td>0.2.0</td><td style=\"white-space:nowrap\">\u00a0\u00a0OTHERVEHICLE</td><td>Other Vehicle/Object Involved (for COLLISION accident ONLY)</td></tr><tr><td><a name=\"SILPH-ElementTerminologyVS-http://www.roadsafetyph.doh.gov.ph/CodeSystem-PATIENTPOSITION\"> </a><code>http://www.roadsafetyph.doh.gov.ph/CodeSystem</code></td><td>0.2.0</td><td style=\"white-space:nowrap\">\u00a0\u00a0PATIENTPOSITION</td><td>Position of Patient</td></tr><tr><td><a name=\"SILPH-ElementTerminologyVS-http://www.roadsafetyph.doh.gov.ph/CodeSystem-PLACEOCCURRENCE\"> </a><code>http://www.roadsafetyph.doh.gov.ph/CodeSystem</code></td><td>0.2.0</td><td style=\"white-space:nowrap\">\u00a0\u00a0PLACEOCCURRENCE</td><td>Place of Occurrence</td></tr><tr><td><a name=\"SILPH-ElementTerminologyVS-http://www.roadsafetyph.doh.gov.ph/CodeSystem-COLLISIONTYPE\"> </a><code>http://www.roadsafetyph.doh.gov.ph/CodeSystem</code></td><td>0.2.0</td><td style=\"white-space:nowrap\">\u00a0\u00a0COLLISIONTYPE</td><td>Collision Type</td></tr><tr><td><a name=\"SILPH-ElementTerminologyVS-http://www.roadsafetyph.doh.gov.ph/CodeSystem-COORDINATIONDONE\"> </a><code>http://www.roadsafetyph.doh.gov.ph/CodeSystem</code></td><td>0.2.0</td><td style=\"white-space:nowrap\">\u00a0\u00a0COORDINATIONDONE</td><td>Was Transport Coordinated with Receiving Hospital?</td></tr><tr><td><a name=\"SILPH-ElementTerminologyVS-http://snomed.info/sct-609328004\"> </a><code>http://snomed.info/sct</code></td><td>http://snomed.info/sct/999991001000101/version/20240701</td><td style=\"white-space:nowrap\">\u00a0\u00a0<a href=\"http://snomed.info/id/609328004\">609328004</a></td><td>Allergic disposition (finding)</td></tr><tr><td><a name=\"SILPH-ElementTerminologyVS-http://snomed.info/sct-386725007\"> </a><code>http://snomed.info/sct</code></td><td>http://snomed.info/sct/999991001000101/version/20240701</td><td style=\"white-space:nowrap\">\u00a0\u00a0<a href=\"http://snomed.info/id/386725007\">386725007</a></td><td>Body temperature (observable entity)</td></tr><tr><td><a name=\"SILPH-ElementTerminologyVS-http://snomed.info/sct-6942003\"> </a><code>http://snomed.info/sct</code></td><td>http://snomed.info/sct/999991001000101/version/20240701</td><td style=\"white-space:nowrap\">\u00a0\u00a0<a href=\"http://snomed.info/id/6942003\">6942003</a></td><td>Level of consciousness (observable entity)</td></tr><tr><td><a name=\"SILPH-ElementTerminologyVS-http://snomed.info/sct-3415004\"> </a><code>http://snomed.info/sct</code></td><td>http://snomed.info/sct/999991001000101/version/20240701</td><td style=\"white-space:nowrap\">\u00a0\u00a0<a href=\"http://snomed.info/id/3415004\">3415004</a></td><td>Cyanosis (finding)</td></tr><tr><td><a name=\"SILPH-ElementTerminologyVS-http://snomed.info/sct-55607006\"> </a><code>http://snomed.info/sct</code></td><td>http://snomed.info/sct/999991001000101/version/20240701</td><td style=\"white-space:nowrap\">\u00a0\u00a0<a href=\"http://snomed.info/id/55607006\">55607006</a></td><td>Problem (finding)</td></tr><tr><td><a name=\"SILPH-ElementTerminologyVS-http://snomed.info/sct-116154003\"> </a><code>http://snomed.info/sct</code></td><td>http://snomed.info/sct/999991001000101/version/20240701</td><td style=\"white-space:nowrap\">\u00a0\u00a0<a href=\"http://snomed.info/id/116154003\">116154003</a></td><td>Patient (person)</td></tr><tr><td><a name=\"SILPH-ElementTerminologyVS-http://snomed.info/sct-399963005\"> </a><code>http://snomed.info/sct</code></td><td>http://snomed.info/sct/999991001000101/version/20240701</td><td style=\"white-space:nowrap\">\u00a0\u00a0<a href=\"http://snomed.info/id/399963005\">399963005</a></td><td>Abrasion (disorder)</td></tr><tr><td><a name=\"SILPH-ElementTerminologyVS-http://snomed.info/sct-125666000\"> </a><code>http://snomed.info/sct</code></td><td>http://snomed.info/sct/999991001000101/version/20240701</td><td style=\"white-space:nowrap\">\u00a0\u00a0<a href=\"http://snomed.info/id/125666000\">125666000</a></td><td>Burn (disorder)</td></tr><tr><td><a name=\"SILPH-ElementTerminologyVS-http://snomed.info/sct-46541008\"> </a><code>http://snomed.info/sct</code></td><td>http://snomed.info/sct/999991001000101/version/20240701</td><td style=\"white-space:nowrap\">\u00a0\u00a0<a href=\"http://snomed.info/id/46541008\">46541008</a></td><td>Second degree burn injury (morphologic abnormality)</td></tr><tr><td><a name=\"SILPH-ElementTerminologyVS-http://snomed.info/sct-110030002\"> </a><code>http://snomed.info/sct</code></td><td>http://snomed.info/sct/999991001000101/version/20240701</td><td style=\"white-space:nowrap\">\u00a0\u00a0<a href=\"http://snomed.info/id/110030002\">110030002</a></td><td>Concussion injury of brain (disorder)</td></tr><tr><td><a name=\"SILPH-ElementTerminologyVS-http://snomed.info/sct-125667009\"> </a><code>http://snomed.info/sct</code></td><td>http://snomed.info/sct/999991001000101/version/20240701</td><td style=\"white-space:nowrap\">\u00a0\u00a0<a href=\"http://snomed.info/id/125667009\">125667009</a></td><td>Contusion (disorder)</td></tr><tr><td><a name=\"SILPH-ElementTerminologyVS-http://snomed.info/sct-125605004\"> </a><code>http://snomed.info/sct</code></td><td>http://snomed.info/sct/999991001000101/version/20240701</td><td style=\"white-space:nowrap\">\u00a0\u00a0<a href=\"http://snomed.info/id/125605004\">125605004</a></td><td>Fracture of bone (disorder)</td></tr><tr><td><a name=\"SILPH-ElementTerminologyVS-http://snomed.info/sct-423125000\"> </a><code>http://snomed.info/sct</code></td><td>http://snomed.info/sct/999991001000101/version/20240701</td><td style=\"white-space:nowrap\">\u00a0\u00a0<a href=\"http://snomed.info/id/423125000\">423125000</a></td><td>Closed fracture of bone (disorder)</td></tr><tr><td><a name=\"SILPH-ElementTerminologyVS-http://snomed.info/sct-125643001\"> </a><code>http://snomed.info/sct</code></td><td>http://snomed.info/sct/999991001000101/version/20240701</td><td style=\"white-space:nowrap\">\u00a0\u00a0<a href=\"http://snomed.info/id/125643001\">125643001</a></td><td>Open wound (disorder)</td></tr><tr><td><a name=\"SILPH-ElementTerminologyVS-http://snomed.info/sct-417163006\"> </a><code>http://snomed.info/sct</code></td><td>http://snomed.info/sct/999991001000101/version/20240701</td><td style=\"white-space:nowrap\">\u00a0\u00a0<a href=\"http://snomed.info/id/417163006\">417163006</a></td><td>Traumatic or non-traumatic injury (disorder)</td></tr><tr><td><a name=\"SILPH-ElementTerminologyVS-http://snomed.info/sct-242651001\"> </a><code>http://snomed.info/sct</code></td><td>http://snomed.info/sct/999991001000101/version/20240701</td><td style=\"white-space:nowrap\">\u00a0\u00a0<a href=\"http://snomed.info/id/242651001\">242651001</a></td><td>Injury caused by animal (disorder)</td></tr><tr><td><a name=\"SILPH-ElementTerminologyVS-http://snomed.info/sct-1912002\"> </a><code>http://snomed.info/sct</code></td><td>http://snomed.info/sct/999991001000101/version/20240701</td><td style=\"white-space:nowrap\">\u00a0\u00a0<a href=\"http://snomed.info/id/1912002\">1912002</a></td><td>Fall (event)</td></tr><tr><td><a name=\"SILPH-ElementTerminologyVS-http://snomed.info/sct-63409001\"> </a><code>http://snomed.info/sct</code></td><td>http://snomed.info/sct/999991001000101/version/20240701</td><td style=\"white-space:nowrap\">\u00a0\u00a0<a href=\"http://snomed.info/id/63409001\">63409001</a></td><td>Struck by firearm discharge (event)</td></tr><tr><td><a name=\"SILPH-ElementTerminologyVS-http://snomed.info/sct-52684005\"> </a><code>http://snomed.info/sct</code></td><td>http://snomed.info/sct/999991001000101/version/20240701</td><td style=\"white-space:nowrap\">\u00a0\u00a0<a href=\"http://snomed.info/id/52684005\">52684005</a></td><td>Assault (event)</td></tr><tr><td><a name=\"SILPH-ElementTerminologyVS-http://snomed.info/sct-248110007\"> </a><code>http://snomed.info/sct</code></td><td>http://snomed.info/sct/999991001000101/version/20240701</td><td style=\"white-space:nowrap\">\u00a0\u00a0<a href=\"http://snomed.info/id/248110007\">248110007</a></td><td>Sexual assault (event)</td></tr><tr><td><a name=\"SILPH-ElementTerminologyVS-http://snomed.info/sct-773760007\"> </a><code>http://snomed.info/sct</code></td><td>http://snomed.info/sct/999991001000101/version/20240701</td><td style=\"white-space:nowrap\">\u00a0\u00a0<a href=\"http://snomed.info/id/773760007\">773760007</a></td><td>Traumatic event (event)</td></tr><tr><td><a name=\"SILPH-ElementTerminologyVS-http://snomed.info/sct-260870009\"> </a><code>http://snomed.info/sct</code></td><td>http://snomed.info/sct/999991001000101/version/20240701</td><td style=\"white-space:nowrap\">\u00a0\u00a0<a href=\"http://snomed.info/id/260870009\">260870009</a></td><td>Priority (attribute)</td></tr><tr><td><a name=\"SILPH-ElementTerminologyVS-http://snomed.info/sct-364703007\"> </a><code>http://snomed.info/sct</code></td><td>http://snomed.info/sct/999991001000101/version/20240701</td><td style=\"white-space:nowrap\">\u00a0\u00a0<a href=\"http://snomed.info/id/364703007\">364703007</a></td><td>Employment detail (observable entity)</td></tr><tr><td><a name=\"SILPH-ElementTerminologyVS-http://snomed.info/sct-218247007\"> </a><code>http://snomed.info/sct</code></td><td>http://snomed.info/sct/999991001000101/version/20240701</td><td style=\"white-space:nowrap\">\u00a0\u00a0<a href=\"http://snomed.info/id/218247007\">218247007</a></td><td>Late effect of motor vehicle accident (disorder)</td></tr><tr><td><a name=\"SILPH-ElementTerminologyVS-http://loinc.org-30976-5\"> </a><code>http://loinc.org</code></td><td>2.78</td><td style=\"white-space:nowrap\">\u00a0\u00a0<a href=\"https://loinc.org/30976-5/\">30976-5</a></td><td>Date received Form</td></tr><tr><td><a name=\"SILPH-ElementTerminologyVS-http://loinc.org-69472-9\"> </a><code>http://loinc.org</code></td><td>2.78</td><td style=\"white-space:nowrap\">\u00a0\u00a0<a href=\"https://loinc.org/69472-9/\">69472-9</a></td><td>Unit responded [Date and time] Vehicle</td></tr><tr><td><a name=\"SILPH-ElementTerminologyVS-http://loinc.org-69475-2\"> </a><code>http://loinc.org</code></td><td>2.78</td><td style=\"white-space:nowrap\">\u00a0\u00a0<a href=\"https://loinc.org/69475-2/\">69475-2</a></td><td>Responding unit left the scene with a patient [Date and time] Vehicle</td></tr><tr><td><a name=\"SILPH-ElementTerminologyVS-http://loinc.org-11288-8\"> </a><code>http://loinc.org</code></td><td>2.78</td><td style=\"white-space:nowrap\">\u00a0\u00a0<a href=\"https://loinc.org/11288-8/\">11288-8</a></td><td>Arrival time documented</td></tr><tr><td><a name=\"SILPH-ElementTerminologyVS-http://loinc.org-90123-1\"> </a><code>http://loinc.org</code></td><td>2.78</td><td style=\"white-space:nowrap\">\u00a0\u00a0<a href=\"https://loinc.org/90123-1/\">90123-1</a></td><td>Response team leader name</td></tr><tr><td><a name=\"SILPH-ElementTerminologyVS-http://loinc.org-11375-3\"> </a><code>http://loinc.org</code></td><td>2.78</td><td style=\"white-space:nowrap\">\u00a0\u00a0<a href=\"https://loinc.org/11375-3/\">11375-3</a></td><td>Injury intent</td></tr><tr><td><a name=\"SILPH-ElementTerminologyVS-http://loinc.org-95376-0\"> </a><code>http://loinc.org</code></td><td>2.78</td><td style=\"white-space:nowrap\">\u00a0\u00a0<a href=\"https://loinc.org/95376-0/\">95376-0</a></td><td>Type of animal exposed to</td></tr><tr><td><a name=\"SILPH-ElementTerminologyVS-http://loinc.org-11372-0\"> </a><code>http://loinc.org</code></td><td>2.78</td><td style=\"white-space:nowrap\">\u00a0\u00a0<a href=\"https://loinc.org/11372-0/\">11372-0</a></td><td>Injury associated activity</td></tr><tr><td><a name=\"SILPH-ElementTerminologyVS-http://loinc.org-74199-1\"> </a><code>http://loinc.org</code></td><td>2.78</td><td style=\"white-space:nowrap\">\u00a0\u00a0<a href=\"https://loinc.org/74199-1/\">74199-1</a></td><td>Transferred from another acute care facility [NTDS]</td></tr><tr><td><a name=\"SILPH-ElementTerminologyVS-http://loinc.org-74286-6\"> </a><code>http://loinc.org</code></td><td>2.78</td><td style=\"white-space:nowrap\">\u00a0\u00a0<a href=\"https://loinc.org/74286-6/\">74286-6</a></td><td>Transport mode to hospital [NTDS]</td></tr><tr><td><a name=\"SILPH-ElementTerminologyVS-http://loinc.org-77999-1\"> </a><code>http://loinc.org</code></td><td>2.78</td><td style=\"white-space:nowrap\">\u00a0\u00a0<a href=\"https://loinc.org/77999-1/\">77999-1</a></td><td>Case notification comment</td></tr></table></div>"
  },
  "url" : "http://www.roadsafetyph.doh.gov.ph/ValueSet/SILPH-ElementTerminology",
  "version" : "0.3.0",
  "name" : "SILPH___Element_Terminology__VS_",
  "title" : "SILPH - Element Terminology (VS)",
  "status" : "draft",
  "date" : "2025-11-05T05:21:38+00:00",
  "publisher" : "UP Manila - National Institutes of Health - National Telehealth Center",
  "contact" : [{
    "name" : "UP Manila - National Institutes of Health - National Telehealth Center",
    "telecom" : [{
      "system" : "url",
      "value" : "https://github.com/UPM-NTHC/PH-RoadSafetyIG"
    }]
  },
  {
    "name" : "PH Road Safety IG Repository",
    "telecom" : [{
      "system" : "url",
      "value" : "https://github.com/UPM-NTHC/PH-RoadSafetyIG"
    }]
  }],
  "description" : "SILPH Value Set for Element Terminology",
  "jurisdiction" : [{
    "coding" : [{
      "system" : "urn:iso:std:iso:3166",
      "code" : "PH",
      "display" : "Philippines"
    }]
  }],
  "compose" : {
    "include" : [{
      "system" : "http://www.roadsafetyph.doh.gov.ph/CodeSystem",
      "concept" : [{
        "code" : "INJURYFRONT",
        "display" : "Site of Injury/Pain - Front Part of Body"
      },
      {
        "code" : "INJURYBACK",
        "display" : "Site of Injury/Pain - Back Part of Body"
      },
      {
        "code" : "RRFREMARKS",
        "display" : "Run Report Form Remarks"
      },
      {
        "code" : "MVA-COLLISION",
        "display" : "FOR TRANSPORT/VEHICULAR ACCIDENT ONLY (Collision; Non-Collision)"
      },
      {
        "code" : "PATIENTVEHICLE",
        "display" : "Vehicles Involved: Patient's Vehicle"
      },
      {
        "code" : "OTHERVEHICLE",
        "display" : "Other Vehicle/Object Involved (for COLLISION accident ONLY)"
      },
      {
        "code" : "PATIENTPOSITION",
        "display" : "Position of Patient"
      },
      {
        "code" : "PLACEOCCURRENCE",
        "display" : "Place of Occurrence"
      },
      {
        "code" : "ER_OUTPATIENT_OUTCOME",
        "display" : "ER/Outpatient Outcome"
      },
      {
        "code" : "INPATIENT_OUTCOME",
        "display" : "Inpatient Outcome"
      },
      {
        "code" : "COLLISIONTYPE",
        "display" : "Collision Type"
      },
      {
        "code" : "COORDINATIONDONE",
        "display" : "Was Transport Coordinated with Receiving Hospital?"
      }]
    },
    {
      "system" : "http://snomed.info/sct",
      "concept" : [{
        "code" : "405796007",
        "display" : "Time of call for help (observable entity)"
      },
      {
        "code" : "405798008",
        "display" : "Time of arrival of emergency services (observable entity)"
      },
      {
        "code" : "405799000",
        "display" : "Time of arrival at hospital (observable entity)"
      },
      {
        "code" : "1269489004",
        "display" : "Chief complaint (observable entity)"
      },
      {
        "code" : "398099009",
        "display" : "Street address (observable entity)"
      },
      {
        "code" : "397663001",
        "display" : "Referral source (finding)"
      },
      {
        "code" : "184096005",
        "display" : "Patient surname (observable entity)"
      },
      {
        "code" : "184095009",
        "display" : "Patient forename (observable entity)"
      },
      {
        "code" : "405622006",
        "display" : "Patient middle name (observable entity)"
      },
      {
        "code" : "397669002",
        "display" : "Age (qualifier value)"
      },
      {
        "code" : "184100006",
        "display" : "Patient sex (observable entity)"
      },
      {
        "code" : "734005006",
        "display" : "Telephone number (property) (qualifier value)"
      },
      {
        "code" : "417662000",
        "display" : "History of clinical finding in subject (situation)"
      },
      {
        "code" : "513881000000106",
        "display" : "Current medication as reported by patient (observable entity)"
      },
      {
        "code" : "609328004",
        "display" : "Allergic disposition (finding)"
      },
      {
        "code" : "86290005",
        "display" : "Respiratory rate (observable entity)"
      },
      {
        "code" : "248582003",
        "display" : "Rhythm of respiration (observable entity)"
      },
      {
        "code" : "52653008",
        "display" : "Respiratory sounds (observable entity)"
      },
      {
        "code" : "78564009",
        "display" : "Heart rate measured at systemic artery (observable entity)"
      },
      {
        "code" : "364095004",
        "display" : "Pulse rhythm (observable entity)"
      },
      {
        "code" : "366201008",
        "display" : "Finding of pulse volume (finding)"
      },
      {
        "code" : "271649006",
        "display" : "Systolic blood pressure (observable entity)"
      },
      {
        "code" : "271650006",
        "display" : "Diastolic blood pressure (observable entity)"
      },
      {
        "code" : "386725007",
        "display" : "Body temperature (observable entity)"
      },
      {
        "code" : "6942003",
        "display" : "Level of consciousness (observable entity)"
      },
      {
        "code" : "271733001",
        "display" : "Pupil reaction (observable entity)"
      },
      {
        "code" : "3415004",
        "display" : "Cyanosis (finding)"
      },
      {
        "code" : "281395000",
        "display" : "Glasgow Coma Score eye opening subscore (observable entity)"
      },
      {
        "code" : "281397008",
        "display" : "Glasgow Coma Scale verbal response subscore (observable entity)"
      },
      {
        "code" : "281396004",
        "display" : "Glasgow Coma Scale motor response subscore (observable entity)"
      },
      {
        "code" : "248241002",
        "display" : "Glasgow coma score (observable entity)"
      },
      {
        "code" : "55607006",
        "display" : "Problem (finding)"
      },
      {
        "code" : "119270007",
        "display" : "Management procedure (procedure)"
      },
      {
        "code" : "397897005",
        "display" : "Paramedic (occupation)"
      },
      {
        "code" : "159738005",
        "display" : "Ambulanceman (occupation)"
      },
      {
        "code" : "22515006",
        "display" : "Medical Assistant (occupation)"
      },
      {
        "code" : "36030000",
        "display" : "Transport vehicle, device (physical object)"
      },
      {
        "code" : "184107009",
        "display" : "Patient hospital number (observable entity)"
      },
      {
        "code" : "722248002",
        "display" : "Patient hospital visit number (observable entity)"
      },
      {
        "code" : "116154003",
        "display" : "Patient (person)"
      },
      {
        "code" : "184099003",
        "display" : "Date of birth (observable entity)"
      },
      {
        "code" : "439771001",
        "display" : "Date of event (observable entity)"
      },
      {
        "code" : "263501003",
        "display" : "Time of onset (observable entity)"
      },
      {
        "code" : "406543005",
        "display" : "Date of visit (observable entity)"
      },
      {
        "code" : "406544004",
        "display" : "Time of visit (observable entity)"
      },
      {
        "code" : "386308007",
        "display" : "First aid (procedure)"
      },
      {
        "code" : "262519004",
        "display" : "Multiple injuries (disorder)"
      },
      {
        "code" : "399963005",
        "display" : "Abrasion (disorder)"
      },
      {
        "code" : "284554003",
        "display" : "Avulsion - injury (disorder)"
      },
      {
        "code" : "125666000",
        "display" : "Burn (disorder)"
      },
      {
        "code" : "77140003",
        "display" : "First degree burn injury (morphologic abnormality)"
      },
      {
        "code" : "46541008",
        "display" : "Second degree burn injury (morphologic abnormality)"
      },
      {
        "code" : "80247002",
        "display" : "Third degree burn injury (morphologic abnormality)"
      },
      {
        "code" : "770400008",
        "display" : "Fourth degree burn injury (morphologic abnormality)"
      },
      {
        "code" : "110030002",
        "display" : "Concussion injury of brain (disorder)"
      },
      {
        "code" : "125667009",
        "display" : "Contusion (disorder)"
      },
      {
        "code" : "125605004",
        "display" : "Fracture of bone (disorder)"
      },
      {
        "code" : "423125000",
        "display" : "Closed fracture of bone (disorder)"
      },
      {
        "code" : "397181002",
        "display" : "Open fracture (disorder)"
      },
      {
        "code" : "125643001",
        "display" : "Open wound (disorder)"
      },
      {
        "code" : "262595009",
        "display" : "Traumatic amputation (disorder)"
      },
      {
        "code" : "417163006",
        "display" : "Traumatic or non-traumatic injury (disorder)"
      },
      {
        "code" : "242651001",
        "display" : "Injury caused by animal (disorder)"
      },
      {
        "code" : "242490006",
        "display" : "Burning due to contact with hot substance (event)"
      },
      {
        "code" : "133261000119105",
        "display" : "Exposure to potentially hazardous substance (event)"
      },
      {
        "code" : "69129000",
        "display" : "Struck by sharp object (event)"
      },
      {
        "code" : "40947009",
        "display" : "Drowning (event)"
      },
      {
        "code" : "276746005",
        "display" : "Environmental event (event)"
      },
      {
        "code" : "1912002",
        "display" : "Fall (event)"
      },
      {
        "code" : "218100007",
        "display" : "Accident caused by fireworks (event)"
      },
      {
        "code" : "63409001",
        "display" : "Struck by firearm discharge (event)"
      },
      {
        "code" : "212976008",
        "display" : "Asphyxia by strangulation (event)"
      },
      {
        "code" : "52684005",
        "display" : "Assault (event)"
      },
      {
        "code" : "248110007",
        "display" : "Sexual assault (event)"
      },
      {
        "code" : "418161006",
        "display" : "Vehicle accident (event)"
      },
      {
        "code" : "773760007",
        "display" : "Traumatic event (event)"
      },
      {
        "code" : "274215009",
        "display" : "Transport accident (event)"
      },
      {
        "code" : "80943009",
        "display" : "Risk factor (observable entity)"
      },
      {
        "code" : "386812007",
        "display" : "Safety precautions (procedure)"
      },
      {
        "code" : "307836003",
        "display" : "Referral by establishment (procedure)"
      },
      {
        "code" : "118223001",
        "display" : "Patient status finding (finding)"
      },
      {
        "code" : "106167005",
        "display" : "Consciousness related finding (finding)"
      },
      {
        "code" : "148006",
        "display" : "Preliminary diagnosis (contextual qualifier) (qualifier value)"
      },
      {
        "code" : "89100005",
        "display" : "Final diagnosis (discharge) (contextual qualifier) (qualifier value)"
      },
      {
        "code" : "159679004",
        "display" : "Traffic warden (occupation)"
      },
      {
        "code" : "273887006",
        "display" : "Triage index (assessment scale)"
      },
      {
        "code" : "260870009",
        "display" : "Priority (attribute)"
      },
      {
        "code" : "278443006",
        "display" : "Cause of accident type (qualifier value)"
      },
      {
        "code" : "364703007",
        "display" : "Employment detail (observable entity)"
      },
      {
        "code" : "373786007",
        "display" : "Reasons for treatment delay (finding)"
      },
      {
        "code" : "218247007",
        "display" : "Late effect of motor vehicle accident (disorder)"
      },
      {
        "code" : "408919008",
        "display" : "Psychosocial care (regime/therapy)"
      },
      {
        "code" : "360000005",
        "display" : "Closed circuit television (physical object)"
      },
      {
        "code" : "167009006",
        "display" : "Blood ethanol measurement (procedure)"
      }]
    },
    {
      "system" : "http://loinc.org",
      "concept" : [{
        "code" : "30976-5",
        "display" : "Date received Form"
      },
      {
        "code" : "69472-9",
        "display" : "Unit responded [Date and time] Vehicle"
      },
      {
        "code" : "69475-2",
        "display" : "Responding unit left the scene with a patient [Date and time] Vehicle"
      },
      {
        "code" : "11288-8",
        "display" : "Arrival time documented"
      },
      {
        "code" : "90123-1",
        "display" : "Response team leader name"
      },
      {
        "code" : "11375-3",
        "display" : "Injury intent"
      },
      {
        "code" : "95376-0",
        "display" : "Type of animal exposed to"
      },
      {
        "code" : "11372-0",
        "display" : "Injury associated activity"
      },
      {
        "code" : "74199-1",
        "display" : "Transferred from another acute care facility [NTDS]"
      },
      {
        "code" : "74286-6",
        "display" : "Transport mode to hospital [NTDS]"
      },
      {
        "code" : "77999-1",
        "display" : "Case notification comment"
      }]
    }]
  },
  "expansion" : {
    "identifier" : "urn:uuid:81c2a382-b060-45c2-a691-1753f17a10e4",
    "timestamp" : "2025-10-29T23:49:35+00:00",
    "total" : 45,
    "parameter" : [{
      "name" : "used-codesystem",
      "valueUri" : "http://www.roadsafetyph.doh.gov.ph/CodeSystem|0.2.0"
    },
    {
      "name" : "version",
      "valueUri" : "http://www.roadsafetyph.doh.gov.ph/CodeSystem|0.2.0"
    },
    {
      "name" : "used-codesystem",
      "valueUri" : "http://snomed.info/sct|http://snomed.info/sct/999991001000101/version/20240701"
    },
    {
      "name" : "version",
      "valueUri" : "http://snomed.info/sct|http://snomed.info/sct/999991001000101/version/20240701"
    },
    {
      "name" : "used-codesystem",
      "valueUri" : "http://loinc.org|2.78"
    },
    {
      "name" : "version",
      "valueUri" : "http://loinc.org|2.78"
    },
    {
      "name" : "warning-draft",
      "valueUri" : "http://www.roadsafetyph.doh.gov.ph/CodeSystem|0.2.0"
    },
    {
      "name" : "warning-draft",
      "valueUri" : "http://www.roadsafetyph.doh.gov.ph/ValueSet/SILPH-ElementTerminology|0.1.0"
    }],
    "contains" : [{
      "system" : "http://www.roadsafetyph.doh.gov.ph/CodeSystem",
      "version" : "0.2.0",
      "code" : "INJURYFRONT",
      "display" : "Site of Injury/Pain - Front Part of Body"
    },
    {
      "system" : "http://www.roadsafetyph.doh.gov.ph/CodeSystem",
      "version" : "0.2.0",
      "code" : "INJURYBACK",
      "display" : "Site of Injury/Pain - Back Part of Body"
    },
    {
      "system" : "http://www.roadsafetyph.doh.gov.ph/CodeSystem",
      "version" : "0.2.0",
      "code" : "RRFREMARKS",
      "display" : "Run Report Form Remarks"
    },
    {
      "system" : "http://www.roadsafetyph.doh.gov.ph/CodeSystem",
      "version" : "0.2.0",
      "code" : "MVA-COLLISION",
      "display" : "FOR TRANSPORT/VEHICULAR ACCIDENT ONLY (Collision; Non-Collision)"
    },
    {
      "system" : "http://www.roadsafetyph.doh.gov.ph/CodeSystem",
      "version" : "0.2.0",
      "code" : "PATIENTVEHICLE",
      "display" : "Vehicles Involved: Patient's Vehicle"
    },
    {
      "system" : "http://www.roadsafetyph.doh.gov.ph/CodeSystem",
      "version" : "0.2.0",
      "code" : "OTHERVEHICLE",
      "display" : "Other Vehicle/Object Involved (for COLLISION accident ONLY)"
    },
    {
      "system" : "http://www.roadsafetyph.doh.gov.ph/CodeSystem",
      "version" : "0.2.0",
      "code" : "PATIENTPOSITION",
      "display" : "Position of Patient"
    },
    {
      "system" : "http://www.roadsafetyph.doh.gov.ph/CodeSystem",
      "version" : "0.2.0",
      "code" : "PLACEOCCURRENCE",
      "display" : "Place of Occurrence"
    },
    {
      "system" : "http://www.roadsafetyph.doh.gov.ph/CodeSystem",
      "version" : "0.2.0",
      "code" : "COLLISIONTYPE",
      "display" : "Collision Type"
    },
    {
      "system" : "http://www.roadsafetyph.doh.gov.ph/CodeSystem",
      "version" : "0.2.0",
      "code" : "COORDINATIONDONE",
      "display" : "Was Transport Coordinated with Receiving Hospital?"
    },
    {
      "system" : "http://snomed.info/sct",
      "version" : "http://snomed.info/sct/999991001000101/version/20240701",
      "code" : "609328004",
      "display" : "Allergic disposition (finding)"
    },
    {
      "system" : "http://snomed.info/sct",
      "version" : "http://snomed.info/sct/999991001000101/version/20240701",
      "code" : "386725007",
      "display" : "Body temperature (observable entity)"
    },
    {
      "system" : "http://snomed.info/sct",
      "version" : "http://snomed.info/sct/999991001000101/version/20240701",
      "code" : "6942003",
      "display" : "Level of consciousness (observable entity)"
    },
    {
      "system" : "http://snomed.info/sct",
      "version" : "http://snomed.info/sct/999991001000101/version/20240701",
      "code" : "3415004",
      "display" : "Cyanosis (finding)"
    },
    {
      "system" : "http://snomed.info/sct",
      "version" : "http://snomed.info/sct/999991001000101/version/20240701",
      "code" : "55607006",
      "display" : "Problem (finding)"
    },
    {
      "system" : "http://snomed.info/sct",
      "version" : "http://snomed.info/sct/999991001000101/version/20240701",
      "code" : "116154003",
      "display" : "Patient (person)"
    },
    {
      "system" : "http://snomed.info/sct",
      "version" : "http://snomed.info/sct/999991001000101/version/20240701",
      "code" : "399963005",
      "display" : "Abrasion (disorder)"
    },
    {
      "system" : "http://snomed.info/sct",
      "version" : "http://snomed.info/sct/999991001000101/version/20240701",
      "code" : "125666000",
      "display" : "Burn (disorder)"
    },
    {
      "system" : "http://snomed.info/sct",
      "version" : "http://snomed.info/sct/999991001000101/version/20240701",
      "code" : "46541008",
      "display" : "Second degree burn injury (morphologic abnormality)"
    },
    {
      "system" : "http://snomed.info/sct",
      "version" : "http://snomed.info/sct/999991001000101/version/20240701",
      "code" : "110030002",
      "display" : "Concussion injury of brain (disorder)"
    },
    {
      "system" : "http://snomed.info/sct",
      "version" : "http://snomed.info/sct/999991001000101/version/20240701",
      "code" : "125667009",
      "display" : "Contusion (disorder)"
    },
    {
      "system" : "http://snomed.info/sct",
      "version" : "http://snomed.info/sct/999991001000101/version/20240701",
      "code" : "125605004",
      "display" : "Fracture of bone (disorder)"
    },
    {
      "system" : "http://snomed.info/sct",
      "version" : "http://snomed.info/sct/999991001000101/version/20240701",
      "code" : "423125000",
      "display" : "Closed fracture of bone (disorder)"
    },
    {
      "system" : "http://snomed.info/sct",
      "version" : "http://snomed.info/sct/999991001000101/version/20240701",
      "code" : "125643001",
      "display" : "Open wound (disorder)"
    },
    {
      "system" : "http://snomed.info/sct",
      "version" : "http://snomed.info/sct/999991001000101/version/20240701",
      "code" : "417163006",
      "display" : "Traumatic or non-traumatic injury (disorder)"
    },
    {
      "system" : "http://snomed.info/sct",
      "version" : "http://snomed.info/sct/999991001000101/version/20240701",
      "code" : "242651001",
      "display" : "Injury caused by animal (disorder)"
    },
    {
      "system" : "http://snomed.info/sct",
      "version" : "http://snomed.info/sct/999991001000101/version/20240701",
      "code" : "1912002",
      "display" : "Fall (event)"
    },
    {
      "system" : "http://snomed.info/sct",
      "version" : "http://snomed.info/sct/999991001000101/version/20240701",
      "code" : "63409001",
      "display" : "Struck by firearm discharge (event)"
    },
    {
      "system" : "http://snomed.info/sct",
      "version" : "http://snomed.info/sct/999991001000101/version/20240701",
      "code" : "52684005",
      "display" : "Assault (event)"
    },
    {
      "system" : "http://snomed.info/sct",
      "version" : "http://snomed.info/sct/999991001000101/version/20240701",
      "code" : "248110007",
      "display" : "Sexual assault (event)"
    },
    {
      "system" : "http://snomed.info/sct",
      "version" : "http://snomed.info/sct/999991001000101/version/20240701",
      "code" : "773760007",
      "display" : "Traumatic event (event)"
    },
    {
      "system" : "http://snomed.info/sct",
      "version" : "http://snomed.info/sct/999991001000101/version/20240701",
      "code" : "260870009",
      "display" : "Priority (attribute)"
    },
    {
      "system" : "http://snomed.info/sct",
      "version" : "http://snomed.info/sct/999991001000101/version/20240701",
      "code" : "364703007",
      "display" : "Employment detail (observable entity)"
    },
    {
      "system" : "http://snomed.info/sct",
      "version" : "http://snomed.info/sct/999991001000101/version/20240701",
      "code" : "218247007",
      "display" : "Late effect of motor vehicle accident (disorder)"
    },
    {
      "system" : "http://loinc.org",
      "version" : "2.78",
      "code" : "30976-5",
      "display" : "Date received Form"
    },
    {
      "system" : "http://loinc.org",
      "version" : "2.78",
      "code" : "69472-9",
      "display" : "Unit responded [Date and time] Vehicle"
    },
    {
      "system" : "http://loinc.org",
      "version" : "2.78",
      "code" : "69475-2",
      "display" : "Responding unit left the scene with a patient [Date and time] Vehicle"
    },
    {
      "system" : "http://loinc.org",
      "version" : "2.78",
      "code" : "11288-8",
      "display" : "Arrival time documented"
    },
    {
      "system" : "http://loinc.org",
      "version" : "2.78",
      "code" : "90123-1",
      "display" : "Response team leader name"
    },
    {
      "system" : "http://loinc.org",
      "version" : "2.78",
      "code" : "11375-3",
      "display" : "Injury intent"
    },
    {
      "system" : "http://loinc.org",
      "version" : "2.78",
      "code" : "95376-0",
      "display" : "Type of animal exposed to"
    },
    {
      "system" : "http://loinc.org",
      "version" : "2.78",
      "code" : "11372-0",
      "display" : "Injury associated activity"
    },
    {
      "system" : "http://loinc.org",
      "version" : "2.78",
      "code" : "74199-1",
      "display" : "Transferred from another acute care facility [NTDS]"
    },
    {
      "system" : "http://loinc.org",
      "version" : "2.78",
      "code" : "74286-6",
      "display" : "Transport mode to hospital [NTDS]"
    },
    {
      "system" : "http://loinc.org",
      "version" : "2.78",
      "code" : "77999-1",
      "display" : "Case notification comment"
    }]
  }
}