<?xml version="1.0" encoding="UTF-8"?>

<ValueSet xmlns="http://hl7.org/fhir">
  <id value="vs-pulse-rhythm"/>
  <text>
    <status value="generated"/><div xmlns="http://www.w3.org/1999/xhtml"><p class="res-header-id"><b>Generated Narrative: ValueSet vs-pulse-rhythm</b></p><a name="vs-pulse-rhythm"> </a><a name="hcvs-pulse-rhythm"> </a><ul><li>Include these codes as defined in <a href="http://www.snomed.org/"><code>http://snomed.info/sct</code></a><span title="Version is not explicity stated. No matching Code System found"> version Not Stated (use latest from terminology server)</span><table class="none"><tr><td style="white-space:nowrap"><b>Code</b></td><td><b>Display</b></td></tr><tr><td><a href="http://snomed.info/id/271636001">271636001</a></td><td>Pulse regular (finding)</td></tr><tr><td><a href="http://snomed.info/id/61086009">61086009</a></td><td>Pulse irregular (finding)</td></tr></table></li></ul></div>
  </text>
  <url value="https://build.fhir.org/ig/UPM-NTHC/PH-RoadSafetyIG/ValueSet/vs-pulse-rhythm"/>
  <version value="0.1.0"/>
  <name value="VSPulseRhythm"/>
  <title value="RS VS - Pulse Rhythm"/>
  <status value="draft"/>
  <date value="2025-10-15T18:32:50+00:00"/>
  <publisher value="UP Manila - National Institutes of Health - National Telehealth Center"/>
  <contact>
    <name value="UP Manila - National Institutes of Health - National Telehealth Center"/>
    <telecom>
      <system value="url"/>
      <value value="https://github.com/UPM-NTHC/PH-RoadSafetyIG"/>
    </telecom>
  </contact>
  <contact>
    <name value="PH Road Safety IG Repository"/>
    <telecom>
      <system value="url"/>
      <value value="https://github.com/UPM-NTHC/PH-RoadSafetyIG"/>
    </telecom>
  </contact>
  <description value="Pulse rhythm options (prefer SNOMED CT)."/>
  <jurisdiction>
    <coding>
      <system value="urn:iso:std:iso:3166"/>
      <code value="PH"/>
      <display value="Philippines"/>
    </coding>
  </jurisdiction>
  <compose>
    <include>
      <system value="http://snomed.info/sct"/>
      <concept>
        <code value="271636001"/>
        <display value="Pulse regular (finding)"/>
      </concept>
      <concept>
        <code value="61086009"/>
        <display value="Pulse irregular (finding)"/>
      </concept>
    </include>
  </compose>
</ValueSet>