{
  "resourceType" : "ValueSet",
  "id" : "a451137e-f7ff-4fb3-af03-e2bae290ea22",
  "meta" : {
    "versionId" : "1",
    "lastUpdated" : "2025-10-31T00:13:17.034+00:00"
  },
  "text" : {
    "status" : "generated",
    "div" : "<div xmlns=\"http://www.w3.org/1999/xhtml\"><p class=\"res-header-id\"><b>Generated Narrative: ValueSet a451137e-f7ff-4fb3-af03-e2bae290ea22</b></p><a name=\"a451137e-f7ff-4fb3-af03-e2bae290ea22\"> </a><a name=\"hca451137e-f7ff-4fb3-af03-e2bae290ea22\"> </a><div style=\"display: inline-block; background-color: #d9e0e7; padding: 6px; margin: 4px; border: 1px solid #8da1b4; border-radius: 5px; line-height: 60%\"><p style=\"margin-bottom: 0px\">version: 1; Last updated: 2025-10-31 00:13:17+0000</p></div><div style=\"border: black 1px dotted; background-color: #EEEEEE; padding: 8px; margin-bottom: 8px\"><p>Expansion based on:</p><ul><li>Loinc v2.78</li><li>SNOMED CT International edition 01-Oct 2024</li><li><a href=\"http://terminology.hl7.org/6.5.0/CodeSystem-v3-ParticipationType.html\">codesystem ParticipationType v5.0.0 (CodeSystem)</a></li></ul></div><p>This value set contains 5 concepts</p><table class=\"codes\"><tr><td><b>System</b></td><td><b>Version</b></td><td style=\"white-space:nowrap\"><b>Code</b></td><td><b>Display</b></td></tr><tr><td><a name=\"a451137e-f7ff-4fb3-af03-e2bae290ea22-http://loinc.org-90123-1\"> </a><code>http://loinc.org</code></td><td>2.78</td><td style=\"white-space:nowrap\">\u00a0\u00a0<a href=\"https://loinc.org/90123-1/\">90123-1</a></td><td>Response team leader name</td></tr><tr><td><a name=\"a451137e-f7ff-4fb3-af03-e2bae290ea22-http://snomed.info/sct-397897005\"> </a><code>http://snomed.info/sct</code></td><td>http://snomed.info/sct/900000000000207008/version/20241001</td><td style=\"white-space:nowrap\">\u00a0\u00a0<a href=\"http://snomed.info/sct/900000000000207008/id/397897005\">397897005</a></td><td>Paramedic (occupation)</td></tr><tr><td><a name=\"a451137e-f7ff-4fb3-af03-e2bae290ea22-http://snomed.info/sct-159738005\"> </a><code>http://snomed.info/sct</code></td><td>http://snomed.info/sct/900000000000207008/version/20241001</td><td style=\"white-space:nowrap\">\u00a0\u00a0<a href=\"http://snomed.info/sct/900000000000207008/id/159738005\">159738005</a></td><td>Ambulanceman (occupation)</td></tr><tr><td><a name=\"a451137e-f7ff-4fb3-af03-e2bae290ea22-http://snomed.info/sct-22515006\"> </a><code>http://snomed.info/sct</code></td><td>http://snomed.info/sct/900000000000207008/version/20241001</td><td style=\"white-space:nowrap\">\u00a0\u00a0<a href=\"http://snomed.info/sct/900000000000207008/id/22515006\">22515006</a></td><td>Medical assistant (occupation)</td></tr><tr><td><a name=\"a451137e-f7ff-4fb3-af03-e2bae290ea22-http://terminology.hl7.org/CodeSystem/v3-ParticipationType-RCV\"> </a><code>http://terminology.hl7.org/CodeSystem/v3-ParticipationType</code></td><td>5.0.0</td><td style=\"white-space:nowrap\">\u00a0\u00a0<a href=\"http://terminology.hl7.org/6.5.0/CodeSystem-v3-ParticipationType.html#v3-ParticipationType-RCV\">RCV</a></td><td>receiver</td></tr></table></div>"
  },
  "url" : "http://www.roadsafetyph.doh.gov.ph/ValueSet/SILPH-EncounterParticipantRole",
  "version" : "0.3.0",
  "name" : "SILPHEncounterParticipantRoleVS",
  "title" : "SILPH - Encounter Participant Role (VS)",
  "status" : "draft",
  "date" : "2025-11-13T06:07:07+00:00",
  "publisher" : "UP Manila - National Institutes of Health - National Telehealth Center",
  "contact" : [{
    "name" : "UP Manila - National Institutes of Health - National Telehealth Center",
    "telecom" : [{
      "system" : "url",
      "value" : "https://github.com/UPM-NTHC/PH-RoadSafetyIG"
    }]
  },
  {
    "name" : "PH Road Safety IG Repository",
    "telecom" : [{
      "system" : "url",
      "value" : "https://github.com/UPM-NTHC/PH-RoadSafetyIG"
    }]
  }],
  "description" : "SILPH Value Set for EMS encounter participant roles documented on the run report.",
  "jurisdiction" : [{
    "coding" : [{
      "system" : "urn:iso:std:iso:3166",
      "code" : "PH",
      "display" : "Philippines"
    }]
  }],
  "compose" : {
    "include" : [{
      "system" : "http://loinc.org",
      "concept" : [{
        "code" : "90123-1",
        "display" : "Response team leader name"
      }]
    },
    {
      "system" : "http://snomed.info/sct",
      "concept" : [{
        "code" : "397897005",
        "display" : "Paramedic (occupation)"
      },
      {
        "code" : "159738005",
        "display" : "Ambulanceman (occupation)"
      },
      {
        "code" : "22515006",
        "display" : "Medical assistant (occupation)"
      }]
    },
    {
      "system" : "http://terminology.hl7.org/CodeSystem/v3-ParticipationType",
      "concept" : [{
        "code" : "RCV",
        "display" : "receiver"
      }]
    }]
  },
  "expansion" : {
    "identifier" : "urn:uuid:2f7e8bec-1033-4f24-8391-38ea28d95d6c",
    "timestamp" : "2025-10-31T01:58:21+00:00",
    "total" : 5,
    "parameter" : [{
      "name" : "used-codesystem",
      "valueUri" : "http://snomed.info/sct|http://snomed.info/sct/900000000000207008/version/20241001"
    },
    {
      "name" : "version",
      "valueUri" : "http://snomed.info/sct|http://snomed.info/sct/900000000000207008/version/20241001"
    },
    {
      "name" : "used-codesystem",
      "valueUri" : "http://terminology.hl7.org/CodeSystem/v3-ParticipationType|5.0.0"
    },
    {
      "name" : "version",
      "valueUri" : "http://terminology.hl7.org/CodeSystem/v3-ParticipationType|5.0.0"
    },
    {
      "name" : "used-codesystem",
      "valueUri" : "http://loinc.org|2.78"
    },
    {
      "name" : "version",
      "valueUri" : "http://loinc.org|2.78"
    },
    {
      "name" : "warning-draft",
      "valueUri" : "http://www.roadsafetyph.doh.gov.ph/ValueSet/SILPH-EncounterParticipantRole|0.2.0"
    }],
    "contains" : [{
      "system" : "http://loinc.org",
      "version" : "2.78",
      "code" : "90123-1",
      "display" : "Response team leader name"
    },
    {
      "system" : "http://snomed.info/sct",
      "version" : "http://snomed.info/sct/900000000000207008/version/20241001",
      "code" : "397897005",
      "display" : "Paramedic (occupation)"
    },
    {
      "system" : "http://snomed.info/sct",
      "version" : "http://snomed.info/sct/900000000000207008/version/20241001",
      "code" : "159738005",
      "display" : "Ambulanceman (occupation)"
    },
    {
      "system" : "http://snomed.info/sct",
      "version" : "http://snomed.info/sct/900000000000207008/version/20241001",
      "code" : "22515006",
      "display" : "Medical assistant (occupation)"
    },
    {
      "system" : "http://terminology.hl7.org/CodeSystem/v3-ParticipationType",
      "version" : "5.0.0",
      "code" : "RCV",
      "display" : "receiver"
    }]
  }
}