{
  "resourceType" : "ValueSet",
  "id" : "vs-burn-degrees",
  "text" : {
    "status" : "generated",
    "div" : "<div xmlns=\"http://www.w3.org/1999/xhtml\"><p class=\"res-header-id\"><b>Generated Narrative: ValueSet vs-burn-degrees</b></p><a name=\"vs-burn-degrees\"> </a><a name=\"hcvs-burn-degrees\"> </a><ul><li>Include these codes as defined in <a href=\"http://www.snomed.org/\"><code>http://snomed.info/sct</code></a><span title=\"Version is not explicity stated. No matching Code System found\"> version Not Stated (use latest from terminology server)</span><table class=\"none\"><tr><td style=\"white-space:nowrap\"><b>Code</b></td><td><b>Display</b></td></tr><tr><td><a href=\"http://snomed.info/id/77140003\">77140003</a></td><td>First degree burn injury (morphologic abnormality)</td></tr><tr><td><a href=\"http://snomed.info/id/46541008\">46541008</a></td><td>Second degree burn injury (morphologic abnormality)</td></tr><tr><td><a href=\"http://snomed.info/id/80247002\">80247002</a></td><td>Third degree burn injury (morphologic abnormality)</td></tr><tr><td><a href=\"http://snomed.info/id/770400008\">770400008</a></td><td>Fourth degree burn injury (morphologic abnormality)</td></tr></table></li></ul></div>"
  },
  "url" : "https://build.fhir.org/ig/UPM-NTHC/PH-RoadSafetyIG/ValueSet/vs-burn-degrees",
  "version" : "0.1.0",
  "name" : "VSBurnDegrees",
  "title" : "RS VS - Burn Degrees",
  "status" : "draft",
  "date" : "2025-10-21T14:32:35+00:00",
  "publisher" : "UP Manila - National Institutes of Health - National Telehealth Center",
  "contact" : [{
    "name" : "UP Manila - National Institutes of Health - National Telehealth Center",
    "telecom" : [{
      "system" : "url",
      "value" : "https://github.com/UPM-NTHC/PH-RoadSafetyIG"
    }]
  },
  {
    "name" : "PH Road Safety IG Repository",
    "telecom" : [{
      "system" : "url",
      "value" : "https://github.com/UPM-NTHC/PH-RoadSafetyIG"
    }]
  }],
  "description" : "Burn degree/severity (1st, 2nd, 3rd, 4th) as mapped from ONEISS/CSV (SNOMED CT).",
  "jurisdiction" : [{
    "coding" : [{
      "system" : "urn:iso:std:iso:3166",
      "code" : "PH",
      "display" : "Philippines"
    }]
  }],
  "compose" : {
    "include" : [{
      "system" : "http://snomed.info/sct",
      "concept" : [{
        "code" : "77140003",
        "display" : "First degree burn injury (morphologic abnormality)"
      },
      {
        "code" : "46541008",
        "display" : "Second degree burn injury (morphologic abnormality)"
      },
      {
        "code" : "80247002",
        "display" : "Third degree burn injury (morphologic abnormality)"
      },
      {
        "code" : "770400008",
        "display" : "Fourth degree burn injury (morphologic abnormality)"
      }]
    }]
  }
}