{
  "resourceType" : "ValueSet",
  "id" : "SILPH-TransportAccidentCollisionorNoncollisionVS",
  "meta" : {
    "versionId" : "6",
    "lastUpdated" : "2025-10-30T00:34:07.958+00:00"
  },
  "text" : {
    "status" : "generated",
    "div" : "<div xmlns=\"http://www.w3.org/1999/xhtml\"><p class=\"res-header-id\"><b>Generated Narrative: ValueSet SILPH-TransportAccidentCollisionorNoncollisionVS</b></p><a name=\"SILPH-TransportAccidentCollisionorNoncollisionVS\"> </a><a name=\"hcSILPH-TransportAccidentCollisionorNoncollisionVS\"> </a><div style=\"display: inline-block; background-color: #d9e0e7; padding: 6px; margin: 4px; border: 1px solid #8da1b4; border-radius: 5px; line-height: 60%\"><p style=\"margin-bottom: 0px\">version: 6; Last updated: 2025-10-30 00:34:07+0000</p></div><div style=\"border: black 1px dotted; background-color: #EEEEEE; padding: 8px; margin-bottom: 8px\"><p>Expansion based on:</p><ul><li>Loinc v2.78</li><li>codesystem SILPH Road Safety Local Codes version 0.2.0</li></ul></div><p>This value set contains 2 concepts</p><table class=\"codes\"><tr><td><b>System</b></td><td><b>Version</b></td><td style=\"white-space:nowrap\"><b>Code</b></td><td><b>Display</b></td></tr><tr><td><a name=\"SILPH-TransportAccidentCollisionorNoncollisionVS-http://loinc.org-LA7319-2\"> </a><code>http://loinc.org</code></td><td>2.78</td><td style=\"white-space:nowrap\">\u00a0\u00a0<a href=\"https://loinc.org/LA7319-2/\">LA7319-2</a></td><td>Collision</td></tr><tr><td><a name=\"SILPH-TransportAccidentCollisionorNoncollisionVS-http://www.roadsafetyph.doh.gov.ph/CodeSystem-NONCOLLISION\"> </a><code>http://www.roadsafetyph.doh.gov.ph/CodeSystem</code></td><td>0.2.0</td><td style=\"white-space:nowrap\">\u00a0\u00a0NONCOLLISION</td><td>Non-Collision</td></tr></table></div>"
  },
  "url" : "http://www.roadsafetyph.doh.gov.ph/ValueSet/SILPH-TransportAccidentCollision",
  "version" : "0.3.0",
  "name" : "SILPH___Transport_Accident__Collision_or_Noncollision__VS_",
  "title" : "SILPH - Transport Accident: Collision or Noncollision (VS)",
  "status" : "draft",
  "date" : "2025-11-05T05:21:38+00:00",
  "publisher" : "UP Manila - National Institutes of Health - National Telehealth Center",
  "contact" : [{
    "name" : "UP Manila - National Institutes of Health - National Telehealth Center",
    "telecom" : [{
      "system" : "url",
      "value" : "https://github.com/UPM-NTHC/PH-RoadSafetyIG"
    }]
  },
  {
    "name" : "PH Road Safety IG Repository",
    "telecom" : [{
      "system" : "url",
      "value" : "https://github.com/UPM-NTHC/PH-RoadSafetyIG"
    }]
  }],
  "description" : "SILPH Value Set for Transport Accident if Collision or Noncollision",
  "jurisdiction" : [{
    "coding" : [{
      "system" : "urn:iso:std:iso:3166",
      "code" : "PH",
      "display" : "Philippines"
    }]
  }],
  "compose" : {
    "include" : [{
      "system" : "http://loinc.org",
      "concept" : [{
        "code" : "LA7319-2",
        "display" : "Collision"
      }]
    },
    {
      "system" : "http://www.roadsafetyph.doh.gov.ph/CodeSystem",
      "concept" : [{
        "code" : "NONCOLLISION",
        "display" : "Non-Collision"
      }]
    }]
  },
  "expansion" : {
    "identifier" : "urn:uuid:d22313cd-72f5-4387-aa6d-06dc1a5300d4",
    "timestamp" : "2025-10-29T23:49:36+00:00",
    "total" : 2,
    "parameter" : [{
      "name" : "used-codesystem",
      "valueUri" : "http://www.roadsafetyph.doh.gov.ph/CodeSystem|0.2.0"
    },
    {
      "name" : "version",
      "valueUri" : "http://www.roadsafetyph.doh.gov.ph/CodeSystem|0.2.0"
    },
    {
      "name" : "used-codesystem",
      "valueUri" : "http://loinc.org|2.78"
    },
    {
      "name" : "version",
      "valueUri" : "http://loinc.org|2.78"
    },
    {
      "name" : "warning-draft",
      "valueUri" : "http://www.roadsafetyph.doh.gov.ph/CodeSystem|0.2.0"
    },
    {
      "name" : "warning-draft",
      "valueUri" : "http://www.roadsafetyph.doh.gov.ph/ValueSet/SILPH-TransportAccidentCollision|0.1.2"
    }],
    "contains" : [{
      "system" : "http://loinc.org",
      "version" : "2.78",
      "code" : "LA7319-2",
      "display" : "Collision"
    },
    {
      "system" : "http://www.roadsafetyph.doh.gov.ph/CodeSystem",
      "version" : "0.2.0",
      "code" : "NONCOLLISION",
      "display" : "Non-Collision"
    }]
  }
}