<?xml version="1.0" encoding="UTF-8"?>

<ValueSet xmlns="http://hl7.org/fhir">
  <id value="DocumentFormatVS"/>
  <text>
    <status value="generated"/><div xmlns="http://www.w3.org/1999/xhtml"><p class="res-header-id"><b>Generated Narrative: ValueSet DocumentFormatVS</b></p><a name="DocumentFormatVS"> </a><a name="hcDocumentFormatVS"> </a><ul><li>Include all codes defined in <code>http://terminology.hl7.org/CodeSystem/v3-DocumentFormat</code> version <span title="Version is not explicity stated. No matching Code System found">Not Stated (use latest from terminology server)</span></li></ul></div>
  </text>
  <url value="https://build.fhir.org/ig/UPM-NTHC/PH-RoadSafetyIG/ValueSet/DocumentFormatVS"/>
  <version value="0.1.0"/>
  <name value="DocumentFormatVS"/>
  <title value="Document formats (sample)"/>
  <status value="draft"/>
  <date value="2025-10-08T02:57:10+00:00"/>
  <publisher value="UP Manila - National Institutes of Health - National Telehealth Center"/>
  <contact>
    <name value="UP Manila - National Institutes of Health - National Telehealth Center"/>
    <telecom>
      <system value="url"/>
      <value value="https://github.com/UPM-NTHC/PH-RoadSafetyIG"/>
    </telecom>
  </contact>
  <contact>
    <name value="PH Road Safety IG Repository"/>
    <telecom>
      <system value="url"/>
      <value value="https://github.com/UPM-NTHC/PH-RoadSafetyIG"/>
    </telecom>
  </contact>
  <jurisdiction>
    <coding>
      <system value="urn:iso:std:iso:3166"/>
      <code value="PH"/>
      <display value="Philippines"/>
    </coding>
  </jurisdiction>
  <compose>
    <include>
      <system value="http://terminology.hl7.org/CodeSystem/v3-DocumentFormat"/>
    </include>
  </compose>
</ValueSet>