{
  "resourceType" : "ValueSet",
  "id" : "RS-TriageCategory-VS",
  "text" : {
    "status" : "generated",
    "div" : "<div xmlns=\"http://www.w3.org/1999/xhtml\"><p class=\"res-header-id\"><b>Generated Narrative: ValueSet RS-TriageCategory-VS</b></p><a name=\"RS-TriageCategory-VS\"> </a><a name=\"hcRS-TriageCategory-VS\"> </a><ul><li>Include these codes as defined in <code>http://hl7.org/fhir/CodeSystem/PH-RoadSafety-TriageCategory</code> version <span title=\"Version is not explicity stated. No matching Code System found\">Not Stated (use latest from terminology server)</span><table class=\"none\"><tr><td style=\"white-space:nowrap\"><b>Code</b></td><td><b>Display</b></td></tr><tr><td>red</td><td>Red / Immediate</td></tr><tr><td>yellow</td><td>Yellow / Delayed</td></tr><tr><td>green</td><td>Green / Minimal</td></tr><tr><td>black</td><td>Black / Expectant</td></tr></table></li></ul></div>"
  },
  "url" : "http://hl7.org/fhir/ValueSet/PH-RoadSafety-TriageCategory",
  "version" : "0.1.0",
  "name" : "RSTriageCategoryVS",
  "title" : "RS Triage Category (Scene)",
  "status" : "draft",
  "date" : "2025-10-09T17:33:43+00:00",
  "publisher" : "UP Manila - National Institutes of Health - National Telehealth Center",
  "contact" : [{
    "name" : "UP Manila - National Institutes of Health - National Telehealth Center",
    "telecom" : [{
      "system" : "url",
      "value" : "https://github.com/UPM-NTHC/PH-RoadSafetyIG"
    }]
  },
  {
    "name" : "PH Road Safety IG Repository",
    "telecom" : [{
      "system" : "url",
      "value" : "https://github.com/UPM-NTHC/PH-RoadSafetyIG"
    }]
  }],
  "description" : "Triage category values. Temporary local codes pending final mapping to a standard vocabulary.",
  "jurisdiction" : [{
    "coding" : [{
      "system" : "urn:iso:std:iso:3166",
      "code" : "PH",
      "display" : "Philippines"
    }]
  }],
  "compose" : {
    "include" : [{
      "system" : "http://hl7.org/fhir/CodeSystem/PH-RoadSafety-TriageCategory",
      "concept" : [{
        "code" : "red",
        "display" : "Red / Immediate"
      },
      {
        "code" : "yellow",
        "display" : "Yellow / Delayed"
      },
      {
        "code" : "green",
        "display" : "Green / Minimal"
      },
      {
        "code" : "black",
        "display" : "Black / Expectant"
      }]
    }]
  }
}