{
  "resourceType" : "ValueSet",
  "id" : "TriageCategoryVS",
  "text" : {
    "status" : "generated",
    "div" : "<div xmlns=\"http://www.w3.org/1999/xhtml\"><p class=\"res-header-id\"><b>Generated Narrative: ValueSet TriageCategoryVS</b></p><a name=\"TriageCategoryVS\"> </a><a name=\"hcTriageCategoryVS\"> </a><ul><li>Include all codes defined in <code>http://example.org/fhir/CodeSystem/triage-category</code> version <span title=\"Version is not explicity stated. No matching Code System found\">Not Stated (use latest from terminology server)</span></li></ul></div>"
  },
  "url" : "https://build.fhir.org/ig/UP-Manila-SILab/PH-RoadSafetyIG/ValueSet/TriageCategoryVS",
  "version" : "0.1.0",
  "name" : "TriageCategoryVS",
  "title" : "Triage categories (sample)",
  "status" : "draft",
  "date" : "2025-10-06T14:14:26+00:00",
  "publisher" : "UP Manila - National Institutes of Health - National Telehealth Center",
  "contact" : [{
    "name" : "UP Manila - National Institutes of Health - National Telehealth Center",
    "telecom" : [{
      "system" : "url",
      "value" : "https://github.com/UPM-NTHC/PH-RoadSafetyIG"
    }]
  },
  {
    "name" : "PH Road Safety IG Repository",
    "telecom" : [{
      "system" : "url",
      "value" : "https://github.com/UPM-NTHC/PH-RoadSafetyIG"
    }]
  }],
  "jurisdiction" : [{
    "coding" : [{
      "system" : "urn:iso:std:iso:3166",
      "code" : "PH",
      "display" : "Philippines"
    }]
  }],
  "compose" : {
    "include" : [{
      "system" : "http://example.org/fhir/CodeSystem/triage-category"
    }]
  }
}