{
  "resourceType" : "ValueSet",
  "id" : "SILPH-GCSVerbalVS",
  "meta" : {
    "versionId" : "1",
    "lastUpdated" : "2025-10-27T11:14:11.690+00:00"
  },
  "text" : {
    "status" : "generated",
    "div" : "<div xmlns=\"http://www.w3.org/1999/xhtml\"><h2>SILPH - GCS - Verbal (VS)</h2><tt>http://www.roadsafetyph.doh.gov.ph/ValueSet/SILPH-GCS-Verbal</tt><p>SILPH Value Set for GCS Verbal Score</p></div>"
  },
  "url" : "http://www.roadsafetyph.doh.gov.ph/ValueSet/SILPH-GCS-Verbal",
  "version" : "0.2.0",
  "name" : "SILPH___GCS___Verbal__VS_",
  "title" : "SILPH - GCS - Verbal (VS)",
  "status" : "draft",
  "date" : "2025-10-28T15:40:43+00:00",
  "publisher" : "UP Manila - National Institutes of Health - National Telehealth Center",
  "contact" : [{
    "name" : "UP Manila - National Institutes of Health - National Telehealth Center",
    "telecom" : [{
      "system" : "url",
      "value" : "https://github.com/UPM-NTHC/PH-RoadSafetyIG"
    }]
  },
  {
    "name" : "PH Road Safety IG Repository",
    "telecom" : [{
      "system" : "url",
      "value" : "https://github.com/UPM-NTHC/PH-RoadSafetyIG"
    }]
  }],
  "description" : "SILPH Value Set for GCS Verbal Score",
  "jurisdiction" : [{
    "coding" : [{
      "system" : "urn:iso:std:iso:3166",
      "code" : "PH",
      "display" : "Philippines"
    }]
  }],
  "compose" : {
    "include" : [{
      "system" : "http://loinc.org",
      "version" : "2.78",
      "concept" : [{
        "code" : "LA6561-0",
        "display" : "5 Oriented"
      },
      {
        "code" : "LA6560-2",
        "display" : "4 Confused"
      },
      {
        "code" : "LA6559-4",
        "display" : "3 Inappropriate words"
      },
      {
        "code" : "LA6558-6",
        "display" : "2 Incomprehensible words"
      },
      {
        "code" : "LA6557-8",
        "display" : "1 None"
      }]
    }]
  },
  "expansion" : {
    "identifier" : "urn:uuid:42fea67f-4d4a-41b0-a796-3ecbb4395389",
    "timestamp" : "2025-10-27T11:14:16+00:00",
    "total" : 5,
    "parameter" : [{
      "name" : "used-codesystem",
      "valueUri" : "http://loinc.org|2.78"
    },
    {
      "name" : "version",
      "valueUri" : "http://loinc.org|2.78"
    },
    {
      "name" : "displayLanguage",
      "valueCode" : "en-US,en;q=0.9"
    },
    {
      "name" : "warning-draft",
      "valueUri" : "http://www.roadsafetyph.doh.gov.ph/ValueSet/SILPH-GCS-Verbal|1"
    },
    {
      "name" : "includeDesignations",
      "valueBoolean" : false
    }],
    "contains" : [{
      "system" : "http://loinc.org",
      "code" : "LA6561-0",
      "display" : "Oriented"
    },
    {
      "system" : "http://loinc.org",
      "code" : "LA6560-2",
      "display" : "Confused"
    },
    {
      "system" : "http://loinc.org",
      "code" : "LA6559-4",
      "display" : "Inappropriate words"
    },
    {
      "system" : "http://loinc.org",
      "code" : "LA6558-6",
      "display" : "Incomprehensible sounds"
    },
    {
      "system" : "http://loinc.org",
      "code" : "LA6557-8",
      "display" : "No verbal response (>2 yrs); no vocal response (<=2 yrs)"
    }]
  }
}