<?xml version="1.0" encoding="UTF-8"?>

<ValueSet xmlns="http://hl7.org/fhir">
  <id value="MDS-AVPU-VS"/>
  <text>
    <status value="generated"/><div xmlns="http://www.w3.org/1999/xhtml"><p class="res-header-id"><b>Generated Narrative: ValueSet MDS-AVPU-VS</b></p><a name="MDS-AVPU-VS"> </a><a name="hcMDS-AVPU-VS"> </a><ul><li>Include these codes as defined in <a href="http://www.snomed.org/"><code>http://snomed.info/sct</code></a> version <span title="Version is not explicity stated. No matching Code System found">Not Stated (use latest from terminology server)</span><table class="none"><tr><td style="white-space:nowrap"><b>Code</b></td><td><b>Display</b></td></tr><tr><td><a href="http://snomed.info/id/248234008">248234008</a></td><td>Mentally alert (finding)</td></tr><tr><td><a href="http://snomed.info/id/300202002">300202002</a></td><td>Responds to voice (finding)</td></tr><tr><td><a href="http://snomed.info/id/450847001">450847001</a></td><td>Responds to pain (finding)</td></tr><tr><td><a href="http://snomed.info/id/422768004">422768004</a></td><td>Unresponsive (finding)</td></tr></table></li></ul></div>
  </text>
  <url value="http://hl7.org/fhir/ValueSet/PH-RoadSafety-AVPU"/>
  <version value="0.1.0"/>
  <name value="MDSAVPUVS"/>
  <title value="MDS AVPU Level of Consciousness"/>
  <status value="draft"/>
  <date value="2025-10-07T15:24:26+00:00"/>
  <publisher value="UP Manila - National Institutes of Health - National Telehealth Center"/>
  <contact>
    <name value="UP Manila - National Institutes of Health - National Telehealth Center"/>
    <telecom>
      <system value="url"/>
      <value value="https://github.com/UPM-NTHC/PH-RoadSafetyIG"/>
    </telecom>
  </contact>
  <contact>
    <name value="PH Road Safety IG Repository"/>
    <telecom>
      <system value="url"/>
      <value value="https://github.com/UPM-NTHC/PH-RoadSafetyIG"/>
    </telecom>
  </contact>
  <description value="AVPU scale coded in SNOMED CT."/>
  <jurisdiction>
    <coding>
      <system value="urn:iso:std:iso:3166"/>
      <code value="PH"/>
      <display value="Philippines"/>
    </coding>
  </jurisdiction>
  <compose>
    <include>
      <system value="http://snomed.info/sct"/>
      <concept>
        <code value="248234008"/>
        <display value="Mentally alert (finding)"/>
      </concept>
      <concept>
        <code value="300202002"/>
        <display value="Responds to voice (finding)"/>
      </concept>
      <concept>
        <code value="450847001"/>
        <display value="Responds to pain (finding)"/>
      </concept>
      <concept>
        <code value="422768004"/>
        <display value="Unresponsive (finding)"/>
      </concept>
    </include>
  </compose>
</ValueSet>