{
  "resourceType" : "ValueSet",
  "id" : "VS-cyanosis",
  "text" : {
    "status" : "generated",
    "div" : "<div xmlns=\"http://www.w3.org/1999/xhtml\"><p class=\"res-header-id\"><b>Generated Narrative: ValueSet VS-cyanosis</b></p><a name=\"VS-cyanosis\"> </a><a name=\"hcVS-cyanosis\"> </a><ul><li>Include these codes as defined in <a href=\"http://www.snomed.org/\"><code>http://snomed.info/sct</code></a><span title=\"Version is not explicity stated. No matching Code System found\"> version Not Stated (use latest from terminology server)</span><table class=\"none\"><tr><td style=\"white-space:nowrap\"><b>Code</b></td><td><b>Display</b></td></tr><tr><td><a href=\"http://snomed.info/id/260385009\">260385009</a></td><td>Negative (qualifier value)</td></tr><tr><td><a href=\"http://snomed.info/id/95837007\">95837007</a></td><td>Central cyanosis (disorder)</td></tr><tr><td><a href=\"http://snomed.info/id/95442007\">95442007</a></td><td>Peripheral cyanosis (finding)</td></tr></table></li></ul></div>"
  },
  "url" : "https://build.fhir.org/ig/UPM-NTHC/PH-RoadSafetyIG/ValueSet/VS-cyanosis",
  "version" : "0.1.0",
  "name" : "VSCyanosis",
  "title" : "RS VS - Cyanosis",
  "status" : "draft",
  "date" : "2025-10-15T08:26:35+00:00",
  "publisher" : "UP Manila - National Institutes of Health - National Telehealth Center",
  "contact" : [{
    "name" : "UP Manila - National Institutes of Health - National Telehealth Center",
    "telecom" : [{
      "system" : "url",
      "value" : "https://github.com/UPM-NTHC/PH-RoadSafetyIG"
    }]
  },
  {
    "name" : "PH Road Safety IG Repository",
    "telecom" : [{
      "system" : "url",
      "value" : "https://github.com/UPM-NTHC/PH-RoadSafetyIG"
    }]
  }],
  "description" : "Cyanosis assessment options (prefer SNOMED CT).",
  "jurisdiction" : [{
    "coding" : [{
      "system" : "urn:iso:std:iso:3166",
      "code" : "PH",
      "display" : "Philippines"
    }]
  }],
  "compose" : {
    "include" : [{
      "system" : "http://snomed.info/sct",
      "concept" : [{
        "code" : "260385009",
        "display" : "Negative (qualifier value)"
      },
      {
        "code" : "95837007",
        "display" : "Central cyanosis (disorder)"
      },
      {
        "code" : "95442007",
        "display" : "Peripheral cyanosis (finding)"
      }]
    }]
  }
}