<?xml version="1.0" encoding="UTF-8"?>

<ValueSet xmlns="http://hl7.org/fhir">
  <id value="MDS-InjuryType-VS"/>
  <text>
    <status value="generated"/><div xmlns="http://www.w3.org/1999/xhtml"><p class="res-header-id"><b>Generated Narrative: ValueSet MDS-InjuryType-VS</b></p><a name="MDS-InjuryType-VS"> </a><a name="hcMDS-InjuryType-VS"> </a><ul><li>Include these codes as defined in <a href="http://www.snomed.org/"><code>http://snomed.info/sct</code></a> version <span title="Version is not explicity stated. No matching Code System found">Not Stated (use latest from terminology server)</span><table class="none"><tr><td style="white-space:nowrap"><b>Code</b></td><td><b>Display</b></td></tr><tr><td><a href="http://snomed.info/id/399963005">399963005</a></td><td>Abrasion (disorder)</td></tr><tr><td><a href="http://snomed.info/id/284554003">284554003</a></td><td>Avulsion - injury (disorder)</td></tr><tr><td><a href="http://snomed.info/id/125666000">125666000</a></td><td>Burn (disorder)</td></tr><tr><td><a href="http://snomed.info/id/46541008">46541008</a></td><td>Second degree burn injury (morphologic abnormality)</td></tr><tr><td><a href="http://snomed.info/id/77140003">77140003</a></td><td>First degree burn injury (morphologic abnormality)</td></tr><tr><td><a href="http://snomed.info/id/80247002">80247002</a></td><td>Third degree burn injury (morphologic abnormality)</td></tr><tr><td><a href="http://snomed.info/id/770400008">770400008</a></td><td>Fourth degree burn injury (morphologic abnormality)</td></tr><tr><td><a href="http://snomed.info/id/110030002">110030002</a></td><td>Concussion injury of brain (disorder)</td></tr><tr><td><a href="http://snomed.info/id/125667009">125667009</a></td><td>Contusion (disorder)</td></tr><tr><td><a href="http://snomed.info/id/72704001">72704001</a></td><td>Fracture (morphologic abnormality)</td></tr><tr><td><a href="http://snomed.info/id/423125000">423125000</a></td><td>Closed fracture of bone (disorder)</td></tr><tr><td><a href="http://snomed.info/id/397181002">397181002</a></td><td>Open fracture (disorder)</td></tr><tr><td><a href="http://snomed.info/id/125643001">125643001</a></td><td>Open wound (disorder)</td></tr><tr><td><a href="http://snomed.info/id/262595009">262595009</a></td><td>Traumatic amputation (disorder)</td></tr></table></li></ul></div>
  </text>
  <url value="http://hl7.org/fhir/ValueSet/PH-RoadSafety-InjuryType"/>
  <version value="0.1.0"/>
  <name value="MDSInjuryTypeVS"/>
  <title value="MDS Injury Types"/>
  <status value="draft"/>
  <date value="2025-10-08T01:21:21+00:00"/>
  <publisher value="UP Manila - National Institutes of Health - National Telehealth Center"/>
  <contact>
    <name value="UP Manila - National Institutes of Health - National Telehealth Center"/>
    <telecom>
      <system value="url"/>
      <value value="https://github.com/UPM-NTHC/PH-RoadSafetyIG"/>
    </telecom>
  </contact>
  <contact>
    <name value="PH Road Safety IG Repository"/>
    <telecom>
      <system value="url"/>
      <value value="https://github.com/UPM-NTHC/PH-RoadSafetyIG"/>
    </telecom>
  </contact>
  <description value="Common injury morphology/types."/>
  <jurisdiction>
    <coding>
      <system value="urn:iso:std:iso:3166"/>
      <code value="PH"/>
      <display value="Philippines"/>
    </coding>
  </jurisdiction>
  <compose>
    <include>
      <system value="http://snomed.info/sct"/>
      <concept>
        <code value="399963005"/>
        <display value="Abrasion (disorder)"/>
      </concept>
      <concept>
        <code value="284554003"/>
        <display value="Avulsion - injury (disorder)"/>
      </concept>
      <concept>
        <code value="125666000"/>
        <display value="Burn (disorder)"/>
      </concept>
      <concept>
        <code value="46541008"/>
        <display value="Second degree burn injury (morphologic abnormality)"/>
      </concept>
      <concept>
        <code value="77140003"/>
        <display value="First degree burn injury (morphologic abnormality)"/>
      </concept>
      <concept>
        <code value="80247002"/>
        <display value="Third degree burn injury (morphologic abnormality)"/>
      </concept>
      <concept>
        <code value="770400008"/>
        <display value="Fourth degree burn injury (morphologic abnormality)"/>
      </concept>
      <concept>
        <code value="110030002"/>
        <display value="Concussion injury of brain (disorder)"/>
      </concept>
      <concept>
        <code value="125667009"/>
        <display value="Contusion (disorder)"/>
      </concept>
      <concept>
        <code value="72704001"/>
        <display value="Fracture (morphologic abnormality)"/>
      </concept>
      <concept>
        <code value="423125000"/>
        <display value="Closed fracture of bone (disorder)"/>
      </concept>
      <concept>
        <code value="397181002"/>
        <display value="Open fracture (disorder)"/>
      </concept>
      <concept>
        <code value="125643001"/>
        <display value="Open wound (disorder)"/>
      </concept>
      <concept>
        <code value="262595009"/>
        <display value="Traumatic amputation (disorder)"/>
      </concept>
    </include>
  </compose>
</ValueSet>