{
  "resourceType" : "ValueSet",
  "id" : "vs-pulse-quality",
  "text" : {
    "status" : "generated",
    "div" : "<div xmlns=\"http://www.w3.org/1999/xhtml\"><p class=\"res-header-id\"><b>Generated Narrative: ValueSet vs-pulse-quality</b></p><a name=\"vs-pulse-quality\"> </a><a name=\"hcvs-pulse-quality\"> </a><ul><li>Include these codes as defined in <a href=\"http://www.snomed.org/\"><code>http://snomed.info/sct</code></a><span title=\"Version is not explicity stated. No matching Code System found\"> version Not Stated (use latest from terminology server)</span><table class=\"none\"><tr><td style=\"white-space:nowrap\"><b>Code</b></td><td><b>Display</b></td></tr><tr><td><a href=\"http://snomed.info/id/12146004\">12146004</a></td><td>Normal pulse (finding)</td></tr><tr><td><a href=\"http://snomed.info/id/64661000\">64661000</a></td><td>Thready pulse (finding)</td></tr><tr><td><a href=\"http://snomed.info/id/271640005\">271640005</a></td><td>Bounding pulse (finding)</td></tr></table></li></ul></div>"
  },
  "url" : "https://build.fhir.org/ig/UPM-NTHC/PH-RoadSafetyIG/ValueSet/vs-pulse-quality",
  "version" : "0.1.0",
  "name" : "VSPulseQuality",
  "title" : "RS VS - Pulse Quality",
  "status" : "draft",
  "date" : "2025-10-15T12:05:31+00:00",
  "publisher" : "UP Manila - National Institutes of Health - National Telehealth Center",
  "contact" : [{
    "name" : "UP Manila - National Institutes of Health - National Telehealth Center",
    "telecom" : [{
      "system" : "url",
      "value" : "https://github.com/UPM-NTHC/PH-RoadSafetyIG"
    }]
  },
  {
    "name" : "PH Road Safety IG Repository",
    "telecom" : [{
      "system" : "url",
      "value" : "https://github.com/UPM-NTHC/PH-RoadSafetyIG"
    }]
  }],
  "description" : "Pulse quality options (prefer SNOMED CT).",
  "jurisdiction" : [{
    "coding" : [{
      "system" : "urn:iso:std:iso:3166",
      "code" : "PH",
      "display" : "Philippines"
    }]
  }],
  "compose" : {
    "include" : [{
      "system" : "http://snomed.info/sct",
      "concept" : [{
        "code" : "12146004",
        "display" : "Normal pulse (finding)"
      },
      {
        "code" : "64661000",
        "display" : "Thready pulse (finding)"
      },
      {
        "code" : "271640005",
        "display" : "Bounding pulse (finding)"
      }]
    }]
  }
}