{
  "resourceType" : "ValueSet",
  "id" : "MDS-StatusOnArrival-VS",
  "text" : {
    "status" : "generated",
    "div" : "<div xmlns=\"http://www.w3.org/1999/xhtml\"><p class=\"res-header-id\"><b>Generated Narrative: ValueSet MDS-StatusOnArrival-VS</b></p><a name=\"MDS-StatusOnArrival-VS\"> </a><a name=\"hcMDS-StatusOnArrival-VS\"> </a><ul><li>Include these codes as defined in <a href=\"http://www.snomed.org/\"><code>http://snomed.info/sct</code></a> version <span title=\"Version is not explicity stated. No matching Code System found\">Not Stated (use latest from terminology server)</span><table class=\"none\"><tr><td style=\"white-space:nowrap\"><b>Code</b></td><td><b>Display</b></td></tr><tr><td><a href=\"http://snomed.info/id/271591004\">271591004</a></td><td>Fully conscious (finding)</td></tr><tr><td><a href=\"http://snomed.info/id/418107008\">418107008</a></td><td>Unconscious (finding)</td></tr><tr><td><a href=\"http://snomed.info/id/63238001\">63238001</a></td><td>Dead on arrival at hospital (finding)</td></tr></table></li></ul></div>"
  },
  "url" : "http://hl7.org/fhir/ValueSet/PH-RoadSafety-StatusOnArrival",
  "version" : "0.1.0",
  "name" : "MDSStatusOnArrivalVS",
  "title" : "MDS Status on Arrival",
  "status" : "draft",
  "date" : "2025-10-06T14:14:26+00:00",
  "publisher" : "UP Manila - National Institutes of Health - National Telehealth Center",
  "contact" : [{
    "name" : "UP Manila - National Institutes of Health - National Telehealth Center",
    "telecom" : [{
      "system" : "url",
      "value" : "https://github.com/UPM-NTHC/PH-RoadSafetyIG"
    }]
  },
  {
    "name" : "PH Road Safety IG Repository",
    "telecom" : [{
      "system" : "url",
      "value" : "https://github.com/UPM-NTHC/PH-RoadSafetyIG"
    }]
  }],
  "description" : "Status upon reaching facility.",
  "jurisdiction" : [{
    "coding" : [{
      "system" : "urn:iso:std:iso:3166",
      "code" : "PH",
      "display" : "Philippines"
    }]
  }],
  "compose" : {
    "include" : [{
      "system" : "http://snomed.info/sct",
      "concept" : [{
        "code" : "271591004",
        "display" : "Fully conscious (finding)"
      },
      {
        "code" : "418107008",
        "display" : "Unconscious (finding)"
      },
      {
        "code" : "63238001",
        "display" : "Dead on arrival at hospital (finding)"
      }]
    }]
  }
}