<?xml version="1.0" encoding="UTF-8"?>

<ValueSet xmlns="http://hl7.org/fhir">
  <id value="RS-CollisionMode-VS"/>
  <text>
    <status value="generated"/><div xmlns="http://www.w3.org/1999/xhtml"><p class="res-header-id"><b>Generated Narrative: ValueSet RS-CollisionMode-VS</b></p><a name="RS-CollisionMode-VS"> </a><a name="hcRS-CollisionMode-VS"> </a><ul><li>Include these codes as defined in <code>http://hl7.org/fhir/CodeSystem/PH-RoadSafety-CollisionMode</code> version <span title="Version is not explicity stated. No matching Code System found">Not Stated (use latest from terminology server)</span><table class="none"><tr><td style="white-space:nowrap"><b>Code</b></td><td><b>Display</b></td></tr><tr><td>collision</td><td>Collision</td></tr><tr><td>non-collision</td><td>Non-collision</td></tr></table></li></ul></div>
  </text>
  <url value="http://hl7.org/fhir/ValueSet/PH-RoadSafety-CollisionMode"/>
  <version value="0.1.0"/>
  <name value="RSCollisionModeVS"/>
  <title value="RS Collision Mode"/>
  <status value="draft"/>
  <date value="2025-10-09T18:52:26+00:00"/>
  <publisher value="UP Manila - National Institutes of Health - National Telehealth Center"/>
  <contact>
    <name value="UP Manila - National Institutes of Health - National Telehealth Center"/>
    <telecom>
      <system value="url"/>
      <value value="https://github.com/UPM-NTHC/PH-RoadSafetyIG"/>
    </telecom>
  </contact>
  <contact>
    <name value="PH Road Safety IG Repository"/>
    <telecom>
      <system value="url"/>
      <value value="https://github.com/UPM-NTHC/PH-RoadSafetyIG"/>
    </telecom>
  </contact>
  <description value="Collision vs non-collision transport incident. Temporary local codes."/>
  <jurisdiction>
    <coding>
      <system value="urn:iso:std:iso:3166"/>
      <code value="PH"/>
      <display value="Philippines"/>
    </coding>
  </jurisdiction>
  <compose>
    <include>
      <system value="http://hl7.org/fhir/CodeSystem/PH-RoadSafety-CollisionMode"/>
      <concept>
        <code value="collision"/>
        <display value="Collision"/>
      </concept>
      <concept>
        <code value="non-collision"/>
        <display value="Non-collision"/>
      </concept>
    </include>
  </compose>
</ValueSet>