{
  "resourceType" : "ValueSet",
  "id" : "vs-psgc-barangay",
  "text" : {
    "status" : "generated",
    "div" : "<div xmlns=\"http://www.w3.org/1999/xhtml\"><p class=\"res-header-id\"><b>Generated Narrative: ValueSet vs-psgc-barangay</b></p><a name=\"vs-psgc-barangay\"> </a><a name=\"hcvs-psgc-barangay\"> </a><ul><li>Include all codes defined in <code>https://psa.gov.ph/classification/psgc</code><span title=\"Version is not explicity stated. No matching Code System found\"> version Not Stated (use latest from terminology server)</span></li></ul></div>"
  },
  "url" : "https://build.fhir.org/ig/UPM-NTHC/PH-RoadSafetyIG/ValueSet/vs-psgc-barangay",
  "version" : "0.2.0",
  "name" : "VSPSGCBarangay",
  "title" : "RS VS - PSGC Barangay",
  "status" : "draft",
  "date" : "2025-10-28T23:57:44+00:00",
  "publisher" : "UP Manila - National Institutes of Health - National Telehealth Center",
  "contact" : [{
    "name" : "UP Manila - National Institutes of Health - National Telehealth Center",
    "telecom" : [{
      "system" : "url",
      "value" : "https://github.com/UPM-NTHC/PH-RoadSafetyIG"
    }]
  },
  {
    "name" : "PH Road Safety IG Repository",
    "telecom" : [{
      "system" : "url",
      "value" : "https://github.com/UPM-NTHC/PH-RoadSafetyIG"
    }]
  }],
  "description" : "PSGC Barangay codes (managed externally).",
  "jurisdiction" : [{
    "coding" : [{
      "system" : "urn:iso:std:iso:3166",
      "code" : "PH",
      "display" : "Philippines"
    }]
  }],
  "compose" : {
    "include" : [{
      "system" : "https://psa.gov.ph/classification/psgc"
    }]
  }
}