{
  "resourceType" : "ValueSet",
  "id" : "SILPH-ActivityVS",
  "meta" : {
    "versionId" : "1",
    "lastUpdated" : "2025-10-27T09:56:46.574+00:00"
  },
  "text" : {
    "status" : "generated",
    "div" : "<div xmlns=\"http://www.w3.org/1999/xhtml\"><h2>SILPH - Activity (VS)</h2><tt>http://www.roadsafetyph.doh.gov.ph/ValueSet/SILPH-Activity</tt><p>SILPH Value Set for Patient Activity at the Time of Injury/Accident</p></div>"
  },
  "url" : "http://www.roadsafetyph.doh.gov.ph/ValueSet/SILPH-Activity",
  "version" : "0.2.0",
  "name" : "SILPH___Activity__VS_",
  "title" : "SILPH - Activity (VS)",
  "status" : "draft",
  "date" : "2025-10-29T03:19:57+00:00",
  "publisher" : "UP Manila - National Institutes of Health - National Telehealth Center",
  "contact" : [{
    "name" : "UP Manila - National Institutes of Health - National Telehealth Center",
    "telecom" : [{
      "system" : "url",
      "value" : "https://github.com/UPM-NTHC/PH-RoadSafetyIG"
    }]
  },
  {
    "name" : "PH Road Safety IG Repository",
    "telecom" : [{
      "system" : "url",
      "value" : "https://github.com/UPM-NTHC/PH-RoadSafetyIG"
    }]
  }],
  "description" : "SILPH Value Set for Patient Activity at the Time of Injury/Accident",
  "jurisdiction" : [{
    "coding" : [{
      "system" : "urn:iso:std:iso:3166",
      "code" : "PH",
      "display" : "Philippines"
    }]
  }],
  "compose" : {
    "include" : [{
      "system" : "http://snomed.info/sct",
      "version" : "http://snomed.info/sct/900000000000207008/version/20241001",
      "concept" : [{
        "code" : "443786003",
        "display" : "Sports"
      },
      {
        "code" : "17542004",
        "display" : "Work related"
      },
      {
        "code" : "74964007",
        "display" : "Others"
      },
      {
        "code" : "261665006",
        "display" : "Unknown"
      }]
    },
    {
      "system" : "http://www.roadsafetyph.doh.gov.ph/CodeSystem",
      "version" : "1",
      "concept" : [{
        "code" : "LEISURE",
        "display" : "Leisure"
      }]
    }]
  },
  "expansion" : {
    "identifier" : "urn:uuid:b2f7ed30-9db1-4137-97ec-bdc9a896e464",
    "timestamp" : "2025-10-27T09:56:50+00:00",
    "total" : 5,
    "parameter" : [{
      "name" : "used-codesystem",
      "valueUri" : "http://snomed.info/sct|http://snomed.info/sct/900000000000207008/version/20241001"
    },
    {
      "name" : "version",
      "valueUri" : "http://snomed.info/sct|http://snomed.info/sct/900000000000207008/version/20241001"
    },
    {
      "name" : "used-codesystem",
      "valueUri" : "http://www.roadsafetyph.doh.gov.ph/CodeSystem|1"
    },
    {
      "name" : "version",
      "valueUri" : "http://www.roadsafetyph.doh.gov.ph/CodeSystem|1"
    },
    {
      "name" : "displayLanguage",
      "valueCode" : "en-US,en;q=0.9"
    },
    {
      "name" : "warning-draft",
      "valueUri" : "http://www.roadsafetyph.doh.gov.ph/ValueSet/SILPH-Activity|1"
    },
    {
      "name" : "warning-draft",
      "valueUri" : "http://www.roadsafetyph.doh.gov.ph/CodeSystem|1"
    },
    {
      "name" : "includeDesignations",
      "valueBoolean" : false
    }],
    "contains" : [{
      "system" : "http://snomed.info/sct",
      "version" : "http://snomed.info/sct/900000000000207008/version/20241001",
      "code" : "443786003",
      "display" : "Injury while engaged in sports activity"
    },
    {
      "system" : "http://snomed.info/sct",
      "version" : "http://snomed.info/sct/900000000000207008/version/20241001",
      "code" : "17542004",
      "display" : "Accident while engaged in work-related activity"
    },
    {
      "system" : "http://snomed.info/sct",
      "version" : "http://snomed.info/sct/900000000000207008/version/20241001",
      "code" : "74964007",
      "display" : "Other"
    },
    {
      "system" : "http://snomed.info/sct",
      "version" : "http://snomed.info/sct/900000000000207008/version/20241001",
      "code" : "261665006",
      "display" : "Unknown"
    },
    {
      "system" : "http://www.roadsafetyph.doh.gov.ph/CodeSystem",
      "version" : "1",
      "code" : "LEISURE",
      "display" : "Leisure"
    }]
  }
}