{
  "resourceType" : "ValueSet",
  "id" : "RS-GCSEyes-VS",
  "text" : {
    "status" : "generated",
    "div" : "<div xmlns=\"http://www.w3.org/1999/xhtml\"><p class=\"res-header-id\"><b>Generated Narrative: ValueSet RS-GCSEyes-VS</b></p><a name=\"RS-GCSEyes-VS\"> </a><a name=\"hcRS-GCSEyes-VS\"> </a><ul><li>Include these codes as defined in <a href=\"http://loinc.org\"><code>http://loinc.org</code></a> version <span title=\"Version is not explicity stated. No matching Code System found\">Not Stated (use latest from terminology server)</span><table class=\"none\"><tr><td style=\"white-space:nowrap\"><b>Code</b></td><td><b>Display</b></td></tr><tr><td><a href=\"https://loinc.org/LA6556-0/\">LA6556-0</a></td><td>Eyes open spontaneously</td></tr><tr><td><a href=\"https://loinc.org/LA6555-2/\">LA6555-2</a></td><td>Eye opening to verbal command</td></tr><tr><td><a href=\"https://loinc.org/LA6554-5/\">LA6554-5</a></td><td>Eye opening to pain</td></tr><tr><td><a href=\"https://loinc.org/LA6553-7/\">LA6553-7</a></td><td>No eye opening</td></tr></table></li></ul></div>"
  },
  "url" : "http://hl7.org/fhir/ValueSet/PH-RoadSafety-GCSEyes",
  "version" : "0.1.0",
  "name" : "RSGCSEyesVS",
  "title" : "RS GCS Eyes",
  "status" : "draft",
  "date" : "2025-10-09T17:33:43+00:00",
  "publisher" : "UP Manila - National Institutes of Health - National Telehealth Center",
  "contact" : [{
    "name" : "UP Manila - National Institutes of Health - National Telehealth Center",
    "telecom" : [{
      "system" : "url",
      "value" : "https://github.com/UPM-NTHC/PH-RoadSafetyIG"
    }]
  },
  {
    "name" : "PH Road Safety IG Repository",
    "telecom" : [{
      "system" : "url",
      "value" : "https://github.com/UPM-NTHC/PH-RoadSafetyIG"
    }]
  }],
  "description" : "GCS Eye opening (LOINC answers).",
  "jurisdiction" : [{
    "coding" : [{
      "system" : "urn:iso:std:iso:3166",
      "code" : "PH",
      "display" : "Philippines"
    }]
  }],
  "compose" : {
    "include" : [{
      "system" : "http://loinc.org",
      "concept" : [{
        "code" : "LA6556-0",
        "display" : "Eyes open spontaneously"
      },
      {
        "code" : "LA6555-2",
        "display" : "Eye opening to verbal command"
      },
      {
        "code" : "LA6554-5",
        "display" : "Eye opening to pain"
      },
      {
        "code" : "LA6553-7",
        "display" : "No eye opening"
      }]
    }]
  }
}