{
  "resourceType" : "ValueSet",
  "id" : "SILPH-TypeofPatientVS",
  "meta" : {
    "versionId" : "5",
    "lastUpdated" : "2025-10-27T09:52:11.009+00:00"
  },
  "text" : {
    "status" : "generated",
    "div" : "<div xmlns=\"http://www.w3.org/1999/xhtml\"><h2>SILPH - Type of Patient (VS)</h2><tt>http://www.roadsafetyph.doh.gov.ph/ValueSet/SILPH-TypeofPatient</tt><p>SILPH Value Set for Type of Patient Encounter</p></div>"
  },
  "url" : "http://www.roadsafetyph.doh.gov.ph/ValueSet/SILPH-TypeofPatient",
  "version" : "0.2.0",
  "name" : "SILPH___Type_of_Patient__VS_",
  "title" : "SILPH - Type of Patient (VS)",
  "status" : "draft",
  "date" : "2025-10-29T00:11:30+00:00",
  "publisher" : "UP Manila - National Institutes of Health - National Telehealth Center",
  "contact" : [{
    "name" : "UP Manila - National Institutes of Health - National Telehealth Center",
    "telecom" : [{
      "system" : "url",
      "value" : "https://github.com/UPM-NTHC/PH-RoadSafetyIG"
    }]
  },
  {
    "name" : "PH Road Safety IG Repository",
    "telecom" : [{
      "system" : "url",
      "value" : "https://github.com/UPM-NTHC/PH-RoadSafetyIG"
    }]
  }],
  "description" : "SILPH Value Set for Type of Patient Encounter",
  "jurisdiction" : [{
    "coding" : [{
      "system" : "urn:iso:std:iso:3166",
      "code" : "PH",
      "display" : "Philippines"
    }]
  }],
  "compose" : {
    "include" : [{
      "system" : "http://loinc.org",
      "concept" : [{
        "code" : "LA10268-3",
        "display" : "ER"
      },
      {
        "code" : "LA21424-9",
        "display" : "OPD"
      },
      {
        "code" : "LA21427-2",
        "display" : "Inpatient"
      }]
    },
    {
      "system" : "http://www.roadsafetyph.doh.gov.ph/CodeSystem",
      "version" : "1",
      "concept" : [{
        "code" : "BHS",
        "display" : "BHS"
      },
      {
        "code" : "RHU",
        "display" : "RHU"
      }]
    }]
  },
  "expansion" : {
    "identifier" : "urn:uuid:895e21f5-f1cb-4a0e-b3c3-564fcd970299",
    "timestamp" : "2025-10-27T09:52:15+00:00",
    "total" : 5,
    "parameter" : [{
      "name" : "used-codesystem",
      "valueUri" : "http://www.roadsafetyph.doh.gov.ph/CodeSystem|1"
    },
    {
      "name" : "version",
      "valueUri" : "http://www.roadsafetyph.doh.gov.ph/CodeSystem|1"
    },
    {
      "name" : "used-codesystem",
      "valueUri" : "http://loinc.org|2.78"
    },
    {
      "name" : "version",
      "valueUri" : "http://loinc.org|2.78"
    },
    {
      "name" : "displayLanguage",
      "valueCode" : "en-US,en;q=0.9"
    },
    {
      "name" : "warning-draft",
      "valueUri" : "http://www.roadsafetyph.doh.gov.ph/ValueSet/SILPH-TypeofPatient|1"
    },
    {
      "name" : "warning-draft",
      "valueUri" : "http://www.roadsafetyph.doh.gov.ph/CodeSystem|1"
    },
    {
      "name" : "includeDesignations",
      "valueBoolean" : false
    }],
    "contains" : [{
      "system" : "http://loinc.org",
      "version" : "2.78",
      "code" : "LA10268-3",
      "display" : "Emergency Department"
    },
    {
      "system" : "http://loinc.org",
      "version" : "2.78",
      "code" : "LA21424-9",
      "display" : "Ambulatory Visit"
    },
    {
      "system" : "http://loinc.org",
      "version" : "2.78",
      "code" : "LA21427-2",
      "display" : "Inpatient hospital"
    },
    {
      "system" : "http://www.roadsafetyph.doh.gov.ph/CodeSystem",
      "version" : "1",
      "code" : "BHS",
      "display" : "BHS"
    },
    {
      "system" : "http://www.roadsafetyph.doh.gov.ph/CodeSystem",
      "version" : "1",
      "code" : "RHU",
      "display" : "RHU"
    }]
  }
}