<?xml version="1.0" encoding="UTF-8"?>

<ValueSet xmlns="http://hl7.org/fhir">
  <id value="SILPH-GeneralDispositionVS"/>
  <meta>
    <versionId value="1"/>
    <lastUpdated value="2025-10-27T10:19:37.329+00:00"/>
  </meta>
  <text>
    <status value="generated"/><div xmlns="http://www.w3.org/1999/xhtml"><h2>SILPH - General Disposition (VS)</h2><tt>http://www.roadsafetyph.doh.gov.ph/ValueSet/SILPH-GeneralDisposition</tt><p>SILPH Value Set for Inpatient and ER/Outpatient Visit Disposition</p></div>
  </text>
  <url value="http://www.roadsafetyph.doh.gov.ph/ValueSet/SILPH-GeneralDisposition"/>
  <version value="0.2.0"/>
  <name value="SILPH___General_Disposition__VS_"/>
  <title value="SILPH - General Disposition (VS)"/>
  <status value="draft"/>
  <date value="2025-10-28T15:55:35+00:00"/>
  <publisher value="UP Manila - National Institutes of Health - National Telehealth Center"/>
  <contact>
    <name value="UP Manila - National Institutes of Health - National Telehealth Center"/>
    <telecom>
      <system value="url"/>
      <value value="https://github.com/UPM-NTHC/PH-RoadSafetyIG"/>
    </telecom>
  </contact>
  <contact>
    <name value="PH Road Safety IG Repository"/>
    <telecom>
      <system value="url"/>
      <value value="https://github.com/UPM-NTHC/PH-RoadSafetyIG"/>
    </telecom>
  </contact>
  <description value="SILPH Value Set for Inpatient and ER/Outpatient Visit Disposition"/>
  <jurisdiction>
    <coding>
      <system value="urn:iso:std:iso:3166"/>
      <code value="PH"/>
      <display value="Philippines"/>
    </coding>
  </jurisdiction>
  <compose>
    <include>
      <system value="http://snomed.info/sct"/>
      <version value="http://snomed.info/sct/900000000000207008/version/20241001"/>
      <concept>
        <code value="371827001"/>
        <display value="Inpatient: Discharged"/>
      </concept>
      <concept>
        <code value="225928004"/>
        <display value="Inpatient: HAMA"/>
      </concept>
      <concept>
        <code value="34596002"/>
        <display value="Inpatient: Absconded"/>
      </concept>
      <concept>
        <code value="183960004"/>
        <display value="Inpatient: Refused Admission"/>
      </concept>
      <concept>
        <code value="371828006"/>
        <display value="Inpatient: Died"/>
      </concept>
      <concept>
        <code value="74964007"/>
        <display value="Inpatient: Others"/>
      </concept>
      <concept>
        <code value="19712007"/>
        <display value="Inpatient: Transferred to another facility/hospital"/>
      </concept>
      <concept>
        <code value="32485007"/>
        <display value="Outpatient/ER: Admitted"/>
      </concept>
      <concept>
        <code value="306689006"/>
        <display value="Outpatient/ER: Treated and Sent Home"/>
      </concept>
      <concept>
        <code value="225928004"/>
        <display value="Outpatient/ER: HAMA"/>
      </concept>
      <concept>
        <code value="34596002"/>
        <display value="Outpatient/ER: Absconded"/>
      </concept>
      <concept>
        <code value="19712007"/>
        <display value="Outpatient/ER: Transferred to another facility/hospital"/>
      </concept>
      <concept>
        <code value="183960004"/>
        <display value="Outpatient/ER: Refused Admission"/>
      </concept>
      <concept>
        <code value="18632008"/>
        <display value="Outpatient/ER: Died"/>
      </concept>
    </include>
  </compose>
  <expansion>
    <identifier value="urn:uuid:22da2e2e-ed76-4fba-a45d-52c5d7ae595a"/>
    <timestamp value="2025-10-27T10:19:42+00:00"/>
    <total value="10"/>
    <parameter>
      <name value="used-codesystem"/>
      <valueUri value="http://snomed.info/sct|http://snomed.info/sct/900000000000207008/version/20241001"/>
    </parameter>
    <parameter>
      <name value="version"/>
      <valueUri value="http://snomed.info/sct|http://snomed.info/sct/900000000000207008/version/20241001"/>
    </parameter>
    <parameter>
      <name value="displayLanguage"/>
      <valueCode value="en-US,en;q=0.9"/>
    </parameter>
    <parameter>
      <name value="warning-draft"/>
      <valueUri value="http://www.roadsafetyph.doh.gov.ph/ValueSet/SILPH-GeneralDisposition|1"/>
    </parameter>
    <parameter>
      <name value="includeDesignations"/>
      <valueBoolean value="false"/>
    </parameter>
    <contains>
      <system value="http://snomed.info/sct"/>
      <code value="371827001"/>
      <display value="Patient discharged alive"/>
    </contains>
    <contains>
      <system value="http://snomed.info/sct"/>
      <code value="225928004"/>
      <display value="Patient self-discharge against medical advice"/>
    </contains>
    <contains>
      <system value="http://snomed.info/sct"/>
      <code value="34596002"/>
      <display value="Patient discharge, elopement"/>
    </contains>
    <contains>
      <system value="http://snomed.info/sct"/>
      <code value="183960004"/>
      <display value="Patient refuses hospital admission"/>
    </contains>
    <contains>
      <system value="http://snomed.info/sct"/>
      <code value="371828006"/>
      <display value="Patient deceased during stay (discharge status = dead)"/>
    </contains>
    <contains>
      <system value="http://snomed.info/sct"/>
      <code value="74964007"/>
      <display value="Other"/>
    </contains>
    <contains>
      <system value="http://snomed.info/sct"/>
      <code value="19712007"/>
      <display value="Patient transfer, to another health care facility"/>
    </contains>
    <contains>
      <system value="http://snomed.info/sct"/>
      <code value="32485007"/>
      <display value="Hospital admission"/>
    </contains>
    <contains>
      <system value="http://snomed.info/sct"/>
      <code value="306689006"/>
      <display value="Discharge to home"/>
    </contains>
    <contains>
      <system value="http://snomed.info/sct"/>
      <code value="18632008"/>
      <display value="Patient status determination, deceased"/>
    </contains>
  </expansion>
</ValueSet>