{
  "resourceType" : "ValueSet",
  "id" : "SILPH-ModeofTransportVS",
  "meta" : {
    "versionId" : "2",
    "lastUpdated" : "2025-10-27T10:08:32.970+00:00"
  },
  "text" : {
    "status" : "generated",
    "div" : "<div xmlns=\"http://www.w3.org/1999/xhtml\"><h2>SILPH - Mode of Transport (VS)</h2><tt>http://www.roadsafetyph.doh.gov.ph/ValueSet/SILPH-ModeofTransport</tt><p>SILPH Value Set for Mode of Transport of Patient to Healthcare Facility</p></div>"
  },
  "url" : "http://www.roadsafetyph.doh.gov.ph/ValueSet/SILPH-ModeofTransport",
  "version" : "0.2.0",
  "name" : "SILPH___Mode_of_Transport__VS_",
  "title" : "SILPH - Mode of Transport (VS)",
  "status" : "draft",
  "date" : "2025-10-28T15:40:43+00:00",
  "publisher" : "UP Manila - National Institutes of Health - National Telehealth Center",
  "contact" : [{
    "name" : "UP Manila - National Institutes of Health - National Telehealth Center",
    "telecom" : [{
      "system" : "url",
      "value" : "https://github.com/UPM-NTHC/PH-RoadSafetyIG"
    }]
  },
  {
    "name" : "PH Road Safety IG Repository",
    "telecom" : [{
      "system" : "url",
      "value" : "https://github.com/UPM-NTHC/PH-RoadSafetyIG"
    }]
  }],
  "description" : "SILPH Value Set for Mode of Transport of Patient to Healthcare Facility",
  "jurisdiction" : [{
    "coding" : [{
      "system" : "urn:iso:std:iso:3166",
      "code" : "PH",
      "display" : "Philippines"
    }]
  }],
  "compose" : {
    "include" : [{
      "system" : "http://snomed.info/sct",
      "version" : "http://snomed.info/sct/900000000000207008/version/20241001",
      "concept" : [{
        "code" : "49122002",
        "display" : "Ambulance"
      },
      {
        "code" : "74964007",
        "display" : "Others"
      }]
    },
    {
      "system" : "http://loinc.org",
      "version" : "2.78",
      "concept" : [{
        "code" : "LA9321-6",
        "display" : "Police vehicle"
      },
      {
        "code" : "LA9319-0",
        "display" : "Private vehicle"
      }]
    }]
  },
  "expansion" : {
    "identifier" : "urn:uuid:290d95e4-0fd6-473c-839c-0a3ba7f34a98",
    "timestamp" : "2025-10-27T10:08:41+00:00",
    "total" : 4,
    "parameter" : [{
      "name" : "used-codesystem",
      "valueUri" : "http://snomed.info/sct|http://snomed.info/sct/900000000000207008/version/20241001"
    },
    {
      "name" : "version",
      "valueUri" : "http://snomed.info/sct|http://snomed.info/sct/900000000000207008/version/20241001"
    },
    {
      "name" : "used-codesystem",
      "valueUri" : "http://loinc.org|2.78"
    },
    {
      "name" : "version",
      "valueUri" : "http://loinc.org|2.78"
    },
    {
      "name" : "displayLanguage",
      "valueCode" : "en-US,en;q=0.9"
    },
    {
      "name" : "warning-draft",
      "valueUri" : "http://www.roadsafetyph.doh.gov.ph/ValueSet/SILPH-ModeofTransport|1"
    },
    {
      "name" : "includeDesignations",
      "valueBoolean" : false
    }],
    "contains" : [{
      "system" : "http://snomed.info/sct",
      "version" : "http://snomed.info/sct/900000000000207008/version/20241001",
      "code" : "49122002",
      "display" : "Ambulance"
    },
    {
      "system" : "http://snomed.info/sct",
      "version" : "http://snomed.info/sct/900000000000207008/version/20241001",
      "code" : "74964007",
      "display" : "Other"
    },
    {
      "system" : "http://loinc.org",
      "version" : "2.78",
      "code" : "LA9321-6",
      "display" : "Walk-in following nonambulance, law enforcement transport"
    },
    {
      "system" : "http://loinc.org",
      "version" : "2.78",
      "code" : "LA9319-0",
      "display" : "Walk-in following transport via private transportation"
    }]
  }
}