{
  "resourceType" : "ValueSet",
  "id" : "SILPH-ActivityVS",
  "meta" : {
    "versionId" : "5",
    "lastUpdated" : "2025-10-30T00:34:00.459+00:00"
  },
  "text" : {
    "status" : "generated",
    "div" : "<div xmlns=\"http://www.w3.org/1999/xhtml\"><p class=\"res-header-id\"><b>Generated Narrative: ValueSet SILPH-ActivityVS</b></p><a name=\"SILPH-ActivityVS\"> </a><a name=\"hcSILPH-ActivityVS\"> </a><div style=\"display: inline-block; background-color: #d9e0e7; padding: 6px; margin: 4px; border: 1px solid #8da1b4; border-radius: 5px; line-height: 60%\"><p style=\"margin-bottom: 0px\">version: 5; Last updated: 2025-10-30 00:34:00+0000</p></div><div style=\"border: black 1px dotted; background-color: #EEEEEE; padding: 8px; margin-bottom: 8px\"><p>Expansion based on:</p><ul><li>SNOMED CT International edition 01-Oct 2024</li><li>codesystem SILPH Road Safety Local Codes version 0.2.0</li></ul></div><p>This value set contains 5 concepts</p><table class=\"codes\"><tr><td><b>System</b></td><td><b>Version</b></td><td style=\"white-space:nowrap\"><b>Code</b></td><td><b>Display</b></td></tr><tr><td><a name=\"SILPH-ActivityVS-http://snomed.info/sct-443786003\"> </a><code>http://snomed.info/sct</code></td><td>http://snomed.info/sct/900000000000207008/version/20241001</td><td style=\"white-space:nowrap\">\u00a0\u00a0<a href=\"http://snomed.info/sct/900000000000207008/id/443786003\">443786003</a></td><td>Sports</td></tr><tr><td><a name=\"SILPH-ActivityVS-http://snomed.info/sct-17542004\"> </a><code>http://snomed.info/sct</code></td><td>http://snomed.info/sct/900000000000207008/version/20241001</td><td style=\"white-space:nowrap\">\u00a0\u00a0<a href=\"http://snomed.info/sct/900000000000207008/id/17542004\">17542004</a></td><td>Work related</td></tr><tr><td><a name=\"SILPH-ActivityVS-http://snomed.info/sct-74964007\"> </a><code>http://snomed.info/sct</code></td><td>http://snomed.info/sct/900000000000207008/version/20241001</td><td style=\"white-space:nowrap\">\u00a0\u00a0<a href=\"http://snomed.info/sct/900000000000207008/id/74964007\">74964007</a></td><td>Others</td></tr><tr><td><a name=\"SILPH-ActivityVS-http://snomed.info/sct-261665006\"> </a><code>http://snomed.info/sct</code></td><td>http://snomed.info/sct/900000000000207008/version/20241001</td><td style=\"white-space:nowrap\">\u00a0\u00a0<a href=\"http://snomed.info/sct/900000000000207008/id/261665006\">261665006</a></td><td>Unknown</td></tr><tr><td><a name=\"SILPH-ActivityVS-http://www.roadsafetyph.doh.gov.ph/CodeSystem-LEISURE\"> </a><code>http://www.roadsafetyph.doh.gov.ph/CodeSystem</code></td><td>0.2.0</td><td style=\"white-space:nowrap\">\u00a0\u00a0LEISURE</td><td>Leisure</td></tr></table></div>"
  },
  "url" : "http://www.roadsafetyph.doh.gov.ph/ValueSet/SILPH-Activity",
  "version" : "0.3.0",
  "name" : "SILPH___Activity__VS_",
  "title" : "SILPH - Activity (VS)",
  "status" : "draft",
  "date" : "2025-11-06T11:55:20+00:00",
  "publisher" : "UP Manila - National Institutes of Health - National Telehealth Center",
  "contact" : [{
    "name" : "UP Manila - National Institutes of Health - National Telehealth Center",
    "telecom" : [{
      "system" : "url",
      "value" : "https://github.com/UPM-NTHC/PH-RoadSafetyIG"
    }]
  },
  {
    "name" : "PH Road Safety IG Repository",
    "telecom" : [{
      "system" : "url",
      "value" : "https://github.com/UPM-NTHC/PH-RoadSafetyIG"
    }]
  }],
  "description" : "SILPH Value Set for Patient Activity at the Time of Injury/Accident",
  "jurisdiction" : [{
    "coding" : [{
      "system" : "urn:iso:std:iso:3166",
      "code" : "PH",
      "display" : "Philippines"
    }]
  }],
  "compose" : {
    "include" : [{
      "system" : "http://snomed.info/sct",
      "concept" : [{
        "code" : "443786003",
        "display" : "Sports"
      },
      {
        "code" : "17542004",
        "display" : "Work related"
      },
      {
        "code" : "74964007",
        "display" : "Others"
      },
      {
        "code" : "261665006",
        "display" : "Unknown"
      }]
    },
    {
      "system" : "http://www.roadsafetyph.doh.gov.ph/CodeSystem",
      "concept" : [{
        "code" : "LEISURE",
        "display" : "Leisure"
      }]
    }]
  },
  "expansion" : {
    "identifier" : "urn:uuid:7716cc9c-cd09-433a-9e20-77c93649eb5e",
    "timestamp" : "2025-10-29T23:49:37+00:00",
    "total" : 5,
    "parameter" : [{
      "name" : "used-codesystem",
      "valueUri" : "http://snomed.info/sct|http://snomed.info/sct/900000000000207008/version/20241001"
    },
    {
      "name" : "version",
      "valueUri" : "http://snomed.info/sct|http://snomed.info/sct/900000000000207008/version/20241001"
    },
    {
      "name" : "used-codesystem",
      "valueUri" : "http://www.roadsafetyph.doh.gov.ph/CodeSystem|0.2.0"
    },
    {
      "name" : "version",
      "valueUri" : "http://www.roadsafetyph.doh.gov.ph/CodeSystem|0.2.0"
    },
    {
      "name" : "warning-draft",
      "valueUri" : "http://www.roadsafetyph.doh.gov.ph/CodeSystem|0.2.0"
    },
    {
      "name" : "warning-draft",
      "valueUri" : "http://www.roadsafetyph.doh.gov.ph/ValueSet/SILPH-Activity|0.1.2"
    }],
    "contains" : [{
      "system" : "http://snomed.info/sct",
      "version" : "http://snomed.info/sct/900000000000207008/version/20241001",
      "code" : "443786003",
      "display" : "Sports"
    },
    {
      "system" : "http://snomed.info/sct",
      "version" : "http://snomed.info/sct/900000000000207008/version/20241001",
      "code" : "17542004",
      "display" : "Work related"
    },
    {
      "system" : "http://snomed.info/sct",
      "version" : "http://snomed.info/sct/900000000000207008/version/20241001",
      "code" : "74964007",
      "display" : "Others"
    },
    {
      "system" : "http://snomed.info/sct",
      "version" : "http://snomed.info/sct/900000000000207008/version/20241001",
      "code" : "261665006",
      "display" : "Unknown"
    },
    {
      "system" : "http://www.roadsafetyph.doh.gov.ph/CodeSystem",
      "version" : "0.2.0",
      "code" : "LEISURE",
      "display" : "Leisure"
    }]
  }
}