{
  "resourceType" : "ValueSet",
  "id" : "MDS-InjuryIntent-VS",
  "text" : {
    "status" : "generated",
    "div" : "<div xmlns=\"http://www.w3.org/1999/xhtml\"><p class=\"res-header-id\"><b>Generated Narrative: ValueSet MDS-InjuryIntent-VS</b></p><a name=\"MDS-InjuryIntent-VS\"> </a><a name=\"hcMDS-InjuryIntent-VS\"> </a><ul><li>Include these codes as defined in <a href=\"http://www.snomed.org/\"><code>http://snomed.info/sct</code></a> version <span title=\"Version is not explicity stated. No matching Code System found\">Not Stated (use latest from terminology server)</span><table class=\"none\"><tr><td style=\"white-space:nowrap\"><b>Code</b></td><td><b>Display</b></td></tr><tr><td><a href=\"http://snomed.info/id/242056005\">242056005</a></td><td>Accidental injury (disorder)</td></tr><tr><td><a href=\"http://snomed.info/id/361269008\">361269008</a></td><td>Intentional (qualifier value)</td></tr><tr><td><a href=\"http://snomed.info/id/276853009\">276853009</a></td><td>Self inflicted injury (disorder)</td></tr><tr><td><a href=\"http://snomed.info/id/269735005\">269735005</a></td><td>Injury undetermined whether accidentally or purposely inflicted (disorder)</td></tr></table></li></ul></div>"
  },
  "url" : "http://hl7.org/fhir/ValueSet/PH-RoadSafety-InjuryIntent",
  "version" : "0.1.0",
  "name" : "MDSInjuryIntentVS",
  "title" : "MDS Injury Intent",
  "status" : "draft",
  "date" : "2025-10-06T04:28:30+00:00",
  "publisher" : "UP Manila - National Institutes of Health - National Telehealth Center",
  "contact" : [{
    "name" : "UP Manila - National Institutes of Health - National Telehealth Center",
    "telecom" : [{
      "system" : "url",
      "value" : "https://github.com/UPM-NTHC/PH-RoadSafetyIG"
    }]
  },
  {
    "name" : "PH Road Safety IG Repository",
    "telecom" : [{
      "system" : "url",
      "value" : "https://github.com/UPM-NTHC/PH-RoadSafetyIG"
    }]
  }],
  "description" : "Intent of injury.",
  "jurisdiction" : [{
    "coding" : [{
      "system" : "urn:iso:std:iso:3166",
      "code" : "PH",
      "display" : "Philippines"
    }]
  }],
  "compose" : {
    "include" : [{
      "system" : "http://snomed.info/sct",
      "concept" : [{
        "code" : "242056005",
        "display" : "Accidental injury (disorder)"
      },
      {
        "code" : "361269008",
        "display" : "Intentional (qualifier value)"
      },
      {
        "code" : "276853009",
        "display" : "Self inflicted injury (disorder)"
      },
      {
        "code" : "269735005",
        "display" : "Injury undetermined whether accidentally or purposely inflicted (disorder)"
      }]
    }]
  }
}