{
  "resourceType" : "ValueSet",
  "id" : "SILPH-TypeofPatientVS",
  "meta" : {
    "versionId" : "9",
    "lastUpdated" : "2025-10-30T00:34:08.431+00:00"
  },
  "text" : {
    "status" : "generated",
    "div" : "<div xmlns=\"http://www.w3.org/1999/xhtml\"><p class=\"res-header-id\"><b>Generated Narrative: ValueSet SILPH-TypeofPatientVS</b></p><a name=\"SILPH-TypeofPatientVS\"> </a><a name=\"hcSILPH-TypeofPatientVS\"> </a><div style=\"display: inline-block; background-color: #d9e0e7; padding: 6px; margin: 4px; border: 1px solid #8da1b4; border-radius: 5px; line-height: 60%\"><p style=\"margin-bottom: 0px\">version: 9; Last updated: 2025-10-30 00:34:08+0000</p></div><div style=\"border: black 1px dotted; background-color: #EEEEEE; padding: 8px; margin-bottom: 8px\"><p>Expansion based on:</p><ul><li>Loinc v2.78</li><li>codesystem SILPH Road Safety Local Codes version 0.2.0</li></ul></div><p>This value set contains 5 concepts</p><table class=\"codes\"><tr><td><b>System</b></td><td><b>Version</b></td><td style=\"white-space:nowrap\"><b>Code</b></td><td><b>Display</b></td></tr><tr><td><a name=\"SILPH-TypeofPatientVS-http://loinc.org-LA10268-3\"> </a><code>http://loinc.org</code></td><td>2.78</td><td style=\"white-space:nowrap\">\u00a0\u00a0<a href=\"https://loinc.org/LA10268-3/\">LA10268-3</a></td><td>ER</td></tr><tr><td><a name=\"SILPH-TypeofPatientVS-http://loinc.org-LA21424-9\"> </a><code>http://loinc.org</code></td><td>2.78</td><td style=\"white-space:nowrap\">\u00a0\u00a0<a href=\"https://loinc.org/LA21424-9/\">LA21424-9</a></td><td>OPD</td></tr><tr><td><a name=\"SILPH-TypeofPatientVS-http://loinc.org-LA21427-2\"> </a><code>http://loinc.org</code></td><td>2.78</td><td style=\"white-space:nowrap\">\u00a0\u00a0<a href=\"https://loinc.org/LA21427-2/\">LA21427-2</a></td><td>Inpatient</td></tr><tr><td><a name=\"SILPH-TypeofPatientVS-http://www.roadsafetyph.doh.gov.ph/CodeSystem-BHS\"> </a><code>http://www.roadsafetyph.doh.gov.ph/CodeSystem</code></td><td>0.2.0</td><td style=\"white-space:nowrap\">\u00a0\u00a0BHS</td><td>BHS</td></tr><tr><td><a name=\"SILPH-TypeofPatientVS-http://www.roadsafetyph.doh.gov.ph/CodeSystem-RHU\"> </a><code>http://www.roadsafetyph.doh.gov.ph/CodeSystem</code></td><td>0.2.0</td><td style=\"white-space:nowrap\">\u00a0\u00a0RHU</td><td>RHU</td></tr></table></div>"
  },
  "url" : "http://www.roadsafetyph.doh.gov.ph/ValueSet/SILPH-TypeofPatient",
  "version" : "0.3.0",
  "name" : "SILPH___Type_of_Patient__VS_",
  "title" : "SILPH - Type of Patient (VS)",
  "status" : "draft",
  "date" : "2025-11-09T01:35:45+00:00",
  "publisher" : "UP Manila - National Institutes of Health - National Telehealth Center",
  "contact" : [{
    "name" : "UP Manila - National Institutes of Health - National Telehealth Center",
    "telecom" : [{
      "system" : "url",
      "value" : "https://github.com/UPM-NTHC/PH-RoadSafetyIG"
    }]
  },
  {
    "name" : "PH Road Safety IG Repository",
    "telecom" : [{
      "system" : "url",
      "value" : "https://github.com/UPM-NTHC/PH-RoadSafetyIG"
    }]
  }],
  "description" : "SILPH Value Set for Type of Patient Encounter",
  "jurisdiction" : [{
    "coding" : [{
      "system" : "urn:iso:std:iso:3166",
      "code" : "PH",
      "display" : "Philippines"
    }]
  }],
  "compose" : {
    "include" : [{
      "system" : "http://loinc.org",
      "concept" : [{
        "code" : "LA10268-3",
        "display" : "ER"
      },
      {
        "code" : "LA21424-9",
        "display" : "OPD"
      },
      {
        "code" : "LA21427-2",
        "display" : "Inpatient"
      }]
    },
    {
      "system" : "http://www.roadsafetyph.doh.gov.ph/CodeSystem",
      "concept" : [{
        "code" : "BHS",
        "display" : "BHS"
      },
      {
        "code" : "RHU",
        "display" : "RHU"
      }]
    }]
  },
  "expansion" : {
    "identifier" : "urn:uuid:c50f9ffb-1b0a-4662-8ace-2c58d2ce232a",
    "timestamp" : "2025-10-29T23:49:35+00:00",
    "total" : 5,
    "parameter" : [{
      "name" : "used-codesystem",
      "valueUri" : "http://www.roadsafetyph.doh.gov.ph/CodeSystem|0.2.0"
    },
    {
      "name" : "version",
      "valueUri" : "http://www.roadsafetyph.doh.gov.ph/CodeSystem|0.2.0"
    },
    {
      "name" : "used-codesystem",
      "valueUri" : "http://loinc.org|2.78"
    },
    {
      "name" : "version",
      "valueUri" : "http://loinc.org|2.78"
    },
    {
      "name" : "warning-draft",
      "valueUri" : "http://www.roadsafetyph.doh.gov.ph/CodeSystem|0.2.0"
    },
    {
      "name" : "warning-draft",
      "valueUri" : "http://www.roadsafetyph.doh.gov.ph/ValueSet/SILPH-TypeofPatient|0.1.2"
    }],
    "contains" : [{
      "system" : "http://loinc.org",
      "version" : "2.78",
      "code" : "LA10268-3",
      "display" : "ER"
    },
    {
      "system" : "http://loinc.org",
      "version" : "2.78",
      "code" : "LA21424-9",
      "display" : "OPD"
    },
    {
      "system" : "http://loinc.org",
      "version" : "2.78",
      "code" : "LA21427-2",
      "display" : "Inpatient"
    },
    {
      "system" : "http://www.roadsafetyph.doh.gov.ph/CodeSystem",
      "version" : "0.2.0",
      "code" : "BHS",
      "display" : "BHS"
    },
    {
      "system" : "http://www.roadsafetyph.doh.gov.ph/CodeSystem",
      "version" : "0.2.0",
      "code" : "RHU",
      "display" : "RHU"
    }]
  }
}