{
  "resourceType" : "ValueSet",
  "id" : "cause-of-crash-file-type-vs",
  "text" : {
    "status" : "generated",
    "div" : "<div xmlns=\"http://www.w3.org/1999/xhtml\"><p class=\"res-header-id\"><b>Generated Narrative: ValueSet cause-of-crash-file-type-vs</b></p><a name=\"cause-of-crash-file-type-vs\"> </a><a name=\"hccause-of-crash-file-type-vs\"> </a><ul><li>Include these codes as defined in <code>urn:ietf:bcp:13</code> version <span title=\"Version is not explicity stated. No matching Code System found\">Not Stated (use latest from terminology server)</span><table class=\"none\"><tr><td style=\"white-space:nowrap\"><b>Code</b></td><td><b>Display</b></td></tr><tr><td>application/pdf</td><td>PDF Document</td></tr><tr><td>application/vnd.openxmlformats-officedocument.wordprocessingml.document</td><td>Word Document (DOCX)</td></tr></table></li></ul></div>"
  },
  "url" : "https://build.fhir.org/ig/UPM-NTHC/PH-RoadSafetyIG/ValueSet/cause-of-crash-file-type-vs",
  "version" : "0.1.0",
  "name" : "CauseOfCrashFileTypeVS",
  "title" : "Cause of Crash File Type ValueSet",
  "status" : "draft",
  "date" : "2025-10-09T08:41:35+00:00",
  "publisher" : "UP Manila - National Institutes of Health - National Telehealth Center",
  "contact" : [{
    "name" : "UP Manila - National Institutes of Health - National Telehealth Center",
    "telecom" : [{
      "system" : "url",
      "value" : "https://github.com/UPM-NTHC/PH-RoadSafetyIG"
    }]
  },
  {
    "name" : "PH Road Safety IG Repository",
    "telecom" : [{
      "system" : "url",
      "value" : "https://github.com/UPM-NTHC/PH-RoadSafetyIG"
    }]
  }],
  "description" : "Allowed file types for documents describing the cause of a road crash.",
  "jurisdiction" : [{
    "coding" : [{
      "system" : "urn:iso:std:iso:3166",
      "code" : "PH",
      "display" : "Philippines"
    }]
  }],
  "compose" : {
    "include" : [{
      "system" : "urn:ietf:bcp:13",
      "concept" : [{
        "code" : "application/pdf",
        "display" : "PDF Document"
      },
      {
        "code" : "application/vnd.openxmlformats-officedocument.wordprocessingml.document",
        "display" : "Word Document (DOCX)"
      }]
    }]
  }
}