{"resourceType":"CodeSystem","id":"party-at-fault-cs","text":{"status":"generated","div":"<div xmlns=\"http://www.w3.org/1999/xhtml\"><p class=\"res-header-id\"><b>Generated Narrative: CodeSystem party-at-fault-cs</b></p><a name=\"party-at-fault-cs\"> </a><a name=\"hcparty-at-fault-cs\"> </a><p>This case-sensitive code system <code>https://build.fhir.org/ig/UPM-NTHC/PH-RoadSafetyIG/CodeSystem/party-at-fault-cs</code> defines the following codes:</p><table class=\"codes\"><tr><td style=\"white-space:nowrap\"><b>Code</b></td><td><b>Display</b></td></tr><tr><td style=\"white-space:nowrap\">driverA<a name=\"party-at-fault-cs-driverA\"> </a></td><td>Driver of Vehicle A</td></tr><tr><td style=\"white-space:nowrap\">driverB<a name=\"party-at-fault-cs-driverB\"> </a></td><td>Driver of Vehicle B</td></tr><tr><td style=\"white-space:nowrap\">roadAuthority<a name=\"party-at-fault-cs-roadAuthority\"> </a></td><td>Road authority / Infrastructure issue</td></tr><tr><td style=\"white-space:nowrap\">pedestrian<a name=\"party-at-fault-cs-pedestrian\"> </a></td><td>Pedestrian</td></tr><tr><td style=\"white-space:nowrap\">cyclist<a name=\"party-at-fault-cs-cyclist\"> </a></td><td>Cyclist</td></tr><tr><td style=\"white-space:nowrap\">other<a name=\"party-at-fault-cs-other\"> </a></td><td>Other</td></tr></table></div>"},"url":"https://build.fhir.org/ig/UPM-NTHC/PH-RoadSafetyIG/CodeSystem/party-at-fault-cs","version":"0.1.0","name":"PartyAtFaultCS","title":"Party at Fault","status":"draft","experimental":true,"date":"2025-10-09T17:33:43+00:00","publisher":"UP Manila - National Institutes of Health - National Telehealth Center","contact":[{"name":"UP Manila - National Institutes of Health - National Telehealth Center","telecom":[{"system":"url","value":"https://github.com/UPM-NTHC/PH-RoadSafetyIG"}]},{"name":"PH Road Safety IG Repository","telecom":[{"system":"url","value":"https://github.com/UPM-NTHC/PH-RoadSafetyIG"}]}],"jurisdiction":[{"coding":[{"system":"urn:iso:std:iso:3166","code":"PH","display":"Philippines"}]}],"caseSensitive":true,"content":"complete","count":6,"concept":[{"code":"driverA","display":"Driver of Vehicle A","designation":[{"use":{"system":"http://terminology.hl7.org/CodeSystem/hl7TermMaintInfra","code":"preferredForLanguage"},"value":"Driver of Vehicle A"}]},{"code":"driverB","display":"Driver of Vehicle B","designation":[{"use":{"system":"http://terminology.hl7.org/CodeSystem/hl7TermMaintInfra","code":"preferredForLanguage"},"value":"Driver of Vehicle B"}]},{"code":"roadAuthority","display":"Road authority / Infrastructure issue","designation":[{"use":{"system":"http://terminology.hl7.org/CodeSystem/hl7TermMaintInfra","code":"preferredForLanguage"},"value":"Road authority / Infrastructure issue"}]},{"code":"pedestrian","display":"Pedestrian","designation":[{"use":{"system":"http://terminology.hl7.org/CodeSystem/hl7TermMaintInfra","code":"preferredForLanguage"},"value":"Pedestrian"}]},{"code":"cyclist","display":"Cyclist","designation":[{"use":{"system":"http://terminology.hl7.org/CodeSystem/hl7TermMaintInfra","code":"preferredForLanguage"},"value":"Cyclist"}]},{"code":"other","display":"Other","designation":[{"use":{"system":"http://terminology.hl7.org/CodeSystem/hl7TermMaintInfra","code":"preferredForLanguage"},"value":"Other"}]}]}