{"resourceType":"CodeSystem","id":"collision-type-cs","text":{"status":"generated","div":"<div xmlns=\"http://www.w3.org/1999/xhtml\"><p class=\"res-header-id\"><b>Generated Narrative: CodeSystem collision-type-cs</b></p><a name=\"collision-type-cs\"> </a><a name=\"hccollision-type-cs\"> </a><p>This  code system <code>https://build.fhir.org/ig/UPM-NTHC/PH-RoadSafetyIG/CodeSystem/collision-type-cs</code> defines the following codes:</p><table class=\"codes\"><tr><td style=\"white-space:nowrap\"><b>Code</b></td><td><b>Display</b></td></tr><tr><td style=\"white-space:nowrap\">head-on<a name=\"collision-type-cs-head-on\"> </a></td><td>Head-on</td></tr><tr><td style=\"white-space:nowrap\">rear-end<a name=\"collision-type-cs-rear-end\"> </a></td><td>Rear-end</td></tr><tr><td style=\"white-space:nowrap\">side-swipe<a name=\"collision-type-cs-side-swipe\"> </a></td><td>Side-swipe</td></tr><tr><td style=\"white-space:nowrap\">rollover<a name=\"collision-type-cs-rollover\"> </a></td><td>Rollover</td></tr><tr><td style=\"white-space:nowrap\">non-collision<a name=\"collision-type-cs-non-collision\"> </a></td><td>Non-collision</td></tr><tr><td style=\"white-space:nowrap\">other<a name=\"collision-type-cs-other\"> </a></td><td>Other</td></tr></table></div>"},"url":"https://build.fhir.org/ig/UPM-NTHC/PH-RoadSafetyIG/CodeSystem/collision-type-cs","version":"0.1.0","name":"CollisionTypeCS","title":"Collision Type (example)","status":"draft","date":"2025-10-21T04:48:52+00:00","publisher":"UP Manila - National Institutes of Health - National Telehealth Center","contact":[{"name":"UP Manila - National Institutes of Health - National Telehealth Center","telecom":[{"system":"url","value":"https://github.com/UPM-NTHC/PH-RoadSafetyIG"}]},{"name":"PH Road Safety IG Repository","telecom":[{"system":"url","value":"https://github.com/UPM-NTHC/PH-RoadSafetyIG"}]}],"jurisdiction":[{"coding":[{"system":"urn:iso:std:iso:3166","code":"PH","display":"Philippines"}]}],"content":"complete","count":6,"concept":[{"code":"head-on","display":"Head-on","designation":[{"use":{"system":"http://terminology.hl7.org/CodeSystem/hl7TermMaintInfra","code":"preferredForLanguage"},"value":"Head-on"}]},{"code":"rear-end","display":"Rear-end","designation":[{"use":{"system":"http://terminology.hl7.org/CodeSystem/hl7TermMaintInfra","code":"preferredForLanguage"},"value":"Rear-end"}]},{"code":"side-swipe","display":"Side-swipe","designation":[{"use":{"system":"http://terminology.hl7.org/CodeSystem/hl7TermMaintInfra","code":"preferredForLanguage"},"value":"Side-swipe"}]},{"code":"rollover","display":"Rollover","designation":[{"use":{"system":"http://terminology.hl7.org/CodeSystem/hl7TermMaintInfra","code":"preferredForLanguage"},"value":"Rollover"}]},{"code":"non-collision","display":"Non-collision","designation":[{"use":{"system":"http://terminology.hl7.org/CodeSystem/hl7TermMaintInfra","code":"preferredForLanguage"},"value":"Non-collision"}]},{"code":"other","display":"Other","designation":[{"use":{"system":"http://terminology.hl7.org/CodeSystem/hl7TermMaintInfra","code":"preferredForLanguage"},"value":"Other"}]}]}