{"resourceType":"ImplementationGuide","id":"example.fhir.ph.roadsafety","language":"en","text":{"status":"generated","div":"<div xmlns=\"http://www.w3.org/1999/xhtml\" xml:lang=\"en\" lang=\"en\"><p class=\"res-header-id\"><b>Generated Narrative: ImplementationGuide example.fhir.ph.roadsafety</b></p><a name=\"example.fhir.ph.roadsafety\"> </a><a name=\"hcexample.fhir.ph.roadsafety\"> </a><div style=\"display: inline-block; background-color: #d9e0e7; padding: 6px; margin: 4px; border: 1px solid #8da1b4; border-radius: 5px; line-height: 60%\"><p style=\"margin-bottom: 0px\">Language: en</p></div><h2>PHRoadSafetyIG</h2><p>The official URL for this implementation guide is: </p><pre>https://build.fhir.org/ig/UPM-NTHC/PH-RoadSafetyIG/ImplementationGuide/example.fhir.ph.roadsafety</pre><div><p>FHIR IG for road safety and health information in the Philippines</p>\n</div></div>"},"url":"https://build.fhir.org/ig/UPM-NTHC/PH-RoadSafetyIG/ImplementationGuide/example.fhir.ph.roadsafety","version":"0.1.0","name":"PHRoadSafetyIG","title":"DRAFT PH Road Safety Implementation Guide","status":"draft","date":"2025-10-09T09:07:51+00:00","publisher":"UP Manila - National Institutes of Health - National Telehealth Center","contact":[{"name":"UP Manila - National Institutes of Health - National Telehealth Center","telecom":[{"system":"url","value":"https://github.com/UPM-NTHC/PH-RoadSafetyIG"}]},{"name":"PH Road Safety IG Repository","telecom":[{"system":"url","value":"https://github.com/UPM-NTHC/PH-RoadSafetyIG"}]}],"description":"FHIR IG for road safety and health information in the Philippines","jurisdiction":[{"coding":[{"system":"urn:iso:std:iso:3166","code":"PH","display":"Philippines"}]}],"packageId":"example.fhir.ph.roadsafety","license":"CC0-1.0","fhirVersion":["4.0.1"],"dependsOn":[{"id":"hl7tx","extension":[{"url":"http://hl7.org/fhir/tools/StructureDefinition/implementationguide-dependency-comment","valueMarkdown":"Automatically added as a dependency - all IGs depend on HL7 Terminology"}],"uri":"http://terminology.hl7.org/ImplementationGuide/hl7.terminology","packageId":"hl7.terminology.r4","version":"6.5.0"},{"id":"hl7ext","extension":[{"url":"http://hl7.org/fhir/tools/StructureDefinition/implementationguide-dependency-comment","valueMarkdown":"Automatically added as a dependency - all IGs depend on the HL7 Extension Pack"}],"uri":"http://hl7.org/fhir/extensions/ImplementationGuide/hl7.fhir.uv.extensions","packageId":"hl7.fhir.uv.extensions.r4","version":"5.2.0"},{"id":"example_fhir_ph_core","uri":"urn://example.com/ph-core/fhir/ImplementationGuide/example.fhir.ph.core","packageId":"example.fhir.ph.core","version":"current"}],"definition":{"extension":[{"extension":[{"url":"code","valueString":"copyrightyear"},{"url":"value","valueString":"2025+"}],"url":"http://hl7.org/fhir/tools/StructureDefinition/ig-parameter"},{"extension":[{"url":"code","valueString":"releaselabel"},{"url":"value","valueString":"ci-build"}],"url":"http://hl7.org/fhir/tools/StructureDefinition/ig-parameter"},{"extension":[{"url":"code","valueString":"autoload-resources"},{"url":"value","valueString":"true"}],"url":"http://hl7.org/fhir/tools/StructureDefinition/ig-parameter"},{"extension":[{"url":"code","valueString":"path-liquid"},{"url":"value","valueString":"template/liquid"}],"url":"http://hl7.org/fhir/tools/StructureDefinition/ig-parameter"},{"extension":[{"url":"code","valueString":"path-liquid"},{"url":"value","valueString":"input/liquid"}],"url":"http://hl7.org/fhir/tools/StructureDefinition/ig-parameter"},{"extension":[{"url":"code","valueString":"path-qa"},{"url":"value","valueString":"temp/qa"}],"url":"http://hl7.org/fhir/tools/StructureDefinition/ig-parameter"},{"extension":[{"url":"code","valueString":"path-temp"},{"url":"value","valueString":"temp/pages"}],"url":"http://hl7.org/fhir/tools/StructureDefinition/ig-parameter"},{"extension":[{"url":"code","valueString":"path-output"},{"url":"value","valueString":"output"}],"url":"http://hl7.org/fhir/tools/StructureDefinition/ig-parameter"},{"extension":[{"url":"code","valueString":"path-suppressed-warnings"},{"url":"value","valueString":"input/ignoreWarnings.txt"}],"url":"http://hl7.org/fhir/tools/StructureDefinition/ig-parameter"},{"extension":[{"url":"code","valueString":"path-history"},{"url":"value","valueString":"https://build.fhir.org/ig/UPM-NTHC/PH-RoadSafetyIG/history.html"}],"url":"http://hl7.org/fhir/tools/StructureDefinition/ig-parameter"},{"extension":[{"url":"code","valueString":"template-html"},{"url":"value","valueString":"template-page.html"}],"url":"http://hl7.org/fhir/tools/StructureDefinition/ig-parameter"},{"extension":[{"url":"code","valueString":"template-md"},{"url":"value","valueString":"template-page-md.html"}],"url":"http://hl7.org/fhir/tools/StructureDefinition/ig-parameter"},{"extension":[{"url":"code","valueString":"apply-contact"},{"url":"value","valueString":"true"}],"url":"http://hl7.org/fhir/tools/StructureDefinition/ig-parameter"},{"extension":[{"url":"code","valueString":"apply-context"},{"url":"value","valueString":"true"}],"url":"http://hl7.org/fhir/tools/StructureDefinition/ig-parameter"},{"extension":[{"url":"code","valueString":"apply-copyright"},{"url":"value","valueString":"true"}],"url":"http://hl7.org/fhir/tools/StructureDefinition/ig-parameter"},{"extension":[{"url":"code","valueString":"apply-jurisdiction"},{"url":"value","valueString":"true"}],"url":"http://hl7.org/fhir/tools/StructureDefinition/ig-parameter"},{"extension":[{"url":"code","valueString":"apply-license"},{"url":"value","valueString":"true"}],"url":"http://hl7.org/fhir/tools/StructureDefinition/ig-parameter"},{"extension":[{"url":"code","valueString":"apply-publisher"},{"url":"value","valueString":"true"}],"url":"http://hl7.org/fhir/tools/StructureDefinition/ig-parameter"},{"extension":[{"url":"code","valueString":"apply-version"},{"url":"value","valueString":"true"}],"url":"http://hl7.org/fhir/tools/StructureDefinition/ig-parameter"},{"extension":[{"url":"code","valueString":"apply-wg"},{"url":"value","valueString":"true"}],"url":"http://hl7.org/fhir/tools/StructureDefinition/ig-parameter"},{"extension":[{"url":"code","valueString":"active-tables"},{"url":"value","valueString":"true"}],"url":"http://hl7.org/fhir/tools/StructureDefinition/ig-parameter"},{"extension":[{"url":"code","valueString":"fmm-definition"},{"url":"value","valueString":"http://hl7.org/fhir/versions.html#maturity"}],"url":"http://hl7.org/fhir/tools/StructureDefinition/ig-parameter"},{"extension":[{"url":"code","valueString":"propagate-status"},{"url":"value","valueString":"true"}],"url":"http://hl7.org/fhir/tools/StructureDefinition/ig-parameter"},{"extension":[{"url":"code","valueString":"excludelogbinaryformat"},{"url":"value","valueString":"true"}],"url":"http://hl7.org/fhir/tools/StructureDefinition/ig-parameter"},{"extension":[{"url":"code","valueString":"tabbed-snapshots"},{"url":"value","valueString":"true"}],"url":"http://hl7.org/fhir/tools/StructureDefinition/ig-parameter"},{"url":"http://hl7.org/fhir/tools/StructureDefinition/ig-internal-dependency","valueCode":"hl7.fhir.uv.tools.r4#0.8.0"},{"extension":[{"url":"code","valueCode":"copyrightyear"},{"url":"value","valueString":"2025+"}],"url":"http://hl7.org/fhir/tools/StructureDefinition/ig-parameter"},{"extension":[{"url":"code","valueCode":"releaselabel"},{"url":"value","valueString":"ci-build"}],"url":"http://hl7.org/fhir/tools/StructureDefinition/ig-parameter"},{"extension":[{"url":"code","valueCode":"autoload-resources"},{"url":"value","valueString":"true"}],"url":"http://hl7.org/fhir/tools/StructureDefinition/ig-parameter"},{"extension":[{"url":"code","valueCode":"path-liquid"},{"url":"value","valueString":"template/liquid"}],"url":"http://hl7.org/fhir/tools/StructureDefinition/ig-parameter"},{"extension":[{"url":"code","valueCode":"path-liquid"},{"url":"value","valueString":"input/liquid"}],"url":"http://hl7.org/fhir/tools/StructureDefinition/ig-parameter"},{"extension":[{"url":"code","valueCode":"path-qa"},{"url":"value","valueString":"temp/qa"}],"url":"http://hl7.org/fhir/tools/StructureDefinition/ig-parameter"},{"extension":[{"url":"code","valueCode":"path-temp"},{"url":"value","valueString":"temp/pages"}],"url":"http://hl7.org/fhir/tools/StructureDefinition/ig-parameter"},{"extension":[{"url":"code","valueCode":"path-output"},{"url":"value","valueString":"output"}],"url":"http://hl7.org/fhir/tools/StructureDefinition/ig-parameter"},{"extension":[{"url":"code","valueCode":"path-suppressed-warnings"},{"url":"value","valueString":"input/ignoreWarnings.txt"}],"url":"http://hl7.org/fhir/tools/StructureDefinition/ig-parameter"},{"extension":[{"url":"code","valueCode":"path-history"},{"url":"value","valueString":"https://build.fhir.org/ig/UPM-NTHC/PH-RoadSafetyIG/history.html"}],"url":"http://hl7.org/fhir/tools/StructureDefinition/ig-parameter"},{"extension":[{"url":"code","valueCode":"template-html"},{"url":"value","valueString":"template-page.html"}],"url":"http://hl7.org/fhir/tools/StructureDefinition/ig-parameter"},{"extension":[{"url":"code","valueCode":"template-md"},{"url":"value","valueString":"template-page-md.html"}],"url":"http://hl7.org/fhir/tools/StructureDefinition/ig-parameter"},{"extension":[{"url":"code","valueCode":"apply-contact"},{"url":"value","valueString":"true"}],"url":"http://hl7.org/fhir/tools/StructureDefinition/ig-parameter"},{"extension":[{"url":"code","valueCode":"apply-context"},{"url":"value","valueString":"true"}],"url":"http://hl7.org/fhir/tools/StructureDefinition/ig-parameter"},{"extension":[{"url":"code","valueCode":"apply-copyright"},{"url":"value","valueString":"true"}],"url":"http://hl7.org/fhir/tools/StructureDefinition/ig-parameter"},{"extension":[{"url":"code","valueCode":"apply-jurisdiction"},{"url":"value","valueString":"true"}],"url":"http://hl7.org/fhir/tools/StructureDefinition/ig-parameter"},{"extension":[{"url":"code","valueCode":"apply-license"},{"url":"value","valueString":"true"}],"url":"http://hl7.org/fhir/tools/StructureDefinition/ig-parameter"},{"extension":[{"url":"code","valueCode":"apply-publisher"},{"url":"value","valueString":"true"}],"url":"http://hl7.org/fhir/tools/StructureDefinition/ig-parameter"},{"extension":[{"url":"code","valueCode":"apply-version"},{"url":"value","valueString":"true"}],"url":"http://hl7.org/fhir/tools/StructureDefinition/ig-parameter"},{"extension":[{"url":"code","valueCode":"apply-wg"},{"url":"value","valueString":"true"}],"url":"http://hl7.org/fhir/tools/StructureDefinition/ig-parameter"},{"extension":[{"url":"code","valueCode":"active-tables"},{"url":"value","valueString":"true"}],"url":"http://hl7.org/fhir/tools/StructureDefinition/ig-parameter"},{"extension":[{"url":"code","valueCode":"fmm-definition"},{"url":"value","valueString":"http://hl7.org/fhir/versions.html#maturity"}],"url":"http://hl7.org/fhir/tools/StructureDefinition/ig-parameter"},{"extension":[{"url":"code","valueCode":"propagate-status"},{"url":"value","valueString":"true"}],"url":"http://hl7.org/fhir/tools/StructureDefinition/ig-parameter"},{"extension":[{"url":"code","valueCode":"excludelogbinaryformat"},{"url":"value","valueString":"true"}],"url":"http://hl7.org/fhir/tools/StructureDefinition/ig-parameter"},{"extension":[{"url":"code","valueCode":"tabbed-snapshots"},{"url":"value","valueString":"true"}],"url":"http://hl7.org/fhir/tools/StructureDefinition/ig-parameter"},{"extension":[{"url":"code","valueCode":"copyrightyear"},{"url":"value","valueString":"2025+"}],"url":"http://hl7.org/fhir/tools/StructureDefinition/ig-parameter"},{"extension":[{"url":"code","valueCode":"releaselabel"},{"url":"value","valueString":"ci-build"}],"url":"http://hl7.org/fhir/tools/StructureDefinition/ig-parameter"},{"extension":[{"url":"code","valueCode":"autoload-resources"},{"url":"value","valueString":"true"}],"url":"http://hl7.org/fhir/tools/StructureDefinition/ig-parameter"},{"extension":[{"url":"code","valueCode":"path-liquid"},{"url":"value","valueString":"template/liquid"}],"url":"http://hl7.org/fhir/tools/StructureDefinition/ig-parameter"},{"extension":[{"url":"code","valueCode":"path-liquid"},{"url":"value","valueString":"input/liquid"}],"url":"http://hl7.org/fhir/tools/StructureDefinition/ig-parameter"},{"extension":[{"url":"code","valueCode":"path-qa"},{"url":"value","valueString":"temp/qa"}],"url":"http://hl7.org/fhir/tools/StructureDefinition/ig-parameter"},{"extension":[{"url":"code","valueCode":"path-temp"},{"url":"value","valueString":"temp/pages"}],"url":"http://hl7.org/fhir/tools/StructureDefinition/ig-parameter"},{"extension":[{"url":"code","valueCode":"path-output"},{"url":"value","valueString":"output"}],"url":"http://hl7.org/fhir/tools/StructureDefinition/ig-parameter"},{"extension":[{"url":"code","valueCode":"path-suppressed-warnings"},{"url":"value","valueString":"input/ignoreWarnings.txt"}],"url":"http://hl7.org/fhir/tools/StructureDefinition/ig-parameter"},{"extension":[{"url":"code","valueCode":"path-history"},{"url":"value","valueString":"https://build.fhir.org/ig/UPM-NTHC/PH-RoadSafetyIG/history.html"}],"url":"http://hl7.org/fhir/tools/StructureDefinition/ig-parameter"},{"extension":[{"url":"code","valueCode":"template-html"},{"url":"value","valueString":"template-page.html"}],"url":"http://hl7.org/fhir/tools/StructureDefinition/ig-parameter"},{"extension":[{"url":"code","valueCode":"template-md"},{"url":"value","valueString":"template-page-md.html"}],"url":"http://hl7.org/fhir/tools/StructureDefinition/ig-parameter"},{"extension":[{"url":"code","valueCode":"apply-contact"},{"url":"value","valueString":"true"}],"url":"http://hl7.org/fhir/tools/StructureDefinition/ig-parameter"},{"extension":[{"url":"code","valueCode":"apply-context"},{"url":"value","valueString":"true"}],"url":"http://hl7.org/fhir/tools/StructureDefinition/ig-parameter"},{"extension":[{"url":"code","valueCode":"apply-copyright"},{"url":"value","valueString":"true"}],"url":"http://hl7.org/fhir/tools/StructureDefinition/ig-parameter"},{"extension":[{"url":"code","valueCode":"apply-jurisdiction"},{"url":"value","valueString":"true"}],"url":"http://hl7.org/fhir/tools/StructureDefinition/ig-parameter"},{"extension":[{"url":"code","valueCode":"apply-license"},{"url":"value","valueString":"true"}],"url":"http://hl7.org/fhir/tools/StructureDefinition/ig-parameter"},{"extension":[{"url":"code","valueCode":"apply-publisher"},{"url":"value","valueString":"true"}],"url":"http://hl7.org/fhir/tools/StructureDefinition/ig-parameter"},{"extension":[{"url":"code","valueCode":"apply-version"},{"url":"value","valueString":"true"}],"url":"http://hl7.org/fhir/tools/StructureDefinition/ig-parameter"},{"extension":[{"url":"code","valueCode":"apply-wg"},{"url":"value","valueString":"true"}],"url":"http://hl7.org/fhir/tools/StructureDefinition/ig-parameter"},{"extension":[{"url":"code","valueCode":"active-tables"},{"url":"value","valueString":"true"}],"url":"http://hl7.org/fhir/tools/StructureDefinition/ig-parameter"},{"extension":[{"url":"code","valueCode":"fmm-definition"},{"url":"value","valueString":"http://hl7.org/fhir/versions.html#maturity"}],"url":"http://hl7.org/fhir/tools/StructureDefinition/ig-parameter"},{"extension":[{"url":"code","valueCode":"propagate-status"},{"url":"value","valueString":"true"}],"url":"http://hl7.org/fhir/tools/StructureDefinition/ig-parameter"},{"extension":[{"url":"code","valueCode":"excludelogbinaryformat"},{"url":"value","valueString":"true"}],"url":"http://hl7.org/fhir/tools/StructureDefinition/ig-parameter"},{"extension":[{"url":"code","valueCode":"tabbed-snapshots"},{"url":"value","valueString":"true"}],"url":"http://hl7.org/fhir/tools/StructureDefinition/ig-parameter"}],"grouping":[{"id":"-str-logicalmodel","name":"Structures: Logical Models","description":"These define data models that represent the domain covered by this implementation guide in more business-friendly terms than the underlying FHIR resources."},{"id":"-str-profile","name":"Structures: Resource Profiles","description":"These define constraints on FHIR resources for systems conforming to this implementation guide."},{"id":"-str-extension","name":"Structures: Extension Definitions","description":"These define constraints on FHIR data types for systems conforming to this implementation guide."},{"id":"-term-valueset","name":"Terminology: Value Sets","description":"These define sets of codes used by systems conforming to this implementation guide."},{"id":"-term-codesystem","name":"Terminology: Code Systems","description":"These define new code systems used by systems conforming to this implementation guide."},{"id":"-term-namingsystem","name":"Terminology: Naming Systems","description":"These define identifier and/or code system identities used by systems conforming to this implementation guide."},{"id":"-map-conceptmap","name":"Terminology: Concept Maps","description":"These define transformations to convert between codes by systems conforming with this implementation guide."},{"id":"-ex-example","name":"Example: Example Instances","description":"These are example instances that show what data produced and consumed by systems conforming with this implementation guide might look like."}],"resource":[{"extension":[{"url":"http://hl7.org/fhir/tools/StructureDefinition/resource-sort","valueInteger":999999999},{"url":"http://hl7.org/fhir/StructureDefinition/implementationguide-page","valueUri":"StructureDefinition-PH-RoadSafetyLogicalModel.html"}],"reference":{"reference":"StructureDefinition/PH-RoadSafetyLogicalModel"},"name":"Road Safety Minimum Dataset (MDS) Logical Model","description":"Abstract, sectioned logical model for the PH Road Safety MDS covering incident, patient, encounter, clinical, vitals, injuries, evidence/documents, workflow, and finance. Elements mirror the CSV rows; mappings point to target FHIR elements for subsequent profiling.","exampleBoolean":false,"groupingId":"-str-logicalmodel"},{"extension":[{"url":"http://hl7.org/fhir/tools/StructureDefinition/resource-sort","valueInteger":999999999},{"url":"http://hl7.org/fhir/StructureDefinition/implementationguide-page","valueUri":"StructureDefinition-RS-HealthcareService.html"}],"reference":{"reference":"StructureDefinition/RS-HealthcareService"},"name":"Hospital Available","description":"Represents a hospital available for EMS referral, linked to its location.","exampleBoolean":false,"groupingId":"-str-profile"},{"extension":[{"url":"http://hl7.org/fhir/tools/StructureDefinition/resource-sort","valueInteger":999999999},{"url":"http://hl7.org/fhir/StructureDefinition/implementationguide-page","valueUri":"StructureDefinition-RS-Observation.html"}],"reference":{"reference":"StructureDefinition/RS-Observation"},"name":"Injury Observation","description":"It is intended to support documentation of external causes, nature and extent of injuries, \nvital signs, Glasgow Coma Scale, and other clinical or scene observations related to road traffic incidents.","exampleBoolean":false,"groupingId":"-str-profile"},{"extension":[{"url":"http://hl7.org/fhir/tools/StructureDefinition/resource-sort","valueInteger":999999999},{"url":"http://hl7.org/fhir/StructureDefinition/implementationguide-page","valueUri":"StructureDefinition-RS-Servicerequest.html"}],"reference":{"reference":"StructureDefinition/RS-Servicerequest"},"name":"Refusal to Admit Service Request","description":"Profile for recording refusal to admit a patient.","exampleBoolean":false,"groupingId":"-str-profile"},{"extension":[{"url":"http://hl7.org/fhir/tools/StructureDefinition/resource-sort","valueInteger":999999999},{"url":"http://hl7.org/fhir/StructureDefinition/implementationguide-page","valueUri":"StructureDefinition-RS-Allergyintolerance.html"}],"reference":{"reference":"StructureDefinition/RS-Allergyintolerance"},"name":"Road Safety AllergyIntolerance","description":"Profile for recording allergy or intolerance information in the Philippine Road Safety IG.","exampleBoolean":false,"groupingId":"-str-profile"},{"extension":[{"url":"http://hl7.org/fhir/tools/StructureDefinition/resource-sort","valueInteger":999999999},{"url":"http://hl7.org/fhir/StructureDefinition/implementationguide-page","valueUri":"StructureDefinition-RS-Claim.html"}],"reference":{"reference":"StructureDefinition/RS-Claim"},"name":"Road Safety Claim","description":"A Claim profile for PH Road Safety IG requiring total.","exampleBoolean":false,"groupingId":"-str-profile"},{"extension":[{"url":"http://hl7.org/fhir/tools/StructureDefinition/resource-sort","valueInteger":999999999},{"url":"http://hl7.org/fhir/StructureDefinition/implementationguide-page","valueUri":"StructureDefinition-RS-Condition.html"}],"reference":{"reference":"StructureDefinition/RS-Condition"},"name":"Road Safety Condition","description":"A Condition for the Safety of the Roads in the Philippines.","exampleBoolean":false,"groupingId":"-str-profile"},{"extension":[{"url":"http://hl7.org/fhir/tools/StructureDefinition/resource-sort","valueInteger":999999999},{"url":"http://hl7.org/fhir/StructureDefinition/implementationguide-page","valueUri":"StructureDefinition-RS-Documentreference.html"}],"reference":{"reference":"StructureDefinition/RS-Documentreference"},"name":"Road Safety Document Reference","description":"A profile to capture documents related to road safety incidents in the Philippine context.","exampleBoolean":false,"groupingId":"-str-profile"},{"extension":[{"url":"http://hl7.org/fhir/tools/StructureDefinition/resource-sort","valueInteger":999999999},{"url":"http://hl7.org/fhir/StructureDefinition/implementationguide-page","valueUri":"StructureDefinition-RS-Encounter.html"}],"reference":{"reference":"StructureDefinition/RS-Encounter"},"name":"Road Safety Encounter","description":"Encounter profile for road safety reporting (hospital case no, incident no, transport details, disposition, etc.)","exampleBoolean":false,"groupingId":"-str-profile"},{"extension":[{"url":"http://hl7.org/fhir/tools/StructureDefinition/resource-sort","valueInteger":999999999},{"url":"http://hl7.org/fhir/StructureDefinition/implementationguide-page","valueUri":"StructureDefinition-RS-Medicationstatement.html"}],"reference":{"reference":"StructureDefinition/RS-Medicationstatement"},"name":"Road Safety MedicationStatement","description":"A profile representing a patient's current medication statement for the Philippine health context.","exampleBoolean":false,"groupingId":"-str-profile"},{"extension":[{"url":"http://hl7.org/fhir/tools/StructureDefinition/resource-sort","valueInteger":999999999},{"url":"http://hl7.org/fhir/StructureDefinition/implementationguide-page","valueUri":"StructureDefinition-RS-Patient.html"}],"reference":{"reference":"StructureDefinition/RS-Patient"},"name":"Road Safety Patient","description":"A profile for Road Safety resource specific to Philippine context.","exampleBoolean":false,"groupingId":"-str-profile"},{"extension":[{"url":"http://hl7.org/fhir/tools/StructureDefinition/resource-sort","valueInteger":999999999},{"url":"http://hl7.org/fhir/StructureDefinition/implementationguide-page","valueUri":"StructureDefinition-RS-Procedure.html"}],"reference":{"reference":"StructureDefinition/RS-Procedure"},"name":"Road Safety Procedure","description":"Procedure profile for road safety and injury surveillance.\n- Captures interventions performed on the patient.\n- Supplies used during the procedure.\n- Coordination with receiving hospital if applicable.","exampleBoolean":false,"groupingId":"-str-profile"},{"extension":[{"url":"http://hl7.org/fhir/tools/StructureDefinition/resource-sort","valueInteger":999999999},{"url":"http://hl7.org/fhir/StructureDefinition/implementationguide-page","valueUri":"StructureDefinition-RS-Questionnaire.html"}],"reference":{"reference":"StructureDefinition/RS-Questionnaire"},"name":"Road Safety Questionnaire","description":"A profile on Questionnaire to capture repeating Vital Signs data (Respiratory Rate, Pulse, Blood Pressure, Temperature, LOC).","exampleBoolean":false,"groupingId":"-str-profile"},{"extension":[{"url":"http://hl7.org/fhir/tools/StructureDefinition/resource-sort","valueInteger":999999999},{"url":"http://hl7.org/fhir/StructureDefinition/implementationguide-page","valueUri":"StructureDefinition-RS-task.html"}],"reference":{"reference":"StructureDefinition/RS-task"},"name":"Road Safety Task","description":"A profile for tasks related to road safety, tracking report forms and delays.","exampleBoolean":false,"groupingId":"-str-profile"},{"extension":[{"url":"http://hl7.org/fhir/tools/StructureDefinition/resource-sort","valueInteger":999999999},{"url":"http://hl7.org/fhir/StructureDefinition/implementationguide-page","valueUri":"StructureDefinition-rs-patient-age.html"}],"reference":{"reference":"StructureDefinition/rs-patient-age"},"name":"Age","description":"Patient age, derived from birthDate. Not intended for direct data entry.","exampleBoolean":false,"groupingId":"-str-extension"},{"extension":[{"url":"http://hl7.org/fhir/tools/StructureDefinition/resource-sort","valueInteger":999999999},{"url":"http://hl7.org/fhir/StructureDefinition/implementationguide-page","valueUri":"StructureDefinition-cause-of-road-crash.html"}],"reference":{"reference":"StructureDefinition/cause-of-road-crash"},"name":"Cause of Road Crash Incident","description":"Cause or contributing factor of the road crash.","exampleBoolean":false,"groupingId":"-str-extension"},{"extension":[{"url":"http://hl7.org/fhir/tools/StructureDefinition/resource-sort","valueInteger":999999999},{"url":"http://hl7.org/fhir/StructureDefinition/implementationguide-page","valueUri":"StructureDefinition-ed-availability.html"}],"reference":{"reference":"StructureDefinition/ed-availability"},"name":"Emergency Department Availability","description":"Indicates if the emergency department is currently accepting patients.","exampleBoolean":false,"groupingId":"-str-extension"},{"extension":[{"url":"http://hl7.org/fhir/tools/StructureDefinition/resource-sort","valueInteger":999999999},{"url":"http://hl7.org/fhir/StructureDefinition/implementationguide-page","valueUri":"StructureDefinition-external-cause-detail-ext.html"}],"reference":{"reference":"StructureDefinition/external-cause-detail-ext"},"name":"External Cause Detail","description":"Additional detail for external cause (e.g., specify animal/insect, weapon, burn type).","exampleBoolean":false,"groupingId":"-str-extension"},{"extension":[{"url":"http://hl7.org/fhir/tools/StructureDefinition/resource-sort","valueInteger":999999999},{"url":"http://hl7.org/fhir/StructureDefinition/implementationguide-page","valueUri":"StructureDefinition-first-aid-given.html"}],"reference":{"reference":"StructureDefinition/first-aid-given"},"name":"First Aid Given","description":"Indicates whether first aid was provided to the patient.","exampleBoolean":false,"groupingId":"-str-extension"},{"extension":[{"url":"http://hl7.org/fhir/tools/StructureDefinition/resource-sort","valueInteger":999999999},{"url":"http://hl7.org/fhir/StructureDefinition/implementationguide-page","valueUri":"StructureDefinition-ph-core-occupation.html"}],"reference":{"reference":"StructureDefinition/ph-core-occupation"},"name":"PH Core Occupation (Stub)","description":"Temporary local copy of PH Core Occupation extension for Road Safety testing","exampleBoolean":false,"groupingId":"-str-extension"},{"extension":[{"url":"http://hl7.org/fhir/tools/StructureDefinition/resource-sort","valueInteger":999999999},{"url":"http://hl7.org/fhir/StructureDefinition/implementationguide-page","valueUri":"StructureDefinition-party-at-fault.html"}],"reference":{"reference":"StructureDefinition/party-at-fault"},"name":"Party at Fault","description":"Identifies the party considered at fault in the road crash.","exampleBoolean":false,"groupingId":"-str-extension"},{"extension":[{"url":"http://hl7.org/fhir/tools/StructureDefinition/resource-sort","valueInteger":999999999},{"url":"http://hl7.org/fhir/StructureDefinition/implementationguide-page","valueUri":"StructureDefinition-report-form-received.html"}],"reference":{"reference":"StructureDefinition/report-form-received"},"name":"Report Form Received","description":"Whether the report form was received as digital or physical.","exampleBoolean":false,"groupingId":"-str-extension"},{"extension":[{"url":"http://hl7.org/fhir/tools/StructureDefinition/resource-sort","valueInteger":999999999},{"url":"http://hl7.org/fhir/StructureDefinition/implementationguide-page","valueUri":"StructureDefinition-road-network-shapefile.html"}],"reference":{"reference":"StructureDefinition/road-network-shapefile"},"name":"Road Network Shape File","description":"Metadata reference to detailed road network shapefile related to the incident.","exampleBoolean":false,"groupingId":"-str-extension"},{"extension":[{"url":"http://hl7.org/fhir/tools/StructureDefinition/resource-sort","valueInteger":999999999},{"url":"http://hl7.org/fhir/StructureDefinition/implementationguide-page","valueUri":"StructureDefinition-safety-notes-ext.html"}],"reference":{"reference":"StructureDefinition/safety-notes-ext"},"name":"Safety / Other Risk Factors","exampleBoolean":false,"groupingId":"-str-extension"},{"extension":[{"url":"http://hl7.org/fhir/tools/StructureDefinition/resource-sort","valueInteger":999999999},{"url":"http://hl7.org/fhir/StructureDefinition/implementationguide-page","valueUri":"StructureDefinition-supplies-used.html"}],"reference":{"reference":"StructureDefinition/supplies-used"},"name":"Supplies Used","description":"Records any devices or medications used during the procedure.","exampleBoolean":false,"groupingId":"-str-extension"},{"extension":[{"url":"http://hl7.org/fhir/tools/StructureDefinition/resource-sort","valueInteger":999999999},{"url":"http://hl7.org/fhir/StructureDefinition/implementationguide-page","valueUri":"StructureDefinition-traffic-incident-management.html"}],"reference":{"reference":"StructureDefinition/traffic-incident-management"},"name":"Traffic Incident Management","description":"Documentation or status of traffic incident management.","exampleBoolean":false,"groupingId":"-str-extension"},{"extension":[{"url":"http://hl7.org/fhir/tools/StructureDefinition/resource-sort","valueInteger":999999999},{"url":"http://hl7.org/fhir/StructureDefinition/implementationguide-page","valueUri":"StructureDefinition-transpo-coordination.html"}],"reference":{"reference":"StructureDefinition/transpo-coordination"},"name":"Transport Coordination","description":"Indicates if transport to receiving hospital was coordinated.","exampleBoolean":false,"groupingId":"-str-extension"},{"extension":[{"url":"http://hl7.org/fhir/tools/StructureDefinition/resource-sort","valueInteger":999999999},{"url":"http://hl7.org/fhir/StructureDefinition/implementationguide-page","valueUri":"StructureDefinition-transport-details-ext.html"}],"reference":{"reference":"StructureDefinition/transport-details-ext"},"name":"Transport Details","description":"Details about mode of transport, vehicles involved, positions.","exampleBoolean":false,"groupingId":"-str-extension"},{"extension":[{"url":"http://hl7.org/fhir/tools/StructureDefinition/resource-sort","valueInteger":999999999},{"url":"http://hl7.org/fhir/StructureDefinition/implementationguide-page","valueUri":"StructureDefinition-vehicle-condition.html"}],"reference":{"reference":"StructureDefinition/vehicle-condition"},"name":"Vehicle Condition","description":"Condition of the vehicle involved in the incident.","exampleBoolean":false,"groupingId":"-str-extension"},{"extension":[{"url":"http://hl7.org/fhir/tools/StructureDefinition/resource-sort","valueInteger":999999999},{"url":"http://hl7.org/fhir/StructureDefinition/implementationguide-page","valueUri":"StructureDefinition-vehicle-used.html"}],"reference":{"reference":"StructureDefinition/vehicle-used"},"name":"Vehicle Used","description":"The type of vehicle used by the patient or involved in the encounter.","exampleBoolean":false,"groupingId":"-str-extension"},{"extension":[{"url":"http://hl7.org/fhir/tools/StructureDefinition/resource-sort","valueInteger":999999999},{"url":"http://hl7.org/fhir/StructureDefinition/implementationguide-page","valueUri":"StructureDefinition-vehicle-list-ext.html"}],"reference":{"reference":"StructureDefinition/vehicle-list-ext"},"name":"Vehicle list","exampleBoolean":false,"groupingId":"-str-extension"},{"extension":[{"url":"http://hl7.org/fhir/tools/StructureDefinition/resource-sort","valueInteger":999999999},{"url":"http://hl7.org/fhir/StructureDefinition/implementationguide-page","valueUri":"ValueSet-activity-vs.html"}],"reference":{"reference":"ValueSet/activity-vs"},"name":"Activity ValueSet (example)","description":"Example ValueSet for Activity at time of incident","exampleBoolean":false,"groupingId":"-term-valueset"},{"extension":[{"url":"http://hl7.org/fhir/tools/StructureDefinition/resource-sort","valueInteger":999999999},{"url":"http://hl7.org/fhir/StructureDefinition/implementationguide-page","valueUri":"ValueSet-age-units-vs.html"}],"reference":{"reference":"ValueSet/age-units-vs"},"name":"Age Units ValueSet","description":"Allowed units for Patient Age when Date of Birth is not available.","exampleBoolean":false,"groupingId":"-term-valueset"},{"extension":[{"url":"http://hl7.org/fhir/tools/StructureDefinition/resource-sort","valueInteger":999999999},{"url":"http://hl7.org/fhir/StructureDefinition/implementationguide-page","valueUri":"ValueSet-rs-procedure.html"}],"reference":{"reference":"ValueSet/rs-procedure"},"name":"All Road Safety Procedure Codes","description":"Combines medical interventions, first aid, and psychosocial procedures.","exampleBoolean":false,"groupingId":"-term-valueset"},{"extension":[{"url":"http://hl7.org/fhir/tools/StructureDefinition/resource-sort","valueInteger":999999999},{"url":"http://hl7.org/fhir/StructureDefinition/implementationguide-page","valueUri":"ValueSet-cause-of-crash-file-type-vs.html"}],"reference":{"reference":"ValueSet/cause-of-crash-file-type-vs"},"name":"Cause of Crash File Type ValueSet","description":"Allowed file types for documents describing the cause of a road crash.","exampleBoolean":false,"groupingId":"-term-valueset"},{"extension":[{"url":"http://hl7.org/fhir/tools/StructureDefinition/resource-sort","valueInteger":999999999},{"url":"http://hl7.org/fhir/StructureDefinition/implementationguide-page","valueUri":"ValueSet-cause-of-crash-vs.html"}],"reference":{"reference":"ValueSet/cause-of-crash-vs"},"name":"Cause of Road Crash","description":"Defines codes representing the external causes of road traffic crashes","exampleBoolean":false,"groupingId":"-term-valueset"},{"extension":[{"url":"http://hl7.org/fhir/tools/StructureDefinition/resource-sort","valueInteger":999999999},{"url":"http://hl7.org/fhir/StructureDefinition/implementationguide-page","valueUri":"ValueSet-collision-type-vs.html"}],"reference":{"reference":"ValueSet/collision-type-vs"},"name":"Collision Type ValueSet (example)","description":"Types of collision in road traffic incidents","exampleBoolean":false,"groupingId":"-term-valueset"},{"extension":[{"url":"http://hl7.org/fhir/tools/StructureDefinition/resource-sort","valueInteger":999999999},{"url":"http://hl7.org/fhir/StructureDefinition/implementationguide-page","valueUri":"ValueSet-external-cause-vs.html"}],"reference":{"reference":"ValueSet/external-cause-vs"},"name":"External Cause ValueSet (example)","description":"Illustrative set of codes representing external causes of injury.","exampleBoolean":false,"groupingId":"-term-valueset"},{"extension":[{"url":"http://hl7.org/fhir/tools/StructureDefinition/resource-sort","valueInteger":999999999},{"url":"http://hl7.org/fhir/StructureDefinition/implementationguide-page","valueUri":"ValueSet-first-aid.html"}],"reference":{"reference":"ValueSet/first-aid"},"name":"First Aid Codes","description":"Allowed values for first aid performed.","exampleBoolean":false,"groupingId":"-term-valueset"},{"extension":[{"url":"http://hl7.org/fhir/tools/StructureDefinition/resource-sort","valueInteger":999999999},{"url":"http://hl7.org/fhir/StructureDefinition/implementationguide-page","valueUri":"ValueSet-rs-hospital-category.html"}],"reference":{"reference":"ValueSet/rs-hospital-category"},"name":"Hospital / EMS Category","description":"Categories for hospitals relevant to EMS referral.","exampleBoolean":false,"groupingId":"-term-valueset"},{"extension":[{"url":"http://hl7.org/fhir/tools/StructureDefinition/resource-sort","valueInteger":999999999},{"url":"http://hl7.org/fhir/StructureDefinition/implementationguide-page","valueUri":"ValueSet-intervention.html"}],"reference":{"reference":"ValueSet/intervention"},"name":"Medical Intervention Procedure Codes","description":"Procedure codes representing medical interventions.","exampleBoolean":false,"groupingId":"-term-valueset"},{"extension":[{"url":"http://hl7.org/fhir/tools/StructureDefinition/resource-sort","valueInteger":999999999},{"url":"http://hl7.org/fhir/StructureDefinition/implementationguide-page","valueUri":"ValueSet-mode-of-transport-vs.html"}],"reference":{"reference":"ValueSet/mode-of-transport-vs"},"name":"Mode of Transport ValueSet (example)","description":"Sample ValueSet capturing transport modes.","exampleBoolean":false,"groupingId":"-term-valueset"},{"extension":[{"url":"http://hl7.org/fhir/tools/StructureDefinition/resource-sort","valueInteger":999999999},{"url":"http://hl7.org/fhir/StructureDefinition/implementationguide-page","valueUri":"ValueSet-injury-nature-vs.html"}],"reference":{"reference":"ValueSet/injury-nature-vs"},"name":"Nature of Injury ValueSet (example)","description":"Demonstration ValueSet capturing the nature of injury.","exampleBoolean":false,"groupingId":"-term-valueset"},{"extension":[{"url":"http://hl7.org/fhir/tools/StructureDefinition/resource-sort","valueInteger":999999999},{"url":"http://hl7.org/fhir/StructureDefinition/implementationguide-page","valueUri":"ValueSet-outcome-vs.html"}],"reference":{"reference":"ValueSet/outcome-vs"},"name":"Outcome ValueSet (example)","description":"Example ValueSet capturing possible outcomes.","exampleBoolean":false,"groupingId":"-term-valueset"},{"extension":[{"url":"http://hl7.org/fhir/tools/StructureDefinition/resource-sort","valueInteger":999999999},{"url":"http://hl7.org/fhir/StructureDefinition/implementationguide-page","valueUri":"ValueSet-party-at-fault-vs.html"}],"reference":{"reference":"ValueSet/party-at-fault-vs"},"name":"Party at Fault","description":"ValueSet indicating the party at fault in an incident.","exampleBoolean":false,"groupingId":"-term-valueset"},{"extension":[{"url":"http://hl7.org/fhir/tools/StructureDefinition/resource-sort","valueInteger":999999999},{"url":"http://hl7.org/fhir/StructureDefinition/implementationguide-page","valueUri":"ValueSet-place-occ-vs.html"}],"reference":{"reference":"ValueSet/place-occ-vs"},"name":"Place of Occurrence ValueSet (example)","description":"Example ValueSet capturing places of occurrence.","exampleBoolean":false,"groupingId":"-term-valueset"},{"extension":[{"url":"http://hl7.org/fhir/tools/StructureDefinition/resource-sort","valueInteger":999999999},{"url":"http://hl7.org/fhir/StructureDefinition/implementationguide-page","valueUri":"ValueSet-psychosocial-procedure.html"}],"reference":{"reference":"ValueSet/psychosocial-procedure"},"name":"Psychosocial Procedure Codes","description":"Codes representing psychosocial support interventions.","exampleBoolean":false,"groupingId":"-term-valueset"},{"extension":[{"url":"http://hl7.org/fhir/tools/StructureDefinition/resource-sort","valueInteger":999999999},{"url":"http://hl7.org/fhir/StructureDefinition/implementationguide-page","valueUri":"ValueSet-report-form-received-vs.html"}],"reference":{"reference":"ValueSet/report-form-received-vs"},"name":"Report Form Received","description":"ValueSet indicating whether a report form has been received.","exampleBoolean":false,"groupingId":"-term-valueset"},{"extension":[{"url":"http://hl7.org/fhir/tools/StructureDefinition/resource-sort","valueInteger":999999999},{"url":"http://hl7.org/fhir/StructureDefinition/implementationguide-page","valueUri":"ValueSet-road-network-file-type-vs.html"}],"reference":{"reference":"ValueSet/road-network-file-type-vs"},"name":"Road Network File Type","description":"Permitted file types for detailed road network shapefiles or GIS documents.","exampleBoolean":false,"groupingId":"-term-valueset"},{"extension":[{"url":"http://hl7.org/fhir/tools/StructureDefinition/resource-sort","valueInteger":999999999},{"url":"http://hl7.org/fhir/StructureDefinition/implementationguide-page","valueUri":"ValueSet-rs-task-status.html"}],"reference":{"reference":"ValueSet/rs-task-status"},"name":"Road Safety Task Status","description":"ValueSet for Task.status using custom Road Safety codes.","exampleBoolean":false,"groupingId":"-term-valueset"},{"extension":[{"url":"http://hl7.org/fhir/tools/StructureDefinition/resource-sort","valueInteger":999999999},{"url":"http://hl7.org/fhir/StructureDefinition/implementationguide-page","valueUri":"ValueSet-coordination.html"}],"reference":{"reference":"ValueSet/coordination"},"name":"Transport Coordination Codes","description":"Standard codes for documenting transport coordination.","exampleBoolean":false,"groupingId":"-term-valueset"},{"extension":[{"url":"http://hl7.org/fhir/tools/StructureDefinition/resource-sort","valueInteger":999999999},{"url":"http://hl7.org/fhir/StructureDefinition/implementationguide-page","valueUri":"ValueSet-priority-vs.html"}],"reference":{"reference":"ValueSet/priority-vs"},"name":"Triage Priority ValueSet (example)","description":"Example ValueSet capturing triage priorities.","exampleBoolean":false,"groupingId":"-term-valueset"},{"extension":[{"url":"http://hl7.org/fhir/tools/StructureDefinition/resource-sort","valueInteger":999999999},{"url":"http://hl7.org/fhir/StructureDefinition/implementationguide-page","valueUri":"ValueSet-vs-rs-vehicle-type.html"}],"reference":{"reference":"ValueSet/vs-rs-vehicle-type"},"name":"ValueSet for Vehicle Used","description":"Vehicle types allowed for Road Safety Encounter","exampleBoolean":false,"groupingId":"-term-valueset"},{"extension":[{"url":"http://hl7.org/fhir/tools/StructureDefinition/resource-sort","valueInteger":999999999},{"url":"http://hl7.org/fhir/StructureDefinition/implementationguide-page","valueUri":"ValueSet-vehicle-condition-vs.html"}],"reference":{"reference":"ValueSet/vehicle-condition-vs"},"name":"Vehicle Condition","description":"ValueSet indicating the condition of a vehicle.","exampleBoolean":false,"groupingId":"-term-valueset"},{"extension":[{"url":"http://hl7.org/fhir/tools/StructureDefinition/resource-sort","valueInteger":999999999},{"url":"http://hl7.org/fhir/StructureDefinition/implementationguide-page","valueUri":"CodeSystem-activity-cs.html"}],"reference":{"reference":"CodeSystem/activity-cs"},"name":"Activity at time of incident (example)","exampleBoolean":false,"groupingId":"-term-codesystem"},{"extension":[{"url":"http://hl7.org/fhir/tools/StructureDefinition/resource-sort","valueInteger":999999999},{"url":"http://hl7.org/fhir/StructureDefinition/implementationguide-page","valueUri":"CodeSystem-cause-of-crash-cs.html"}],"reference":{"reference":"CodeSystem/cause-of-crash-cs"},"name":"Cause of Road Crash","exampleBoolean":false,"groupingId":"-term-codesystem"},{"extension":[{"url":"http://hl7.org/fhir/tools/StructureDefinition/resource-sort","valueInteger":999999999},{"url":"http://hl7.org/fhir/StructureDefinition/implementationguide-page","valueUri":"CodeSystem-collision-type-cs.html"}],"reference":{"reference":"CodeSystem/collision-type-cs"},"name":"Collision Type (example)","exampleBoolean":false,"groupingId":"-term-codesystem"},{"extension":[{"url":"http://hl7.org/fhir/tools/StructureDefinition/resource-sort","valueInteger":999999999},{"url":"http://hl7.org/fhir/StructureDefinition/implementationguide-page","valueUri":"CodeSystem-external-cause-cs.html"}],"reference":{"reference":"CodeSystem/external-cause-cs"},"name":"External Cause CodeSystem (example)","exampleBoolean":false,"groupingId":"-term-codesystem"},{"extension":[{"url":"http://hl7.org/fhir/tools/StructureDefinition/resource-sort","valueInteger":999999999},{"url":"http://hl7.org/fhir/StructureDefinition/implementationguide-page","valueUri":"CodeSystem-mode-of-transport-cs.html"}],"reference":{"reference":"CodeSystem/mode-of-transport-cs"},"name":"Mode of Transport (example)","exampleBoolean":false,"groupingId":"-term-codesystem"},{"extension":[{"url":"http://hl7.org/fhir/tools/StructureDefinition/resource-sort","valueInteger":999999999},{"url":"http://hl7.org/fhir/StructureDefinition/implementationguide-page","valueUri":"CodeSystem-injury-nature-cs.html"}],"reference":{"reference":"CodeSystem/injury-nature-cs"},"name":"Nature of Injury (example)","exampleBoolean":false,"groupingId":"-term-codesystem"},{"extension":[{"url":"http://hl7.org/fhir/tools/StructureDefinition/resource-sort","valueInteger":999999999},{"url":"http://hl7.org/fhir/StructureDefinition/implementationguide-page","valueUri":"CodeSystem-outcome-cs.html"}],"reference":{"reference":"CodeSystem/outcome-cs"},"name":"Outcome (example)","exampleBoolean":false,"groupingId":"-term-codesystem"},{"extension":[{"url":"http://hl7.org/fhir/tools/StructureDefinition/resource-sort","valueInteger":999999999},{"url":"http://hl7.org/fhir/StructureDefinition/implementationguide-page","valueUri":"CodeSystem-party-at-fault-cs.html"}],"reference":{"reference":"CodeSystem/party-at-fault-cs"},"name":"Party at Fault","exampleBoolean":false,"groupingId":"-term-codesystem"},{"extension":[{"url":"http://hl7.org/fhir/tools/StructureDefinition/resource-sort","valueInteger":999999999},{"url":"http://hl7.org/fhir/StructureDefinition/implementationguide-page","valueUri":"CodeSystem-place-occ-cs.html"}],"reference":{"reference":"CodeSystem/place-occ-cs"},"name":"Place of Occurrence (example)","exampleBoolean":false,"groupingId":"-term-codesystem"},{"extension":[{"url":"http://hl7.org/fhir/tools/StructureDefinition/resource-sort","valueInteger":999999999},{"url":"http://hl7.org/fhir/StructureDefinition/implementationguide-page","valueUri":"CodeSystem-report-form-received-cs.html"}],"reference":{"reference":"CodeSystem/report-form-received-cs"},"name":"Report Form Received","exampleBoolean":false,"groupingId":"-term-codesystem"},{"extension":[{"url":"http://hl7.org/fhir/tools/StructureDefinition/resource-sort","valueInteger":999999999},{"url":"http://hl7.org/fhir/StructureDefinition/implementationguide-page","valueUri":"CodeSystem-road-network-file-type-cs.html"}],"reference":{"reference":"CodeSystem/road-network-file-type-cs"},"name":"Road Network File Type","description":"Allowed file types for detailed road network shapefiles or GIS data.","exampleBoolean":false,"groupingId":"-term-codesystem"},{"extension":[{"url":"http://hl7.org/fhir/tools/StructureDefinition/resource-sort","valueInteger":999999999},{"url":"http://hl7.org/fhir/StructureDefinition/implementationguide-page","valueUri":"CodeSystem-rs-task-status-cs.html"}],"reference":{"reference":"CodeSystem/rs-task-status-cs"},"name":"Road Safety Task Status Codes","description":"Custom codes for Task.status specific to Road Safety reporting.","exampleBoolean":false,"groupingId":"-term-codesystem"},{"extension":[{"url":"http://hl7.org/fhir/tools/StructureDefinition/resource-sort","valueInteger":999999999},{"url":"http://hl7.org/fhir/StructureDefinition/implementationguide-page","valueUri":"CodeSystem-priority-cs.html"}],"reference":{"reference":"CodeSystem/priority-cs"},"name":"Triage Priority (example)","exampleBoolean":false,"groupingId":"-term-codesystem"},{"extension":[{"url":"http://hl7.org/fhir/tools/StructureDefinition/resource-sort","valueInteger":999999999},{"url":"http://hl7.org/fhir/StructureDefinition/implementationguide-page","valueUri":"CodeSystem-vehicle-condition-cs.html"}],"reference":{"reference":"CodeSystem/vehicle-condition-cs"},"name":"Vehicle Condition","exampleBoolean":false,"groupingId":"-term-codesystem"},{"extension":[{"url":"http://hl7.org/fhir/tools/StructureDefinition/resource-sort","valueInteger":999999999},{"url":"http://hl7.org/fhir/StructureDefinition/implementationguide-page","valueUri":"CodeSystem-vehicle-types.html"}],"reference":{"reference":"CodeSystem/vehicle-types"},"name":"Vehicle Types","description":"A code system for different types of vehicles used in road safety encounters.","exampleBoolean":false,"groupingId":"-term-codesystem"},{"extension":[{"url":"http://hl7.org/fhir/tools/StructureDefinition/resource-sort","valueInteger":999999999},{"url":"http://hl7.org/fhir/StructureDefinition/implementationguide-page","valueUri":"NamingSystem-hospital-case-no-ns.html"}],"reference":{"reference":"NamingSystem/hospital-case-no-ns"},"name":"Hospital Case Number System","description":"Unique identifier assigned to each hospital case.","exampleBoolean":false,"groupingId":"-term-namingsystem"},{"extension":[{"url":"http://hl7.org/fhir/tools/StructureDefinition/resource-sort","valueInteger":999999999},{"url":"http://hl7.org/fhir/StructureDefinition/implementationguide-page","valueUri":"NamingSystem-hospital-patient-id-ns.html"}],"reference":{"reference":"NamingSystem/hospital-patient-id-ns"},"name":"Hospital Patient ID No.","description":"The permanent and unique number issued by hospitals to individual patients and their dependents.","exampleBoolean":false,"groupingId":"-term-namingsystem"},{"extension":[{"url":"http://hl7.org/fhir/tools/StructureDefinition/resource-sort","valueInteger":999999999},{"url":"http://hl7.org/fhir/StructureDefinition/implementationguide-page","valueUri":"NamingSystem-IncidentNoNS.html"}],"reference":{"reference":"NamingSystem/IncidentNoNS"},"name":"Incident Number System","description":"Unique identifier assigned to each incident.","exampleBoolean":false,"groupingId":"-term-namingsystem"},{"extension":[{"url":"http://hl7.org/fhir/tools/StructureDefinition/resource-sort","valueInteger":999999999},{"url":"http://hl7.org/fhir/StructureDefinition/implementationguide-page","valueUri":"NamingSystem-hospital-registry-id-ns.html"}],"reference":{"reference":"NamingSystem/hospital-registry-id-ns"},"name":"National Health Facility Registry ID","description":"The permanent and unique number issued by PhilHealth to individual members and to each and every dependent.","exampleBoolean":false,"groupingId":"-term-namingsystem"},{"extension":[{"url":"http://hl7.org/fhir/tools/StructureDefinition/resource-sort","valueInteger":999999999},{"url":"http://hl7.org/fhir/StructureDefinition/implementationguide-page","valueUri":"ConceptMap-MDSRoadSafety2FHIR.html"}],"reference":{"reference":"ConceptMap/MDSRoadSafety2FHIR"},"name":"MDS Logical Model to FHIR Mapping","description":"Maps elements from the MDSRoadSafety logical model to target FHIR R4 resources.","exampleBoolean":false,"groupingId":"-map-conceptmap"},{"extension":[{"url":"http://hl7.org/fhir/tools/StructureDefinition/resource-sort","valueInteger":999999999},{"url":"http://hl7.org/fhir/StructureDefinition/implementationguide-page","valueUri":"Location-Example-RS-Scene-Location.html"}],"reference":{"reference":"Location/Example-RS-Scene-Location"},"name":"Accident Scene Location","description":"Road traffic accident scene for the encounter.","exampleBoolean":true,"groupingId":"-ex-example"},{"extension":[{"url":"http://hl7.org/fhir/tools/StructureDefinition/resource-sort","valueInteger":999999999},{"url":"http://hl7.org/fhir/StructureDefinition/implementationguide-page","valueUri":"Organization-hospital-example.html"}],"reference":{"reference":"Organization/hospital-example"},"name":"City General Hospital","description":"Receiving medical facility for the road safety encounter.","exampleBoolean":true,"groupingId":"-ex-example"},{"extension":[{"url":"http://hl7.org/fhir/tools/StructureDefinition/resource-sort","valueInteger":999999999},{"url":"http://hl7.org/fhir/StructureDefinition/implementationguide-page","valueUri":"Location-Example-RS-Hospital-Location.html"}],"reference":{"reference":"Location/Example-RS-Hospital-Location"},"name":"City General Hospital - Emergency Department","description":"ED Location involved in the encounter.","exampleBoolean":true,"groupingId":"-ex-example"},{"extension":[{"url":"http://hl7.org/fhir/tools/StructureDefinition/resource-sort","valueInteger":999999999},{"url":"http://hl7.org/fhir/StructureDefinition/implementationguide-page","valueUri":"Organization-organization-hospital-ex.html"}],"reference":{"reference":"Organization/organization-hospital-ex"},"name":"Example Hospital Organization","description":"Hospital submitting the road safety patient report.","exampleBoolean":true,"groupingId":"-ex-example"},{"extension":[{"url":"http://hl7.org/fhir/tools/StructureDefinition/resource-sort","valueInteger":999999999},{"url":"http://hl7.org/fhir/StructureDefinition/implementationguide-page","valueUri":"Patient-patient-jose-dela-cruz.html"}],"reference":{"reference":"Patient/patient-jose-dela-cruz"},"name":"Patient - Jose Dela Cruz","description":"Road crash patient referenced by the ServiceRequest example.","exampleBoolean":true,"groupingId":"-ex-example"},{"extension":[{"url":"http://hl7.org/fhir/tools/StructureDefinition/resource-sort","valueInteger":999999999},{"url":"http://hl7.org/fhir/StructureDefinition/implementationguide-page","valueUri":"Practitioner-practitioner-ana-cruz.html"}],"reference":{"reference":"Practitioner/practitioner-ana-cruz"},"name":"Practitioner - Ana Cruz","description":"Team Leader in the Road Safety Encounter (Dr. Ana Cruz leads the medical response team).","exampleBoolean":true,"groupingId":"-ex-example"},{"extension":[{"url":"http://hl7.org/fhir/tools/StructureDefinition/resource-sort","valueInteger":999999999},{"url":"http://hl7.org/fhir/StructureDefinition/implementationguide-page","valueUri":"Practitioner-practitioner-john-lee.html"}],"reference":{"reference":"Practitioner/practitioner-john-lee"},"name":"Practitioner - John Lee","description":"Assistant in the Road Safety Encounter (Nurse John Lee assists the treatment and transport officers).","exampleBoolean":true,"groupingId":"-ex-example"},{"extension":[{"url":"http://hl7.org/fhir/tools/StructureDefinition/resource-sort","valueInteger":999999999},{"url":"http://hl7.org/fhir/StructureDefinition/implementationguide-page","valueUri":"Practitioner-practitioner-lisa-tan.html"}],"reference":{"reference":"Practitioner/practitioner-lisa-tan"},"name":"Practitioner - Lisa Tan","description":"Transport Officer in the Road Safety Encounter (Dr. Lisa Tan is responsible for patient transfer and transport decisions).","exampleBoolean":true,"groupingId":"-ex-example"},{"extension":[{"url":"http://hl7.org/fhir/tools/StructureDefinition/resource-sort","valueInteger":999999999},{"url":"http://hl7.org/fhir/StructureDefinition/implementationguide-page","valueUri":"Practitioner-practitioner-maria-santos.html"}],"reference":{"reference":"Practitioner/practitioner-maria-santos"},"name":"Practitioner - Maria Santos","description":"Received By in the Road Safety Encounter (Clerk Maria Santos logs the patient’s arrival at the receiving facility).","exampleBoolean":true,"groupingId":"-ex-example"},{"extension":[{"url":"http://hl7.org/fhir/tools/StructureDefinition/resource-sort","valueInteger":999999999},{"url":"http://hl7.org/fhir/StructureDefinition/implementationguide-page","valueUri":"Practitioner-practitioner-mark-reyes.html"}],"reference":{"reference":"Practitioner/practitioner-mark-reyes"},"name":"Practitioner - Mark Reyes","description":"Treatment Officer in the Road Safety Encounter (Dr. Mark Reyes provides primary patient treatment).","exampleBoolean":true,"groupingId":"-ex-example"},{"extension":[{"url":"http://hl7.org/fhir/tools/StructureDefinition/resource-sort","valueInteger":999999999},{"url":"http://hl7.org/fhir/StructureDefinition/implementationguide-page","valueUri":"ServiceRequest-road-safety-servicerequest-example.html"}],"reference":{"reference":"ServiceRequest/road-safety-servicerequest-example"},"name":"Refusal to Admit Service Request Example","description":"This example records a refusal to admit a road crash patient during a Road Safety Encounter, including the hospital that refused admission and the physician involved.","exampleCanonical":"https://build.fhir.org/ig/UPM-NTHC/PH-RoadSafetyIG/StructureDefinition/RS-Servicerequest","groupingId":"-ex-example"},{"extension":[{"url":"http://hl7.org/fhir/tools/StructureDefinition/resource-sort","valueInteger":999999999},{"url":"http://hl7.org/fhir/StructureDefinition/implementationguide-page","valueUri":"Encounter-road-safety-encounter-example.html"}],"reference":{"reference":"Encounter/road-safety-encounter-example"},"name":"Road Safety Encounter Example","description":"Example of a road safety hospital encounter with identifiers, participants, and disposition.","exampleCanonical":"https://build.fhir.org/ig/UPM-NTHC/PH-RoadSafetyIG/StructureDefinition/RS-Encounter","groupingId":"-ex-example"},{"extension":[{"url":"http://hl7.org/fhir/tools/StructureDefinition/resource-sort","valueInteger":999999999},{"url":"http://hl7.org/fhir/StructureDefinition/implementationguide-page","valueUri":"Patient-patient-road-safety-age2.html"}],"reference":{"reference":"Patient/patient-road-safety-age2"},"name":"Road Safety Patient Example - Age Only","description":"Example of a patient where only age is known.","exampleCanonical":"https://build.fhir.org/ig/UPM-NTHC/PH-RoadSafetyIG/StructureDefinition/RS-Patient","groupingId":"-ex-example"},{"extension":[{"url":"http://hl7.org/fhir/tools/StructureDefinition/resource-sort","valueInteger":999999999},{"url":"http://hl7.org/fhir/StructureDefinition/implementationguide-page","valueUri":"Patient-patient-road-safety-age4.html"}],"reference":{"reference":"Patient/patient-road-safety-age4"},"name":"Road Safety Patient Example - Elderly","description":"Example of an elderly patient with approximate age.","exampleCanonical":"https://build.fhir.org/ig/UPM-NTHC/PH-RoadSafetyIG/StructureDefinition/RS-Patient","groupingId":"-ex-example"},{"extension":[{"url":"http://hl7.org/fhir/tools/StructureDefinition/resource-sort","valueInteger":999999999},{"url":"http://hl7.org/fhir/StructureDefinition/implementationguide-page","valueUri":"Patient-patient-road-safety-age3.html"}],"reference":{"reference":"Patient/patient-road-safety-age3"},"name":"Road Safety Patient Example - Infant Age","description":"Example of a pediatric patient with age in months.","exampleCanonical":"https://build.fhir.org/ig/UPM-NTHC/PH-RoadSafetyIG/StructureDefinition/RS-Patient","groupingId":"-ex-example"},{"extension":[{"url":"http://hl7.org/fhir/tools/StructureDefinition/resource-sort","valueInteger":999999999},{"url":"http://hl7.org/fhir/StructureDefinition/implementationguide-page","valueUri":"Patient-patient-road-safety-two-addresses.html"}],"reference":{"reference":"Patient/patient-road-safety-two-addresses"},"name":"Road Safety Patient Example - With Two Addresses","description":"A patient with both permanent and temporary addresses.","exampleCanonical":"https://build.fhir.org/ig/UPM-NTHC/PH-RoadSafetyIG/StructureDefinition/RS-Patient","groupingId":"-ex-example"},{"extension":[{"url":"http://hl7.org/fhir/tools/StructureDefinition/resource-sort","valueInteger":999999999},{"url":"http://hl7.org/fhir/StructureDefinition/implementationguide-page","valueUri":"Task-task-road-safety-ex.html"}],"reference":{"reference":"Task/task-road-safety-ex"},"name":"Road Safety Task Example","description":"Example of a road safety task to track report form receipt and delays.","exampleCanonical":"urn://example.com.ph/StructureDefinition/rs-task","groupingId":"-ex-example"},{"extension":[{"url":"http://hl7.org/fhir/tools/StructureDefinition/resource-sort","valueInteger":999999999},{"url":"http://hl7.org/fhir/StructureDefinition/implementationguide-page","valueUri":"Organization-organization-uppgh.html"}],"reference":{"reference":"Organization/organization-uppgh"},"name":"UP Philippine General Hospital (UP-PGH)","description":"Hospital referenced in the ServiceRequest example (refused admission).","exampleBoolean":true,"groupingId":"-ex-example"},{"extension":[{"url":"http://hl7.org/fhir/tools/StructureDefinition/resource-sort","valueInteger":999999999},{"url":"http://hl7.org/fhir/StructureDefinition/implementationguide-page","valueUri":"Questionnaire-VitalSignsQuestionnaire.html"}],"reference":{"reference":"Questionnaire/VitalSignsQuestionnaire"},"name":"Vital Signs Questionnaire","description":"Example Questionnaire instance to capture repeating sets of Vital Signs.","exampleCanonical":"https://build.fhir.org/ig/UPM-NTHC/PH-RoadSafetyIG/StructureDefinition/RS-Questionnaire","groupingId":"-ex-example"},{"extension":[{"url":"http://hl7.org/fhir/tools/StructureDefinition/resource-sort","valueInteger":999999999},{"url":"http://hl7.org/fhir/StructureDefinition/implementationguide-page","valueUri":"QuestionnaireResponse-VitalSignsQuestionnaireResponse.html"}],"reference":{"reference":"QuestionnaireResponse/VitalSignsQuestionnaireResponse"},"name":"Vital Signs QuestionnaireResponse Example","description":"Example response to the Vital Signs Questionnaire with sample measurements.","exampleBoolean":true,"groupingId":"-ex-example"},{"extension":[{"url":"http://hl7.org/fhir/tools/StructureDefinition/resource-sort","valueInteger":999999999},{"url":"http://hl7.org/fhir/StructureDefinition/implementationguide-page","valueUri":"Patient-patient-road-safety-ex.html"}],"reference":{"reference":"Patient/patient-road-safety-ex"},"name":"patient-road-safety-ex","description":"Example patient involved in a road traffic crash, aligned to the RoadSafetyProfile.","exampleCanonical":"https://build.fhir.org/ig/UPM-NTHC/PH-RoadSafetyIG/StructureDefinition/RS-Patient","groupingId":"-ex-example"}],"page":{"extension":[{"url":"http://hl7.org/fhir/tools/StructureDefinition/ig-page-name","valueUrl":"toc.html"}],"nameUrl":"toc.html","title":"Table of Contents","generation":"html","page":[{"extension":[{"url":"http://hl7.org/fhir/tools/StructureDefinition/ig-page-name","valueUrl":"index.html"}],"nameUrl":"index.html","title":"Home","generation":"markdown"},{"extension":[{"url":"http://hl7.org/fhir/tools/StructureDefinition/ig-page-name","valueUrl":"data-modelling.html"}],"nameUrl":"data-modelling.html","title":"Data Modelling","generation":"markdown"},{"extension":[{"url":"http://hl7.org/fhir/tools/StructureDefinition/ig-page-name","valueUrl":"downloads.html"}],"nameUrl":"downloads.html","title":"Downloads","generation":"markdown"},{"extension":[{"url":"http://hl7.org/fhir/tools/StructureDefinition/ig-page-name","valueUrl":"examples.html"}],"nameUrl":"examples.html","title":"Examples","generation":"markdown"},{"extension":[{"url":"http://hl7.org/fhir/tools/StructureDefinition/ig-page-name","valueUrl":"roadmap.html"}],"nameUrl":"roadmap.html","title":"Roadmap","generation":"markdown"},{"extension":[{"url":"http://hl7.org/fhir/tools/StructureDefinition/ig-page-name","valueUrl":"usecase.html"}],"nameUrl":"usecase.html","title":"Usecase","generation":"markdown"},{"extension":[{"url":"http://hl7.org/fhir/tools/StructureDefinition/ig-page-name","valueUrl":"usecase-facility-oneiss.html"}],"nameUrl":"usecase-facility-oneiss.html","title":"Usecase Facility Oneiss","generation":"markdown"},{"extension":[{"url":"http://hl7.org/fhir/tools/StructureDefinition/ig-page-name","valueUrl":"usecase-ph-core-interoperability.html"}],"nameUrl":"usecase-ph-core-interoperability.html","title":"Usecase Ph Core Interoperability","generation":"markdown"},{"extension":[{"url":"http://hl7.org/fhir/tools/StructureDefinition/ig-page-name","valueUrl":"artifacts.html"}],"nameUrl":"artifacts.html","title":"Artifacts Summary","generation":"html","page":[{"extension":[{"url":"http://hl7.org/fhir/tools/StructureDefinition/ig-page-name","valueUrl":"StructureDefinition-PH-RoadSafetyLogicalModel.html"}],"nameUrl":"StructureDefinition-PH-RoadSafetyLogicalModel.html","title":"Road Safety Minimum Dataset (MDS) Logical Model","generation":"generated"},{"extension":[{"url":"http://hl7.org/fhir/tools/StructureDefinition/ig-page-name","valueUrl":"StructureDefinition-RS-HealthcareService.html"}],"nameUrl":"StructureDefinition-RS-HealthcareService.html","title":"Hospital Available","generation":"generated"},{"extension":[{"url":"http://hl7.org/fhir/tools/StructureDefinition/ig-page-name","valueUrl":"StructureDefinition-RS-Observation.html"}],"nameUrl":"StructureDefinition-RS-Observation.html","title":"Injury Observation","generation":"generated"},{"extension":[{"url":"http://hl7.org/fhir/tools/StructureDefinition/ig-page-name","valueUrl":"StructureDefinition-RS-Servicerequest.html"}],"nameUrl":"StructureDefinition-RS-Servicerequest.html","title":"Refusal to Admit Service Request","generation":"generated"},{"extension":[{"url":"http://hl7.org/fhir/tools/StructureDefinition/ig-page-name","valueUrl":"StructureDefinition-RS-Allergyintolerance.html"}],"nameUrl":"StructureDefinition-RS-Allergyintolerance.html","title":"Road Safety AllergyIntolerance","generation":"generated"},{"extension":[{"url":"http://hl7.org/fhir/tools/StructureDefinition/ig-page-name","valueUrl":"StructureDefinition-RS-Claim.html"}],"nameUrl":"StructureDefinition-RS-Claim.html","title":"Road Safety Claim","generation":"generated"},{"extension":[{"url":"http://hl7.org/fhir/tools/StructureDefinition/ig-page-name","valueUrl":"StructureDefinition-RS-Condition.html"}],"nameUrl":"StructureDefinition-RS-Condition.html","title":"Road Safety Condition","generation":"generated"},{"extension":[{"url":"http://hl7.org/fhir/tools/StructureDefinition/ig-page-name","valueUrl":"StructureDefinition-RS-Documentreference.html"}],"nameUrl":"StructureDefinition-RS-Documentreference.html","title":"Road Safety Document Reference","generation":"generated"},{"extension":[{"url":"http://hl7.org/fhir/tools/StructureDefinition/ig-page-name","valueUrl":"StructureDefinition-RS-Encounter.html"}],"nameUrl":"StructureDefinition-RS-Encounter.html","title":"Road Safety Encounter","generation":"generated"},{"extension":[{"url":"http://hl7.org/fhir/tools/StructureDefinition/ig-page-name","valueUrl":"StructureDefinition-RS-Medicationstatement.html"}],"nameUrl":"StructureDefinition-RS-Medicationstatement.html","title":"Road Safety MedicationStatement","generation":"generated"},{"extension":[{"url":"http://hl7.org/fhir/tools/StructureDefinition/ig-page-name","valueUrl":"StructureDefinition-RS-Patient.html"}],"nameUrl":"StructureDefinition-RS-Patient.html","title":"Road Safety Patient","generation":"generated"},{"extension":[{"url":"http://hl7.org/fhir/tools/StructureDefinition/ig-page-name","valueUrl":"StructureDefinition-RS-Procedure.html"}],"nameUrl":"StructureDefinition-RS-Procedure.html","title":"Road Safety Procedure","generation":"generated"},{"extension":[{"url":"http://hl7.org/fhir/tools/StructureDefinition/ig-page-name","valueUrl":"StructureDefinition-RS-Questionnaire.html"}],"nameUrl":"StructureDefinition-RS-Questionnaire.html","title":"Road Safety Questionnaire","generation":"generated"},{"extension":[{"url":"http://hl7.org/fhir/tools/StructureDefinition/ig-page-name","valueUrl":"StructureDefinition-RS-task.html"}],"nameUrl":"StructureDefinition-RS-task.html","title":"Road Safety Task","generation":"generated"},{"extension":[{"url":"http://hl7.org/fhir/tools/StructureDefinition/ig-page-name","valueUrl":"StructureDefinition-rs-patient-age.html"}],"nameUrl":"StructureDefinition-rs-patient-age.html","title":"Age","generation":"generated"},{"extension":[{"url":"http://hl7.org/fhir/tools/StructureDefinition/ig-page-name","valueUrl":"StructureDefinition-cause-of-road-crash.html"}],"nameUrl":"StructureDefinition-cause-of-road-crash.html","title":"Cause of Road Crash Incident","generation":"generated"},{"extension":[{"url":"http://hl7.org/fhir/tools/StructureDefinition/ig-page-name","valueUrl":"StructureDefinition-ed-availability.html"}],"nameUrl":"StructureDefinition-ed-availability.html","title":"Emergency Department Availability","generation":"generated"},{"extension":[{"url":"http://hl7.org/fhir/tools/StructureDefinition/ig-page-name","valueUrl":"StructureDefinition-external-cause-detail-ext.html"}],"nameUrl":"StructureDefinition-external-cause-detail-ext.html","title":"External Cause Detail","generation":"generated"},{"extension":[{"url":"http://hl7.org/fhir/tools/StructureDefinition/ig-page-name","valueUrl":"StructureDefinition-first-aid-given.html"}],"nameUrl":"StructureDefinition-first-aid-given.html","title":"First Aid Given","generation":"generated"},{"extension":[{"url":"http://hl7.org/fhir/tools/StructureDefinition/ig-page-name","valueUrl":"StructureDefinition-party-at-fault.html"}],"nameUrl":"StructureDefinition-party-at-fault.html","title":"Party at Fault","generation":"generated"},{"extension":[{"url":"http://hl7.org/fhir/tools/StructureDefinition/ig-page-name","valueUrl":"StructureDefinition-ph-core-occupation.html"}],"nameUrl":"StructureDefinition-ph-core-occupation.html","title":"PH Core Occupation (Stub)","generation":"generated"},{"extension":[{"url":"http://hl7.org/fhir/tools/StructureDefinition/ig-page-name","valueUrl":"StructureDefinition-report-form-received.html"}],"nameUrl":"StructureDefinition-report-form-received.html","title":"Report Form Received","generation":"generated"},{"extension":[{"url":"http://hl7.org/fhir/tools/StructureDefinition/ig-page-name","valueUrl":"StructureDefinition-road-network-shapefile.html"}],"nameUrl":"StructureDefinition-road-network-shapefile.html","title":"Road Network Shape File","generation":"generated"},{"extension":[{"url":"http://hl7.org/fhir/tools/StructureDefinition/ig-page-name","valueUrl":"StructureDefinition-safety-notes-ext.html"}],"nameUrl":"StructureDefinition-safety-notes-ext.html","title":"Safety / Other Risk Factors","generation":"generated"},{"extension":[{"url":"http://hl7.org/fhir/tools/StructureDefinition/ig-page-name","valueUrl":"StructureDefinition-supplies-used.html"}],"nameUrl":"StructureDefinition-supplies-used.html","title":"Supplies Used","generation":"generated"},{"extension":[{"url":"http://hl7.org/fhir/tools/StructureDefinition/ig-page-name","valueUrl":"StructureDefinition-traffic-incident-management.html"}],"nameUrl":"StructureDefinition-traffic-incident-management.html","title":"Traffic Incident Management","generation":"generated"},{"extension":[{"url":"http://hl7.org/fhir/tools/StructureDefinition/ig-page-name","valueUrl":"StructureDefinition-transpo-coordination.html"}],"nameUrl":"StructureDefinition-transpo-coordination.html","title":"Transport Coordination","generation":"generated"},{"extension":[{"url":"http://hl7.org/fhir/tools/StructureDefinition/ig-page-name","valueUrl":"StructureDefinition-transport-details-ext.html"}],"nameUrl":"StructureDefinition-transport-details-ext.html","title":"Transport Details","generation":"generated"},{"extension":[{"url":"http://hl7.org/fhir/tools/StructureDefinition/ig-page-name","valueUrl":"StructureDefinition-vehicle-condition.html"}],"nameUrl":"StructureDefinition-vehicle-condition.html","title":"Vehicle Condition","generation":"generated"},{"extension":[{"url":"http://hl7.org/fhir/tools/StructureDefinition/ig-page-name","valueUrl":"StructureDefinition-vehicle-list-ext.html"}],"nameUrl":"StructureDefinition-vehicle-list-ext.html","title":"Vehicle list","generation":"generated"},{"extension":[{"url":"http://hl7.org/fhir/tools/StructureDefinition/ig-page-name","valueUrl":"StructureDefinition-vehicle-used.html"}],"nameUrl":"StructureDefinition-vehicle-used.html","title":"Vehicle Used","generation":"generated"},{"extension":[{"url":"http://hl7.org/fhir/tools/StructureDefinition/ig-page-name","valueUrl":"ValueSet-activity-vs.html"}],"nameUrl":"ValueSet-activity-vs.html","title":"Activity ValueSet (example)","generation":"generated"},{"extension":[{"url":"http://hl7.org/fhir/tools/StructureDefinition/ig-page-name","valueUrl":"ValueSet-age-units-vs.html"}],"nameUrl":"ValueSet-age-units-vs.html","title":"Age Units ValueSet","generation":"generated"},{"extension":[{"url":"http://hl7.org/fhir/tools/StructureDefinition/ig-page-name","valueUrl":"ValueSet-rs-procedure.html"}],"nameUrl":"ValueSet-rs-procedure.html","title":"All Road Safety Procedure Codes","generation":"generated"},{"extension":[{"url":"http://hl7.org/fhir/tools/StructureDefinition/ig-page-name","valueUrl":"ValueSet-cause-of-crash-file-type-vs.html"}],"nameUrl":"ValueSet-cause-of-crash-file-type-vs.html","title":"Cause of Crash File Type ValueSet","generation":"generated"},{"extension":[{"url":"http://hl7.org/fhir/tools/StructureDefinition/ig-page-name","valueUrl":"ValueSet-cause-of-crash-vs.html"}],"nameUrl":"ValueSet-cause-of-crash-vs.html","title":"Cause of Road Crash","generation":"generated"},{"extension":[{"url":"http://hl7.org/fhir/tools/StructureDefinition/ig-page-name","valueUrl":"ValueSet-collision-type-vs.html"}],"nameUrl":"ValueSet-collision-type-vs.html","title":"Collision Type ValueSet (example)","generation":"generated"},{"extension":[{"url":"http://hl7.org/fhir/tools/StructureDefinition/ig-page-name","valueUrl":"ValueSet-external-cause-vs.html"}],"nameUrl":"ValueSet-external-cause-vs.html","title":"External Cause ValueSet (example)","generation":"generated"},{"extension":[{"url":"http://hl7.org/fhir/tools/StructureDefinition/ig-page-name","valueUrl":"ValueSet-first-aid.html"}],"nameUrl":"ValueSet-first-aid.html","title":"First Aid Codes","generation":"generated"},{"extension":[{"url":"http://hl7.org/fhir/tools/StructureDefinition/ig-page-name","valueUrl":"ValueSet-rs-hospital-category.html"}],"nameUrl":"ValueSet-rs-hospital-category.html","title":"Hospital / EMS Category","generation":"generated"},{"extension":[{"url":"http://hl7.org/fhir/tools/StructureDefinition/ig-page-name","valueUrl":"ValueSet-intervention.html"}],"nameUrl":"ValueSet-intervention.html","title":"Medical Intervention Procedure Codes","generation":"generated"},{"extension":[{"url":"http://hl7.org/fhir/tools/StructureDefinition/ig-page-name","valueUrl":"ValueSet-mode-of-transport-vs.html"}],"nameUrl":"ValueSet-mode-of-transport-vs.html","title":"Mode of Transport ValueSet (example)","generation":"generated"},{"extension":[{"url":"http://hl7.org/fhir/tools/StructureDefinition/ig-page-name","valueUrl":"ValueSet-injury-nature-vs.html"}],"nameUrl":"ValueSet-injury-nature-vs.html","title":"Nature of Injury ValueSet (example)","generation":"generated"},{"extension":[{"url":"http://hl7.org/fhir/tools/StructureDefinition/ig-page-name","valueUrl":"ValueSet-outcome-vs.html"}],"nameUrl":"ValueSet-outcome-vs.html","title":"Outcome ValueSet (example)","generation":"generated"},{"extension":[{"url":"http://hl7.org/fhir/tools/StructureDefinition/ig-page-name","valueUrl":"ValueSet-party-at-fault-vs.html"}],"nameUrl":"ValueSet-party-at-fault-vs.html","title":"Party at Fault","generation":"generated"},{"extension":[{"url":"http://hl7.org/fhir/tools/StructureDefinition/ig-page-name","valueUrl":"ValueSet-place-occ-vs.html"}],"nameUrl":"ValueSet-place-occ-vs.html","title":"Place of Occurrence ValueSet (example)","generation":"generated"},{"extension":[{"url":"http://hl7.org/fhir/tools/StructureDefinition/ig-page-name","valueUrl":"ValueSet-psychosocial-procedure.html"}],"nameUrl":"ValueSet-psychosocial-procedure.html","title":"Psychosocial Procedure Codes","generation":"generated"},{"extension":[{"url":"http://hl7.org/fhir/tools/StructureDefinition/ig-page-name","valueUrl":"ValueSet-report-form-received-vs.html"}],"nameUrl":"ValueSet-report-form-received-vs.html","title":"Report Form Received","generation":"generated"},{"extension":[{"url":"http://hl7.org/fhir/tools/StructureDefinition/ig-page-name","valueUrl":"ValueSet-road-network-file-type-vs.html"}],"nameUrl":"ValueSet-road-network-file-type-vs.html","title":"Road Network File Type","generation":"generated"},{"extension":[{"url":"http://hl7.org/fhir/tools/StructureDefinition/ig-page-name","valueUrl":"ValueSet-rs-task-status.html"}],"nameUrl":"ValueSet-rs-task-status.html","title":"Road Safety Task Status","generation":"generated"},{"extension":[{"url":"http://hl7.org/fhir/tools/StructureDefinition/ig-page-name","valueUrl":"ValueSet-coordination.html"}],"nameUrl":"ValueSet-coordination.html","title":"Transport Coordination Codes","generation":"generated"},{"extension":[{"url":"http://hl7.org/fhir/tools/StructureDefinition/ig-page-name","valueUrl":"ValueSet-priority-vs.html"}],"nameUrl":"ValueSet-priority-vs.html","title":"Triage Priority ValueSet (example)","generation":"generated"},{"extension":[{"url":"http://hl7.org/fhir/tools/StructureDefinition/ig-page-name","valueUrl":"ValueSet-vs-rs-vehicle-type.html"}],"nameUrl":"ValueSet-vs-rs-vehicle-type.html","title":"ValueSet for Vehicle Used","generation":"generated"},{"extension":[{"url":"http://hl7.org/fhir/tools/StructureDefinition/ig-page-name","valueUrl":"ValueSet-vehicle-condition-vs.html"}],"nameUrl":"ValueSet-vehicle-condition-vs.html","title":"Vehicle Condition","generation":"generated"},{"extension":[{"url":"http://hl7.org/fhir/tools/StructureDefinition/ig-page-name","valueUrl":"CodeSystem-activity-cs.html"}],"nameUrl":"CodeSystem-activity-cs.html","title":"Activity at time of incident (example)","generation":"generated"},{"extension":[{"url":"http://hl7.org/fhir/tools/StructureDefinition/ig-page-name","valueUrl":"CodeSystem-cause-of-crash-cs.html"}],"nameUrl":"CodeSystem-cause-of-crash-cs.html","title":"Cause of Road Crash","generation":"generated"},{"extension":[{"url":"http://hl7.org/fhir/tools/StructureDefinition/ig-page-name","valueUrl":"CodeSystem-collision-type-cs.html"}],"nameUrl":"CodeSystem-collision-type-cs.html","title":"Collision Type (example)","generation":"generated"},{"extension":[{"url":"http://hl7.org/fhir/tools/StructureDefinition/ig-page-name","valueUrl":"CodeSystem-external-cause-cs.html"}],"nameUrl":"CodeSystem-external-cause-cs.html","title":"External Cause CodeSystem (example)","generation":"generated"},{"extension":[{"url":"http://hl7.org/fhir/tools/StructureDefinition/ig-page-name","valueUrl":"CodeSystem-mode-of-transport-cs.html"}],"nameUrl":"CodeSystem-mode-of-transport-cs.html","title":"Mode of Transport (example)","generation":"generated"},{"extension":[{"url":"http://hl7.org/fhir/tools/StructureDefinition/ig-page-name","valueUrl":"CodeSystem-injury-nature-cs.html"}],"nameUrl":"CodeSystem-injury-nature-cs.html","title":"Nature of Injury (example)","generation":"generated"},{"extension":[{"url":"http://hl7.org/fhir/tools/StructureDefinition/ig-page-name","valueUrl":"CodeSystem-outcome-cs.html"}],"nameUrl":"CodeSystem-outcome-cs.html","title":"Outcome (example)","generation":"generated"},{"extension":[{"url":"http://hl7.org/fhir/tools/StructureDefinition/ig-page-name","valueUrl":"CodeSystem-party-at-fault-cs.html"}],"nameUrl":"CodeSystem-party-at-fault-cs.html","title":"Party at Fault","generation":"generated"},{"extension":[{"url":"http://hl7.org/fhir/tools/StructureDefinition/ig-page-name","valueUrl":"CodeSystem-place-occ-cs.html"}],"nameUrl":"CodeSystem-place-occ-cs.html","title":"Place of Occurrence (example)","generation":"generated"},{"extension":[{"url":"http://hl7.org/fhir/tools/StructureDefinition/ig-page-name","valueUrl":"CodeSystem-report-form-received-cs.html"}],"nameUrl":"CodeSystem-report-form-received-cs.html","title":"Report Form Received","generation":"generated"},{"extension":[{"url":"http://hl7.org/fhir/tools/StructureDefinition/ig-page-name","valueUrl":"CodeSystem-road-network-file-type-cs.html"}],"nameUrl":"CodeSystem-road-network-file-type-cs.html","title":"Road Network File Type","generation":"generated"},{"extension":[{"url":"http://hl7.org/fhir/tools/StructureDefinition/ig-page-name","valueUrl":"CodeSystem-rs-task-status-cs.html"}],"nameUrl":"CodeSystem-rs-task-status-cs.html","title":"Road Safety Task Status Codes","generation":"generated"},{"extension":[{"url":"http://hl7.org/fhir/tools/StructureDefinition/ig-page-name","valueUrl":"CodeSystem-priority-cs.html"}],"nameUrl":"CodeSystem-priority-cs.html","title":"Triage Priority (example)","generation":"generated"},{"extension":[{"url":"http://hl7.org/fhir/tools/StructureDefinition/ig-page-name","valueUrl":"CodeSystem-vehicle-condition-cs.html"}],"nameUrl":"CodeSystem-vehicle-condition-cs.html","title":"Vehicle Condition","generation":"generated"},{"extension":[{"url":"http://hl7.org/fhir/tools/StructureDefinition/ig-page-name","valueUrl":"CodeSystem-vehicle-types.html"}],"nameUrl":"CodeSystem-vehicle-types.html","title":"Vehicle Types","generation":"generated"},{"extension":[{"url":"http://hl7.org/fhir/tools/StructureDefinition/ig-page-name","valueUrl":"NamingSystem-hospital-case-no-ns.html"}],"nameUrl":"NamingSystem-hospital-case-no-ns.html","title":"Hospital Case Number System","generation":"generated"},{"extension":[{"url":"http://hl7.org/fhir/tools/StructureDefinition/ig-page-name","valueUrl":"NamingSystem-hospital-patient-id-ns.html"}],"nameUrl":"NamingSystem-hospital-patient-id-ns.html","title":"Hospital Patient ID No.","generation":"generated"},{"extension":[{"url":"http://hl7.org/fhir/tools/StructureDefinition/ig-page-name","valueUrl":"NamingSystem-IncidentNoNS.html"}],"nameUrl":"NamingSystem-IncidentNoNS.html","title":"Incident Number System","generation":"generated"},{"extension":[{"url":"http://hl7.org/fhir/tools/StructureDefinition/ig-page-name","valueUrl":"NamingSystem-hospital-registry-id-ns.html"}],"nameUrl":"NamingSystem-hospital-registry-id-ns.html","title":"National Health Facility Registry ID","generation":"generated"},{"extension":[{"url":"http://hl7.org/fhir/tools/StructureDefinition/ig-page-name","valueUrl":"ConceptMap-MDSRoadSafety2FHIR.html"}],"nameUrl":"ConceptMap-MDSRoadSafety2FHIR.html","title":"MDS Logical Model to FHIR Mapping","generation":"generated"},{"extension":[{"url":"http://hl7.org/fhir/tools/StructureDefinition/ig-page-name","valueUrl":"Location-Example-RS-Scene-Location.html"}],"nameUrl":"Location-Example-RS-Scene-Location.html","title":"Accident Scene Location","generation":"generated"},{"extension":[{"url":"http://hl7.org/fhir/tools/StructureDefinition/ig-page-name","valueUrl":"Organization-hospital-example.html"}],"nameUrl":"Organization-hospital-example.html","title":"City General Hospital","generation":"generated"},{"extension":[{"url":"http://hl7.org/fhir/tools/StructureDefinition/ig-page-name","valueUrl":"Location-Example-RS-Hospital-Location.html"}],"nameUrl":"Location-Example-RS-Hospital-Location.html","title":"City General Hospital - Emergency Department","generation":"generated"},{"extension":[{"url":"http://hl7.org/fhir/tools/StructureDefinition/ig-page-name","valueUrl":"Organization-organization-hospital-ex.html"}],"nameUrl":"Organization-organization-hospital-ex.html","title":"Example Hospital Organization","generation":"generated"},{"extension":[{"url":"http://hl7.org/fhir/tools/StructureDefinition/ig-page-name","valueUrl":"Patient-patient-jose-dela-cruz.html"}],"nameUrl":"Patient-patient-jose-dela-cruz.html","title":"Patient - Jose Dela Cruz","generation":"generated"},{"extension":[{"url":"http://hl7.org/fhir/tools/StructureDefinition/ig-page-name","valueUrl":"Patient-patient-road-safety-ex.html"}],"nameUrl":"Patient-patient-road-safety-ex.html","title":"patient-road-safety-ex","generation":"generated"},{"extension":[{"url":"http://hl7.org/fhir/tools/StructureDefinition/ig-page-name","valueUrl":"Practitioner-practitioner-ana-cruz.html"}],"nameUrl":"Practitioner-practitioner-ana-cruz.html","title":"Practitioner - Ana Cruz","generation":"generated"},{"extension":[{"url":"http://hl7.org/fhir/tools/StructureDefinition/ig-page-name","valueUrl":"Practitioner-practitioner-john-lee.html"}],"nameUrl":"Practitioner-practitioner-john-lee.html","title":"Practitioner - John Lee","generation":"generated"},{"extension":[{"url":"http://hl7.org/fhir/tools/StructureDefinition/ig-page-name","valueUrl":"Practitioner-practitioner-lisa-tan.html"}],"nameUrl":"Practitioner-practitioner-lisa-tan.html","title":"Practitioner - Lisa Tan","generation":"generated"},{"extension":[{"url":"http://hl7.org/fhir/tools/StructureDefinition/ig-page-name","valueUrl":"Practitioner-practitioner-maria-santos.html"}],"nameUrl":"Practitioner-practitioner-maria-santos.html","title":"Practitioner - Maria Santos","generation":"generated"},{"extension":[{"url":"http://hl7.org/fhir/tools/StructureDefinition/ig-page-name","valueUrl":"Practitioner-practitioner-mark-reyes.html"}],"nameUrl":"Practitioner-practitioner-mark-reyes.html","title":"Practitioner - Mark Reyes","generation":"generated"},{"extension":[{"url":"http://hl7.org/fhir/tools/StructureDefinition/ig-page-name","valueUrl":"ServiceRequest-road-safety-servicerequest-example.html"}],"nameUrl":"ServiceRequest-road-safety-servicerequest-example.html","title":"Refusal to Admit Service Request Example","generation":"generated"},{"extension":[{"url":"http://hl7.org/fhir/tools/StructureDefinition/ig-page-name","valueUrl":"Encounter-road-safety-encounter-example.html"}],"nameUrl":"Encounter-road-safety-encounter-example.html","title":"Road Safety Encounter Example","generation":"generated"},{"extension":[{"url":"http://hl7.org/fhir/tools/StructureDefinition/ig-page-name","valueUrl":"Patient-patient-road-safety-age2.html"}],"nameUrl":"Patient-patient-road-safety-age2.html","title":"Road Safety Patient Example - Age Only","generation":"generated"},{"extension":[{"url":"http://hl7.org/fhir/tools/StructureDefinition/ig-page-name","valueUrl":"Patient-patient-road-safety-age4.html"}],"nameUrl":"Patient-patient-road-safety-age4.html","title":"Road Safety Patient Example - Elderly","generation":"generated"},{"extension":[{"url":"http://hl7.org/fhir/tools/StructureDefinition/ig-page-name","valueUrl":"Patient-patient-road-safety-age3.html"}],"nameUrl":"Patient-patient-road-safety-age3.html","title":"Road Safety Patient Example - Infant Age","generation":"generated"},{"extension":[{"url":"http://hl7.org/fhir/tools/StructureDefinition/ig-page-name","valueUrl":"Patient-patient-road-safety-two-addresses.html"}],"nameUrl":"Patient-patient-road-safety-two-addresses.html","title":"Road Safety Patient Example - With Two Addresses","generation":"generated"},{"extension":[{"url":"http://hl7.org/fhir/tools/StructureDefinition/ig-page-name","valueUrl":"Task-task-road-safety-ex.html"}],"nameUrl":"Task-task-road-safety-ex.html","title":"Road Safety Task Example","generation":"generated"},{"extension":[{"url":"http://hl7.org/fhir/tools/StructureDefinition/ig-page-name","valueUrl":"Organization-organization-uppgh.html"}],"nameUrl":"Organization-organization-uppgh.html","title":"UP Philippine General Hospital (UP-PGH)","generation":"generated"},{"extension":[{"url":"http://hl7.org/fhir/tools/StructureDefinition/ig-page-name","valueUrl":"Questionnaire-VitalSignsQuestionnaire.html"}],"nameUrl":"Questionnaire-VitalSignsQuestionnaire.html","title":"Vital Signs Questionnaire","generation":"generated"},{"extension":[{"url":"http://hl7.org/fhir/tools/StructureDefinition/ig-page-name","valueUrl":"QuestionnaireResponse-VitalSignsQuestionnaireResponse.html"}],"nameUrl":"QuestionnaireResponse-VitalSignsQuestionnaireResponse.html","title":"Vital Signs QuestionnaireResponse Example","generation":"generated"}]}]},"parameter":[{"code":"path-resource","value":"input/capabilities"},{"code":"path-resource","value":"input/examples"},{"code":"path-resource","value":"input/extensions"},{"code":"path-resource","value":"input/models"},{"code":"path-resource","value":"input/operations"},{"code":"path-resource","value":"input/profiles"},{"code":"path-resource","value":"input/resources"},{"code":"path-resource","value":"input/vocabulary"},{"code":"path-resource","value":"input/maps"},{"code":"path-resource","value":"input/testing"},{"code":"path-resource","value":"input/history"},{"code":"path-resource","value":"fsh-generated/resources"},{"code":"path-pages","value":"template/config"},{"code":"path-pages","value":"input/images"},{"code":"path-tx-cache","value":"input-cache/txcache"}]}}