{"resourceType":"ValueSet","id":"SILPH-RR-RhythmVS","meta":{"versionId":"6","lastUpdated":"2025-10-30T00:34:06.983+00:00"},"text":{"status":"generated","div":"<div xmlns=\"http://www.w3.org/1999/xhtml\"><p class=\"res-header-id\"><b>Generated Narrative: ValueSet SILPH-RR-RhythmVS</b></p><a name=\"SILPH-RR-RhythmVS\"> </a><a name=\"hcSILPH-RR-RhythmVS\"> </a><div style=\"display: inline-block; background-color: #d9e0e7; padding: 6px; margin: 4px; border: 1px solid #8da1b4; border-radius: 5px; line-height: 60%\"><p style=\"margin-bottom: 0px\">version: 6; Last updated: 2025-10-30 00:34:06+0000</p></div><p style=\"border: black 1px dotted; background-color: #EEEEEE; padding: 8px; margin-bottom: 8px\">Expansion based on SNOMED CT International edition 01-Oct 2024</p><p>This value set contains 3 concepts</p><table class=\"codes\"><tr><td><b>System</b></td><td style=\"white-space:nowrap\"><b>Code</b></td><td><b>Display</b></td></tr><tr><td><a name=\"SILPH-RR-RhythmVS-http://snomed.info/sct-5467003\"> </a><code>http://snomed.info/sct</code></td><td style=\"white-space:nowrap\">\u00a0\u00a0<a href=\"http://snomed.info/id/5467003\">5467003</a></td><td>Regular</td></tr><tr><td><a name=\"SILPH-RR-RhythmVS-http://snomed.info/sct-248585001\"> </a><code>http://snomed.info/sct</code></td><td style=\"white-space:nowrap\">\u00a0\u00a0<a href=\"http://snomed.info/id/248585001\">248585001</a></td><td>Irregular</td></tr><tr><td><a name=\"SILPH-RR-RhythmVS-http://snomed.info/sct-248549001\"> </a><code>http://snomed.info/sct</code></td><td style=\"white-space:nowrap\">\u00a0\u00a0<a href=\"http://snomed.info/id/248549001\">248549001</a></td><td>Labored</td></tr></table></div>"},"url":"http://www.roadsafetyph.doh.gov.ph/ValueSet/SILPH-RR-Rhythm","version":"0.2.0","name":"SILPH___RR___Rhythm__VS","title":"SILPH - RR - Rhythm (VS)","status":"draft","date":"2025-11-03T09:29:05+00:00","publisher":"UP Manila - National Institutes of Health - National Telehealth Center","contact":[{"name":"UP Manila - National Institutes of Health - National Telehealth Center","telecom":[{"system":"url","value":"https://github.com/UPM-NTHC/PH-RoadSafetyIG"}]},{"name":"PH Road Safety IG Repository","telecom":[{"system":"url","value":"https://github.com/UPM-NTHC/PH-RoadSafetyIG"}]}],"description":"SILPH Value Set for Respiratory Rhythm","jurisdiction":[{"coding":[{"system":"urn:iso:std:iso:3166","code":"PH","display":"Philippines"}]}],"compose":{"include":[{"system":"http://snomed.info/sct","concept":[{"code":"5467003","display":"Regular"},{"code":"248585001","display":"Irregular"},{"code":"248549001","display":"Labored"}]}]},"expansion":{"identifier":"urn:uuid:75679bbd-52a1-4caa-b310-9ae281b01e7e","timestamp":"2025-10-29T23:49:27+00:00","total":3,"parameter":[{"name":"used-codesystem","valueUri":"http://snomed.info/sct|http://snomed.info/sct/900000000000207008/version/20241001"},{"name":"version","valueUri":"http://snomed.info/sct|http://snomed.info/sct/900000000000207008/version/20241001"},{"name":"warning-draft","valueUri":"http://www.roadsafetyph.doh.gov.ph/ValueSet/SILPH-RR-Rhythm|1"}],"contains":[{"system":"http://snomed.info/sct","code":"5467003","display":"Regular"},{"system":"http://snomed.info/sct","code":"248585001","display":"Irregular"},{"system":"http://snomed.info/sct","code":"248549001","display":"Labored"}]}}