{"resourceType":"ValueSet","id":"SILPH-InpatientDispositionVS","meta":{"versionId":"4","lastUpdated":"2025-10-30T00:34:04.391+00:00"},"text":{"status":"generated","div":"<div xmlns=\"http://www.w3.org/1999/xhtml\"><p class=\"res-header-id\"><b>Generated Narrative: ValueSet SILPH-InpatientDispositionVS</b></p><a name=\"SILPH-InpatientDispositionVS\"> </a><a name=\"hcSILPH-InpatientDispositionVS\"> </a><div style=\"display: inline-block; background-color: #d9e0e7; padding: 6px; margin: 4px; border: 1px solid #8da1b4; border-radius: 5px; line-height: 60%\"><p style=\"margin-bottom: 0px\">version: 4; Last updated: 2025-10-30 00:34:04+0000</p></div><p style=\"border: black 1px dotted; background-color: #EEEEEE; padding: 8px; margin-bottom: 8px\">Expansion based on SNOMED CT International edition 01-Oct 2024</p><p>This value set contains 7 concepts</p><table class=\"codes\"><tr><td><b>System</b></td><td style=\"white-space:nowrap\"><b>Code</b></td><td><b>Display</b></td></tr><tr><td><a name=\"SILPH-InpatientDispositionVS-http://snomed.info/sct-371827001\"> </a><code>http://snomed.info/sct</code></td><td style=\"white-space:nowrap\">\u00a0\u00a0<a href=\"http://snomed.info/id/371827001\">371827001</a></td><td>Discharged</td></tr><tr><td><a name=\"SILPH-InpatientDispositionVS-http://snomed.info/sct-225928004\"> </a><code>http://snomed.info/sct</code></td><td style=\"white-space:nowrap\">\u00a0\u00a0<a href=\"http://snomed.info/id/225928004\">225928004</a></td><td>HAMA</td></tr><tr><td><a name=\"SILPH-InpatientDispositionVS-http://snomed.info/sct-34596002\"> </a><code>http://snomed.info/sct</code></td><td style=\"white-space:nowrap\">\u00a0\u00a0<a href=\"http://snomed.info/id/34596002\">34596002</a></td><td>Absconded</td></tr><tr><td><a name=\"SILPH-InpatientDispositionVS-http://snomed.info/sct-183960004\"> </a><code>http://snomed.info/sct</code></td><td style=\"white-space:nowrap\">\u00a0\u00a0<a href=\"http://snomed.info/id/183960004\">183960004</a></td><td>Refused Admission</td></tr><tr><td><a name=\"SILPH-InpatientDispositionVS-http://snomed.info/sct-371828006\"> </a><code>http://snomed.info/sct</code></td><td style=\"white-space:nowrap\">\u00a0\u00a0<a href=\"http://snomed.info/id/371828006\">371828006</a></td><td>Died</td></tr><tr><td><a name=\"SILPH-InpatientDispositionVS-http://snomed.info/sct-74964007\"> </a><code>http://snomed.info/sct</code></td><td style=\"white-space:nowrap\">\u00a0\u00a0<a href=\"http://snomed.info/id/74964007\">74964007</a></td><td>Others</td></tr><tr><td><a name=\"SILPH-InpatientDispositionVS-http://snomed.info/sct-19712007\"> </a><code>http://snomed.info/sct</code></td><td style=\"white-space:nowrap\">\u00a0\u00a0<a href=\"http://snomed.info/id/19712007\">19712007</a></td><td>Transferred to another facility/hospital</td></tr></table></div>"},"url":"http://www.roadsafetyph.doh.gov.ph/ValueSet/SILPH-InpatientDisposition","version":"0.3.0","name":"SILPH___Inpatient_Disposition__VS_","title":"SILPH - Inpatient Disposition (VS)","status":"draft","date":"2025-11-16T14:40:58+00:00","publisher":"UP Manila - National Institutes of Health - National Telehealth Center","contact":[{"name":"UP Manila - National Institutes of Health - National Telehealth Center","telecom":[{"system":"url","value":"https://github.com/UPM-NTHC/PH-RoadSafetyIG"}]},{"name":"PH Road Safety IG Repository","telecom":[{"system":"url","value":"https://github.com/UPM-NTHC/PH-RoadSafetyIG"}]}],"description":"SILPH Value Set for Inpatient Visit Disposition","jurisdiction":[{"coding":[{"system":"urn:iso:std:iso:3166","code":"PH","display":"Philippines"}]}],"compose":{"include":[{"system":"http://snomed.info/sct","version":"http://snomed.info/sct/900000000000207008/version/20241001","concept":[{"code":"371827001","display":"Discharged"},{"code":"225928004","display":"HAMA"},{"code":"34596002","display":"Absconded"},{"code":"183960004","display":"Refused Admission"},{"code":"371828006","display":"Died"},{"code":"74964007","display":"Others"},{"code":"19712007","display":"Transferred to another facility/hospital"}]}]},"expansion":{"identifier":"urn:uuid:3843e86d-dadb-403d-a023-b203c061e466","timestamp":"2025-10-29T23:49:32+00:00","total":7,"parameter":[{"name":"used-codesystem","valueUri":"http://snomed.info/sct|http://snomed.info/sct/900000000000207008/version/20241001"},{"name":"version","valueUri":"http://snomed.info/sct|http://snomed.info/sct/900000000000207008/version/20241001"},{"name":"warning-draft","valueUri":"http://www.roadsafetyph.doh.gov.ph/ValueSet/SILPH-InpatientDisposition|1"}],"contains":[{"system":"http://snomed.info/sct","code":"371827001","display":"Discharged"},{"system":"http://snomed.info/sct","code":"225928004","display":"HAMA"},{"system":"http://snomed.info/sct","code":"34596002","display":"Absconded"},{"system":"http://snomed.info/sct","code":"183960004","display":"Refused Admission"},{"system":"http://snomed.info/sct","code":"371828006","display":"Died"},{"system":"http://snomed.info/sct","code":"74964007","display":"Others"},{"system":"http://snomed.info/sct","code":"19712007","display":"Transferred to another facility/hospital"}]}}