{"resourceType":"ValueSet","id":"rs-procedure","text":{"status":"generated","div":"<div xmlns=\"http://www.w3.org/1999/xhtml\"><p class=\"res-header-id\"><b>Generated Narrative: ValueSet rs-procedure</b></p><a name=\"rs-procedure\"> </a><a name=\"hcrs-procedure\"> </a><ul><li>Include these codes as defined in <a href=\"http://www.snomed.org/\"><code>http://snomed.info/sct</code></a> version <span title=\"Version is not explicity stated. No matching Code System found\">Not Stated (use latest from terminology server)</span><table class=\"none\"><tr><td style=\"white-space:nowrap\"><b>Code</b></td><td><b>Display</b></td></tr><tr><td><a href=\"http://snomed.info/id/80146002\">80146002</a></td><td>Appendectomy</td></tr><tr><td><a href=\"http://snomed.info/id/225337009\">225337009</a></td><td>First Aid</td></tr><tr><td><a href=\"http://snomed.info/id/71388002\">71388002</a></td><td>Psychosocial procedure</td></tr></table></li></ul></div>"},"url":"https://build.fhir.org/ig/UPM-NTHC/PH-RoadSafetyIG/ValueSet/rs-procedure","version":"0.1.0","name":"RSProcedureVS","title":"All Road Safety Procedure Codes","status":"active","experimental":true,"date":"2025-10-09T07:37:26+00:00","publisher":"UP Manila - National Institutes of Health - National Telehealth Center","contact":[{"name":"UP Manila - National Institutes of Health - National Telehealth Center","telecom":[{"system":"url","value":"https://github.com/UPM-NTHC/PH-RoadSafetyIG"}]},{"name":"PH Road Safety IG Repository","telecom":[{"system":"url","value":"https://github.com/UPM-NTHC/PH-RoadSafetyIG"}]}],"description":"Combines medical interventions, first aid, and psychosocial procedures.","jurisdiction":[{"coding":[{"system":"urn:iso:std:iso:3166","code":"PH","display":"Philippines"}]}],"compose":{"include":[{"system":"http://snomed.info/sct","concept":[{"code":"80146002","display":"Appendectomy"},{"code":"225337009","display":"First Aid"},{"code":"71388002","display":"Psychosocial procedure"}]}]}}