{"resourceType":"ValueSet","id":"SILPH-PositionofPatientVS","meta":{"versionId":"3","lastUpdated":"2025-10-30T00:34:06.500+00:00"},"text":{"status":"generated","div":"<div xmlns=\"http://www.w3.org/1999/xhtml\"><p class=\"res-header-id\"><b>Generated Narrative: ValueSet SILPH-PositionofPatientVS</b></p><a name=\"SILPH-PositionofPatientVS\"> </a><a name=\"hcSILPH-PositionofPatientVS\"> </a><div style=\"display: inline-block; background-color: #d9e0e7; padding: 6px; margin: 4px; border: 1px solid #8da1b4; border-radius: 5px; line-height: 60%\"><p style=\"margin-bottom: 0px\">version: 3; Last updated: 2025-10-30 00:34:06+0000</p></div><p style=\"border: black 1px dotted; background-color: #EEEEEE; padding: 8px; margin-bottom: 8px\">Expansion based on SNOMED CT International edition 01-Oct 2024</p><p>This value set contains 8 concepts</p><table class=\"codes\"><tr><td><b>System</b></td><td style=\"white-space:nowrap\"><b>Code</b></td><td><b>Display</b></td></tr><tr><td><a name=\"SILPH-PositionofPatientVS-http://snomed.info/sct-32906002\"> </a><code>http://snomed.info/sct</code></td><td style=\"white-space:nowrap\">\u00a0\u00a0<a href=\"http://snomed.info/id/32906002\">32906002</a></td><td>Pedestrian</td></tr><tr><td><a name=\"SILPH-PositionofPatientVS-http://snomed.info/sct-48084008\"> </a><code>http://snomed.info/sct</code></td><td style=\"white-space:nowrap\">\u00a0\u00a0<a href=\"http://snomed.info/id/48084008\">48084008</a></td><td>Driver</td></tr><tr><td><a name=\"SILPH-PositionofPatientVS-http://snomed.info/sct-25636008\"> </a><code>http://snomed.info/sct</code></td><td style=\"white-space:nowrap\">\u00a0\u00a0<a href=\"http://snomed.info/id/25636008\">25636008</a></td><td>Captain</td></tr><tr><td><a name=\"SILPH-PositionofPatientVS-http://snomed.info/sct-41852005\"> </a><code>http://snomed.info/sct</code></td><td style=\"white-space:nowrap\">\u00a0\u00a0<a href=\"http://snomed.info/id/41852005\">41852005</a></td><td>Pilot</td></tr><tr><td><a name=\"SILPH-PositionofPatientVS-http://snomed.info/sct-55062001\"> </a><code>http://snomed.info/sct</code></td><td style=\"white-space:nowrap\">\u00a0\u00a0<a href=\"http://snomed.info/id/55062001\">55062001</a></td><td>Front passenger</td></tr><tr><td><a name=\"SILPH-PositionofPatientVS-http://snomed.info/sct-69290001\"> </a><code>http://snomed.info/sct</code></td><td style=\"white-space:nowrap\">\u00a0\u00a0<a href=\"http://snomed.info/id/69290001\">69290001</a></td><td>Rear passenger</td></tr><tr><td><a name=\"SILPH-PositionofPatientVS-http://snomed.info/sct-74964007\"> </a><code>http://snomed.info/sct</code></td><td style=\"white-space:nowrap\">\u00a0\u00a0<a href=\"http://snomed.info/id/74964007\">74964007</a></td><td>Others</td></tr><tr><td><a name=\"SILPH-PositionofPatientVS-http://snomed.info/sct-261665006\"> </a><code>http://snomed.info/sct</code></td><td style=\"white-space:nowrap\">\u00a0\u00a0<a href=\"http://snomed.info/id/261665006\">261665006</a></td><td>Unknown</td></tr></table></div>"},"url":"http://www.roadsafetyph.doh.gov.ph/ValueSet/SILPH-PositionofPatient","version":"0.3.0","name":"SILPH___Position_of_Patient__VS_","title":"SILPH - Position of Patient (VS)","status":"draft","date":"2025-11-05T05:21:38+00:00","publisher":"UP Manila - National Institutes of Health - National Telehealth Center","contact":[{"name":"UP Manila - National Institutes of Health - National Telehealth Center","telecom":[{"system":"url","value":"https://github.com/UPM-NTHC/PH-RoadSafetyIG"}]},{"name":"PH Road Safety IG Repository","telecom":[{"system":"url","value":"https://github.com/UPM-NTHC/PH-RoadSafetyIG"}]}],"description":"SILPH Value Set for Position of Patient","jurisdiction":[{"coding":[{"system":"urn:iso:std:iso:3166","code":"PH","display":"Philippines"}]}],"compose":{"include":[{"system":"http://snomed.info/sct","concept":[{"code":"32906002","display":"Pedestrian"},{"code":"48084008","display":"Driver"},{"code":"25636008","display":"Captain"},{"code":"41852005","display":"Pilot"},{"code":"55062001","display":"Front passenger"},{"code":"69290001","display":"Rear passenger"},{"code":"74964007","display":"Others"},{"code":"261665006","display":"Unknown"}]}]},"expansion":{"identifier":"urn:uuid:ce84ba04-28dc-4601-ad6a-53ddd4b93aa7","timestamp":"2025-10-29T23:49:31+00:00","total":8,"parameter":[{"name":"used-codesystem","valueUri":"http://snomed.info/sct|http://snomed.info/sct/900000000000207008/version/20241001"},{"name":"version","valueUri":"http://snomed.info/sct|http://snomed.info/sct/900000000000207008/version/20241001"},{"name":"warning-draft","valueUri":"http://www.roadsafetyph.doh.gov.ph/ValueSet/SILPH-PositionofPatient|1"}],"contains":[{"system":"http://snomed.info/sct","code":"32906002","display":"Pedestrian"},{"system":"http://snomed.info/sct","code":"48084008","display":"Driver"},{"system":"http://snomed.info/sct","code":"25636008","display":"Captain"},{"system":"http://snomed.info/sct","code":"41852005","display":"Pilot"},{"system":"http://snomed.info/sct","code":"55062001","display":"Front passenger"},{"system":"http://snomed.info/sct","code":"69290001","display":"Rear passenger"},{"system":"http://snomed.info/sct","code":"74964007","display":"Others"},{"system":"http://snomed.info/sct","code":"261665006","display":"Unknown"}]}}