{"resourceType":"ValueSet","id":"SILPH-SafetyDevicesVS","meta":{"versionId":"3","lastUpdated":"2025-10-30T00:34:07.317+00:00"},"text":{"status":"generated","div":"<div xmlns=\"http://www.w3.org/1999/xhtml\"><p class=\"res-header-id\"><b>Generated Narrative: ValueSet SILPH-SafetyDevicesVS</b></p><a name=\"SILPH-SafetyDevicesVS\"> </a><a name=\"hcSILPH-SafetyDevicesVS\"> </a><div style=\"display: inline-block; background-color: #d9e0e7; padding: 6px; margin: 4px; border: 1px solid #8da1b4; border-radius: 5px; line-height: 60%\"><p style=\"margin-bottom: 0px\">version: 3; Last updated: 2025-10-30 00:34:07+0000</p></div><div style=\"border: black 1px dotted; background-color: #EEEEEE; padding: 8px; margin-bottom: 8px\"><p>Expansion based on:</p><ul><li>Loinc v2.78</li><li>SNOMED CT International edition 01-Oct 2024</li></ul></div><p>This value set contains 8 concepts</p><table class=\"codes\"><tr><td><b>System</b></td><td><b>Version</b></td><td style=\"white-space:nowrap\"><b>Code</b></td><td><b>Display</b></td></tr><tr><td><a name=\"SILPH-SafetyDevicesVS-http://snomed.info/sct-260413007\"> </a><code>http://snomed.info/sct</code></td><td>http://snomed.info/sct/900000000000207008/version/20241001</td><td style=\"white-space:nowrap\">\u00a0\u00a0<a href=\"http://snomed.info/sct/900000000000207008/id/260413007\">260413007</a></td><td>None</td></tr><tr><td><a name=\"SILPH-SafetyDevicesVS-http://snomed.info/sct-427850003\"> </a><code>http://snomed.info/sct</code></td><td>http://snomed.info/sct/900000000000207008/version/20241001</td><td style=\"white-space:nowrap\">\u00a0\u00a0<a href=\"http://snomed.info/sct/900000000000207008/id/427850003\">427850003</a></td><td>Life vest/Lifejacket/Floatation device (for drowning)</td></tr><tr><td><a name=\"SILPH-SafetyDevicesVS-http://snomed.info/sct-102384007\"> </a><code>http://snomed.info/sct</code></td><td>http://snomed.info/sct/900000000000207008/version/20241001</td><td style=\"white-space:nowrap\">\u00a0\u00a0<a href=\"http://snomed.info/sct/900000000000207008/id/102384007\">102384007</a></td><td>Airbag</td></tr><tr><td><a name=\"SILPH-SafetyDevicesVS-http://snomed.info/sct-60054005\"> </a><code>http://snomed.info/sct</code></td><td>http://snomed.info/sct/900000000000207008/version/20241001</td><td style=\"white-space:nowrap\">\u00a0\u00a0<a href=\"http://snomed.info/sct/900000000000207008/id/60054005\">60054005</a></td><td>Seatbelt</td></tr><tr><td><a name=\"SILPH-SafetyDevicesVS-http://snomed.info/sct-285695004\"> </a><code>http://snomed.info/sct</code></td><td>http://snomed.info/sct/900000000000207008/version/20241001</td><td style=\"white-space:nowrap\">\u00a0\u00a0<a href=\"http://snomed.info/sct/900000000000207008/id/285695004\">285695004</a></td><td>Helmet</td></tr><tr><td><a name=\"SILPH-SafetyDevicesVS-http://snomed.info/sct-74964007\"> </a><code>http://snomed.info/sct</code></td><td>http://snomed.info/sct/900000000000207008/version/20241001</td><td style=\"white-space:nowrap\">\u00a0\u00a0<a href=\"http://snomed.info/sct/900000000000207008/id/74964007\">74964007</a></td><td>Others</td></tr><tr><td><a name=\"SILPH-SafetyDevicesVS-http://snomed.info/sct-261665006\"> </a><code>http://snomed.info/sct</code></td><td>http://snomed.info/sct/900000000000207008/version/20241001</td><td style=\"white-space:nowrap\">\u00a0\u00a0<a href=\"http://snomed.info/sct/900000000000207008/id/261665006\">261665006</a></td><td>Unknown</td></tr><tr><td><a name=\"SILPH-SafetyDevicesVS-http://loinc.org-LA9389-3\"> </a><code>http://loinc.org</code></td><td>2.78</td><td style=\"white-space:nowrap\">\u00a0\u00a0<a href=\"https://loinc.org/LA9389-3/\">LA9389-3</a></td><td>Childseat</td></tr></table></div>"},"url":"http://www.roadsafetyph.doh.gov.ph/ValueSet/SILPH-SafetyDevices","version":"0.2.0","name":"SILPH___Safety_Devices__VS_","title":"SILPH - Safety Devices (VS)","status":"draft","date":"2025-11-01T03:08:11+00:00","publisher":"UP Manila - National Institutes of Health - National Telehealth Center","contact":[{"name":"UP Manila - National Institutes of Health - National Telehealth Center","telecom":[{"system":"url","value":"https://github.com/UPM-NTHC/PH-RoadSafetyIG"}]},{"name":"PH Road Safety IG Repository","telecom":[{"system":"url","value":"https://github.com/UPM-NTHC/PH-RoadSafetyIG"}]}],"description":"SILPH Value Set for Safety Devices","jurisdiction":[{"coding":[{"system":"urn:iso:std:iso:3166","code":"PH","display":"Philippines"}]}],"compose":{"include":[{"system":"http://snomed.info/sct","concept":[{"code":"260413007","display":"None"},{"code":"427850003","display":"Life vest/Lifejacket/Floatation device (for drowning)"},{"code":"102384007","display":"Airbag"},{"code":"60054005","display":"Seatbelt"},{"code":"285695004","display":"Helmet"},{"code":"74964007","display":"Others"},{"code":"261665006","display":"Unknown"}]},{"system":"http://loinc.org","concept":[{"code":"LA9389-3","display":"Childseat"}]}]},"expansion":{"identifier":"urn:uuid:b08f04a1-0646-42ab-b290-3b011b95f091","timestamp":"2025-10-29T23:49:31+00:00","total":8,"parameter":[{"name":"used-codesystem","valueUri":"http://snomed.info/sct|http://snomed.info/sct/900000000000207008/version/20241001"},{"name":"version","valueUri":"http://snomed.info/sct|http://snomed.info/sct/900000000000207008/version/20241001"},{"name":"used-codesystem","valueUri":"http://loinc.org|2.78"},{"name":"version","valueUri":"http://loinc.org|2.78"},{"name":"warning-draft","valueUri":"http://www.roadsafetyph.doh.gov.ph/ValueSet/SILPH-SafetyDevices|1"}],"contains":[{"system":"http://snomed.info/sct","version":"http://snomed.info/sct/900000000000207008/version/20241001","code":"260413007","display":"None"},{"system":"http://snomed.info/sct","version":"http://snomed.info/sct/900000000000207008/version/20241001","code":"427850003","display":"Life vest/Lifejacket/Floatation device (for drowning)"},{"system":"http://snomed.info/sct","version":"http://snomed.info/sct/900000000000207008/version/20241001","code":"102384007","display":"Airbag"},{"system":"http://snomed.info/sct","version":"http://snomed.info/sct/900000000000207008/version/20241001","code":"60054005","display":"Seatbelt"},{"system":"http://snomed.info/sct","version":"http://snomed.info/sct/900000000000207008/version/20241001","code":"285695004","display":"Helmet"},{"system":"http://snomed.info/sct","version":"http://snomed.info/sct/900000000000207008/version/20241001","code":"74964007","display":"Others"},{"system":"http://snomed.info/sct","version":"http://snomed.info/sct/900000000000207008/version/20241001","code":"261665006","display":"Unknown"},{"system":"http://loinc.org","version":"2.78","code":"LA9389-3","display":"Childseat"}]}}