{"resourceType":"ValueSet","id":"SILPH-BurnsVS","meta":{"versionId":"4","lastUpdated":"2025-10-30T00:34:00.619+00:00"},"text":{"status":"generated","div":"<div xmlns=\"http://www.w3.org/1999/xhtml\"><p class=\"res-header-id\"><b>Generated Narrative: ValueSet SILPH-BurnsVS</b></p><a name=\"SILPH-BurnsVS\"> </a><a name=\"hcSILPH-BurnsVS\"> </a><div style=\"display: inline-block; background-color: #d9e0e7; padding: 6px; margin: 4px; border: 1px solid #8da1b4; border-radius: 5px; line-height: 60%\"><p style=\"margin-bottom: 0px\">version: 4; Last updated: 2025-10-30 00:34:00+0000</p></div><p style=\"border: black 1px dotted; background-color: #EEEEEE; padding: 8px; margin-bottom: 8px\">Expansion based on SNOMED CT International edition 01-Oct 2024</p><p>This value set contains 4 concepts</p><table class=\"codes\"><tr><td><b>System</b></td><td style=\"white-space:nowrap\"><b>Code</b></td><td><b>Display</b></td></tr><tr><td><a name=\"SILPH-BurnsVS-http://snomed.info/sct-77140003\"> </a><code>http://snomed.info/sct</code></td><td style=\"white-space:nowrap\">\u00a0\u00a0<a href=\"http://snomed.info/id/77140003\">77140003</a></td><td>1st Degree Burn</td></tr><tr><td><a name=\"SILPH-BurnsVS-http://snomed.info/sct-46541008\"> </a><code>http://snomed.info/sct</code></td><td style=\"white-space:nowrap\">\u00a0\u00a0<a href=\"http://snomed.info/id/46541008\">46541008</a></td><td>2nd Degree Burn</td></tr><tr><td><a name=\"SILPH-BurnsVS-http://snomed.info/sct-80247002\"> </a><code>http://snomed.info/sct</code></td><td style=\"white-space:nowrap\">\u00a0\u00a0<a href=\"http://snomed.info/id/80247002\">80247002</a></td><td>3rd Degree Burn</td></tr><tr><td><a name=\"SILPH-BurnsVS-http://snomed.info/sct-770400008\"> </a><code>http://snomed.info/sct</code></td><td style=\"white-space:nowrap\">\u00a0\u00a0<a href=\"http://snomed.info/id/770400008\">770400008</a></td><td>4th Degree Burn</td></tr></table></div>"},"url":"http://www.roadsafetyph.doh.gov.ph/ValueSet/SILPH-Burns","version":"0.2.0","name":"SILPH___Burns__VS_","title":"SILPH - Burns (VS)","status":"draft","date":"2025-10-31T16:32:57+00:00","publisher":"UP Manila - National Institutes of Health - National Telehealth Center","contact":[{"name":"UP Manila - National Institutes of Health - National Telehealth Center","telecom":[{"system":"url","value":"https://github.com/UPM-NTHC/PH-RoadSafetyIG"}]},{"name":"PH Road Safety IG Repository","telecom":[{"system":"url","value":"https://github.com/UPM-NTHC/PH-RoadSafetyIG"}]}],"description":"SILPH Value Set for Degree of Burn","jurisdiction":[{"coding":[{"system":"urn:iso:std:iso:3166","code":"PH","display":"Philippines"}]}],"compose":{"include":[{"system":"http://snomed.info/sct","concept":[{"code":"77140003","display":"1st Degree Burn"},{"code":"46541008","display":"2nd Degree Burn"},{"code":"80247002","display":"3rd Degree Burn"},{"code":"770400008","display":"4th Degree Burn"}]}]},"expansion":{"identifier":"urn:uuid:b4fbdf17-f75f-4f4f-b8a7-5f3d76b01ead","timestamp":"2025-10-29T23:49:33+00:00","total":4,"parameter":[{"name":"used-codesystem","valueUri":"http://snomed.info/sct|http://snomed.info/sct/900000000000207008/version/20241001"},{"name":"version","valueUri":"http://snomed.info/sct|http://snomed.info/sct/900000000000207008/version/20241001"},{"name":"warning-draft","valueUri":"http://www.roadsafetyph.doh.gov.ph/ValueSet/SILPH-Burns|1"}],"contains":[{"system":"http://snomed.info/sct","code":"77140003","display":"1st Degree Burn"},{"system":"http://snomed.info/sct","code":"46541008","display":"2nd Degree Burn"},{"system":"http://snomed.info/sct","code":"80247002","display":"3rd Degree Burn"},{"system":"http://snomed.info/sct","code":"770400008","display":"4th Degree Burn"}]}}