{"resourceType":"ValueSet","id":"rs-hospital-category","text":{"status":"generated","div":"<div xmlns=\"http://www.w3.org/1999/xhtml\"><p class=\"res-header-id\"><b>Generated Narrative: ValueSet rs-hospital-category</b></p><a name=\"rs-hospital-category\"> </a><a name=\"hcrs-hospital-category\"> </a><ul><li>Include these codes as defined in <a href=\"http://www.snomed.org/\"><code>http://snomed.info/sct</code></a><span title=\"Version is not explicity stated. No matching Code System found\"> version Not Stated (use latest from terminology server)</span><table class=\"none\"><tr><td style=\"white-space:nowrap\"><b>Code</b></td><td><b>Display</b></td></tr><tr><td><a href=\"http://snomed.info/id/394814009\">394814009</a></td><td>Emergency medical services (EMS) referral center</td></tr><tr><td><a href=\"http://snomed.info/id/22633000\">22633000</a></td><td>Tertiary hospital</td></tr><tr><td><a href=\"http://snomed.info/id/22232009\">22232009</a></td><td>Primary hospital</td></tr></table></li></ul></div>"},"url":"https://build.fhir.org/ig/UPM-NTHC/PH-RoadSafetyIG/ValueSet/rs-hospital-category","version":"0.1.0","name":"RSHospitalCategoryVS","title":"Hospital / EMS Category","status":"active","experimental":true,"date":"2025-10-21T09:02:18+00:00","publisher":"UP Manila - National Institutes of Health - National Telehealth Center","contact":[{"name":"UP Manila - National Institutes of Health - National Telehealth Center","telecom":[{"system":"url","value":"https://github.com/UPM-NTHC/PH-RoadSafetyIG"}]},{"name":"PH Road Safety IG Repository","telecom":[{"system":"url","value":"https://github.com/UPM-NTHC/PH-RoadSafetyIG"}]}],"description":"Categories for hospitals relevant to EMS referral.","jurisdiction":[{"coding":[{"system":"urn:iso:std:iso:3166","code":"PH","display":"Philippines"}]}],"compose":{"include":[{"system":"http://snomed.info/sct","concept":[{"code":"394814009","display":"Emergency medical services (EMS) referral center"},{"code":"22633000","display":"Tertiary hospital"},{"code":"22232009","display":"Primary hospital"}]}]}}