{"resourceType":"ValueSet","id":"SILPH-SexVS","meta":{"versionId":"5","lastUpdated":"2025-10-30T00:34:07.465+00:00"},"text":{"status":"generated","div":"<div xmlns=\"http://www.w3.org/1999/xhtml\"><p class=\"res-header-id\"><b>Generated Narrative: ValueSet SILPH-SexVS</b></p><a name=\"SILPH-SexVS\"> </a><a name=\"hcSILPH-SexVS\"> </a><div style=\"display: inline-block; background-color: #d9e0e7; padding: 6px; margin: 4px; border: 1px solid #8da1b4; border-radius: 5px; line-height: 60%\"><p style=\"margin-bottom: 0px\">version: 5; Last updated: 2025-10-30 00:34:07+0000</p></div><p style=\"border: black 1px dotted; background-color: #EEEEEE; padding: 8px; margin-bottom: 8px\">Expansion based on SNOMED CT International edition 01-Oct 2024</p><p>This value set contains 2 concepts</p><table class=\"codes\"><tr><td><b>System</b></td><td style=\"white-space:nowrap\"><b>Code</b></td><td><b>Display</b></td></tr><tr><td><a name=\"SILPH-SexVS-http://snomed.info/sct-248153007\"> </a><code>http://snomed.info/sct</code></td><td style=\"white-space:nowrap\">\u00a0\u00a0<a href=\"http://snomed.info/id/248153007\">248153007</a></td><td>Male</td></tr><tr><td><a name=\"SILPH-SexVS-http://snomed.info/sct-248152002\"> </a><code>http://snomed.info/sct</code></td><td style=\"white-space:nowrap\">\u00a0\u00a0<a href=\"http://snomed.info/id/248152002\">248152002</a></td><td>Female</td></tr></table></div>"},"url":"http://www.roadsafetyph.doh.gov.ph/ValueSet/SILPH-Sex","version":"0.3.0","name":"SILPH___Sex__VS_","title":"SILPH - Sex (VS)","status":"draft","date":"2025-11-13T05:42:41+00:00","publisher":"UP Manila - National Institutes of Health - National Telehealth Center","contact":[{"name":"UP Manila - National Institutes of Health - National Telehealth Center","telecom":[{"system":"url","value":"https://github.com/UPM-NTHC/PH-RoadSafetyIG"}]},{"name":"PH Road Safety IG Repository","telecom":[{"system":"url","value":"https://github.com/UPM-NTHC/PH-RoadSafetyIG"}]}],"description":"SILPH Value Set for Sex","jurisdiction":[{"coding":[{"system":"urn:iso:std:iso:3166","code":"PH","display":"Philippines"}]}],"compose":{"include":[{"system":"http://snomed.info/sct","concept":[{"code":"248153007","display":"Male"},{"code":"248152002","display":"Female"}]}]},"expansion":{"identifier":"urn:uuid:f37455e9-15d2-44ec-bdac-aa59e9a014ff","timestamp":"2025-10-29T23:49:27+00:00","total":2,"parameter":[{"name":"used-codesystem","valueUri":"http://snomed.info/sct|http://snomed.info/sct/900000000000207008/version/20241001"},{"name":"version","valueUri":"http://snomed.info/sct|http://snomed.info/sct/900000000000207008/version/20241001"},{"name":"warning-draft","valueUri":"http://www.roadsafetyph.doh.gov.ph/ValueSet/SILPH-Sex|1"}],"contains":[{"system":"http://snomed.info/sct","code":"248153007","display":"Male"},{"system":"http://snomed.info/sct","code":"248152002","display":"Female"}]}}