{"resourceType":"ValueSet","id":"SILPH-PupilsVS","meta":{"versionId":"6","lastUpdated":"2025-10-30T00:34:06.672+00:00"},"text":{"status":"generated","div":"<div xmlns=\"http://www.w3.org/1999/xhtml\"><p class=\"res-header-id\"><b>Generated Narrative: ValueSet SILPH-PupilsVS</b></p><a name=\"SILPH-PupilsVS\"> </a><a name=\"hcSILPH-PupilsVS\"> </a><div style=\"display: inline-block; background-color: #d9e0e7; padding: 6px; margin: 4px; border: 1px solid #8da1b4; border-radius: 5px; line-height: 60%\"><p style=\"margin-bottom: 0px\">version: 6; Last updated: 2025-10-30 00:34:06+0000</p></div><p style=\"border: black 1px dotted; background-color: #EEEEEE; padding: 8px; margin-bottom: 8px\">Expansion based on SNOMED CT International edition 01-Oct 2024</p><p>This value set contains 5 concepts</p><table class=\"codes\"><tr><td><b>System</b></td><td style=\"white-space:nowrap\"><b>Code</b></td><td><b>Display</b></td></tr><tr><td><a name=\"SILPH-PupilsVS-http://snomed.info/sct-386666001\"> </a><code>http://snomed.info/sct</code></td><td style=\"white-space:nowrap\">\u00a0\u00a0<a href=\"http://snomed.info/id/386666001\">386666001</a></td><td>Pupils Equal and Reactive to Light (PEARL)</td></tr><tr><td><a name=\"SILPH-PupilsVS-http://snomed.info/sct-37125009\"> </a><code>http://snomed.info/sct</code></td><td style=\"white-space:nowrap\">\u00a0\u00a0<a href=\"http://snomed.info/id/37125009\">37125009</a></td><td>Dilated</td></tr><tr><td><a name=\"SILPH-PupilsVS-http://snomed.info/sct-301939004\"> </a><code>http://snomed.info/sct</code></td><td style=\"white-space:nowrap\">\u00a0\u00a0<a href=\"http://snomed.info/id/301939004\">301939004</a></td><td>Constricted</td></tr><tr><td><a name=\"SILPH-PupilsVS-http://snomed.info/sct-823998002\"> </a><code>http://snomed.info/sct</code></td><td style=\"white-space:nowrap\">\u00a0\u00a0<a href=\"http://snomed.info/id/823998002\">823998002</a></td><td>Unequal</td></tr><tr><td><a name=\"SILPH-PupilsVS-http://snomed.info/sct-301944006\"> </a><code>http://snomed.info/sct</code></td><td style=\"white-space:nowrap\">\u00a0\u00a0<a href=\"http://snomed.info/id/301944006\">301944006</a></td><td>Non Reactive</td></tr></table></div>"},"url":"http://www.roadsafetyph.doh.gov.ph/ValueSet/SILPH-Pupils","version":"0.3.0","name":"SILPH___Pupils__VS_","title":"SILPH - Pupils (VS)","status":"draft","date":"2025-11-07T10:27:49+00:00","publisher":"UP Manila - National Institutes of Health - National Telehealth Center","contact":[{"name":"UP Manila - National Institutes of Health - National Telehealth Center","telecom":[{"system":"url","value":"https://github.com/UPM-NTHC/PH-RoadSafetyIG"}]},{"name":"PH Road Safety IG Repository","telecom":[{"system":"url","value":"https://github.com/UPM-NTHC/PH-RoadSafetyIG"}]}],"description":"SILPH Value Set for Pupil Reaction","jurisdiction":[{"coding":[{"system":"urn:iso:std:iso:3166","code":"PH","display":"Philippines"}]}],"compose":{"include":[{"system":"http://snomed.info/sct","concept":[{"code":"386666001","display":"Pupils Equal and Reactive to Light (PEARL)"},{"code":"37125009","display":"Dilated"},{"code":"301939004","display":"Constricted"},{"code":"823998002","display":"Unequal"},{"code":"301944006","display":"Non Reactive"}]}]},"expansion":{"identifier":"urn:uuid:7375f907-b877-45e0-81ce-29efe5daa9cd","timestamp":"2025-10-29T23:49:28+00:00","total":5,"parameter":[{"name":"used-codesystem","valueUri":"http://snomed.info/sct|http://snomed.info/sct/900000000000207008/version/20241001"},{"name":"version","valueUri":"http://snomed.info/sct|http://snomed.info/sct/900000000000207008/version/20241001"},{"name":"warning-draft","valueUri":"http://www.roadsafetyph.doh.gov.ph/ValueSet/SILPH-Pupils|1"}],"contains":[{"system":"http://snomed.info/sct","code":"386666001","display":"Pupils Equal and Reactive to Light (PEARL)"},{"system":"http://snomed.info/sct","code":"37125009","display":"Dilated"},{"system":"http://snomed.info/sct","code":"301939004","display":"Constricted"},{"system":"http://snomed.info/sct","code":"823998002","display":"Unequal"},{"system":"http://snomed.info/sct","code":"301944006","display":"Non Reactive"}]}}