{"resourceType":"ValueSet","id":"SILPH-TransportAccidentTypeVS","meta":{"versionId":"6","lastUpdated":"2025-10-30T00:34:08.125+00:00"},"text":{"status":"generated","div":"<div xmlns=\"http://www.w3.org/1999/xhtml\"><p class=\"res-header-id\"><b>Generated Narrative: ValueSet SILPH-TransportAccidentTypeVS</b></p><a name=\"SILPH-TransportAccidentTypeVS\"> </a><a name=\"hcSILPH-TransportAccidentTypeVS\"> </a><div style=\"display: inline-block; background-color: #d9e0e7; padding: 6px; margin: 4px; border: 1px solid #8da1b4; border-radius: 5px; line-height: 60%\"><p style=\"margin-bottom: 0px\">version: 6; Last updated: 2025-10-30 00:34:08+0000</p></div><div style=\"border: black 1px dotted; background-color: #EEEEEE; padding: 8px; margin-bottom: 8px\"><p>Expansion based on:</p><ul><li>SNOMED CT International edition 01-Oct 2024</li><li>codesystem SILPH Road Safety Local Codes version 0.2.0</li></ul></div><p>This value set contains 2 concepts</p><table class=\"codes\"><tr><td><b>System</b></td><td><b>Version</b></td><td style=\"white-space:nowrap\"><b>Code</b></td><td><b>Display</b></td></tr><tr><td><a name=\"SILPH-TransportAccidentTypeVS-http://snomed.info/sct-215414001\"> </a><code>http://snomed.info/sct</code></td><td>http://snomed.info/sct/900000000000207008/version/20241001</td><td style=\"white-space:nowrap\">\u00a0\u00a0<a href=\"http://snomed.info/sct/900000000000207008/id/215414001\">215414001</a></td><td>Water</td></tr><tr><td><a name=\"SILPH-TransportAccidentTypeVS-http://snomed.info/sct-386679005\"> </a><code>http://snomed.info/sct</code></td><td>http://snomed.info/sct/900000000000207008/version/20241001</td><td style=\"white-space:nowrap\">\u00a0\u00a0<a href=\"http://snomed.info/sct/900000000000207008/id/386679005\">386679005</a></td><td>Air</td></tr></table></div>"},"url":"http://www.roadsafetyph.doh.gov.ph/ValueSet/SILPH-TransportAccidentType","version":"0.3.0","name":"SILPH___Transport_Accident_Type__VS_","title":"SILPH - Transport Accident Type (VS)","status":"draft","date":"2025-11-09T01:35:45+00:00","publisher":"UP Manila - National Institutes of Health - National Telehealth Center","contact":[{"name":"UP Manila - National Institutes of Health - National Telehealth Center","telecom":[{"system":"url","value":"https://github.com/UPM-NTHC/PH-RoadSafetyIG"}]},{"name":"PH Road Safety IG Repository","telecom":[{"system":"url","value":"https://github.com/UPM-NTHC/PH-RoadSafetyIG"}]}],"description":"SILPH Value Set for Transport Accident Type (Land, Water or Air)","jurisdiction":[{"coding":[{"system":"urn:iso:std:iso:3166","code":"PH","display":"Philippines"}]}],"compose":{"include":[{"system":"http://www.roadsafetyph.doh.gov.ph/CodeSystem","concept":[{"code":"LAND","display":"Land"}]},{"system":"http://snomed.info/sct","concept":[{"code":"215414001","display":"Water"},{"code":"386679005","display":"Air"}]}]},"expansion":{"identifier":"urn:uuid:abb68c36-1fe4-4d94-b352-5640c45c78f2","timestamp":"2025-10-29T23:49:35+00:00","total":2,"parameter":[{"name":"used-codesystem","valueUri":"http://www.roadsafetyph.doh.gov.ph/CodeSystem|0.2.0"},{"name":"version","valueUri":"http://www.roadsafetyph.doh.gov.ph/CodeSystem|0.2.0"},{"name":"used-codesystem","valueUri":"http://snomed.info/sct|http://snomed.info/sct/900000000000207008/version/20241001"},{"name":"version","valueUri":"http://snomed.info/sct|http://snomed.info/sct/900000000000207008/version/20241001"},{"name":"warning-draft","valueUri":"http://www.roadsafetyph.doh.gov.ph/CodeSystem|0.2.0"},{"name":"warning-draft","valueUri":"http://www.roadsafetyph.doh.gov.ph/ValueSet/SILPH-TransportAccidentType|0.1.2"}],"contains":[{"system":"http://snomed.info/sct","version":"http://snomed.info/sct/900000000000207008/version/20241001","code":"215414001","display":"Water"},{"system":"http://snomed.info/sct","version":"http://snomed.info/sct/900000000000207008/version/20241001","code":"386679005","display":"Air"}]}}