{"resourceType":"ValueSet","id":"vs-psgc-province","text":{"status":"generated","div":"<div xmlns=\"http://www.w3.org/1999/xhtml\"><p class=\"res-header-id\"><b>Generated Narrative: ValueSet vs-psgc-province</b></p><a name=\"vs-psgc-province\"> </a><a name=\"hcvs-psgc-province\"> </a><ul><li>Include all codes defined in <a href=\"https://build.fhir.org/ig/UP-Manila-SILab/ph-core/CodeSystem-PSGC.html\"><code>urn://example.com/ph-core/fhir/CodeSystem/PSGC</code></a><span title=\"Version is not explicitly stated, which means it is fixed to 0.1.0, the version found through the package references\"> version &#x1F4E6;0.1.0</span></li></ul></div>"},"url":"https://build.fhir.org/ig/UPM-NTHC/PH-RoadSafetyIG/ValueSet/vs-psgc-province","version":"0.3.0","name":"VSPSGCProvince","title":"RS VS - PSGC Province","status":"draft","date":"2025-11-09T10:56:11+00:00","publisher":"UP Manila - National Institutes of Health - National Telehealth Center","contact":[{"name":"UP Manila - National Institutes of Health - National Telehealth Center","telecom":[{"system":"url","value":"https://github.com/UPM-NTHC/PH-RoadSafetyIG"}]},{"name":"PH Road Safety IG Repository","telecom":[{"system":"url","value":"https://github.com/UPM-NTHC/PH-RoadSafetyIG"}]}],"description":"PSGC Province codes (managed externally).","jurisdiction":[{"coding":[{"system":"urn:iso:std:iso:3166","code":"PH","display":"Philippines"}]}],"compose":{"include":[{"system":"urn://example.com/ph-core/fhir/CodeSystem/PSGC"}]}}