{"resourceType":"ValueSet","id":"SILPH-ExternalCauseofDrowningVS","meta":{"versionId":"5","lastUpdated":"2025-10-30T00:34:01.305+00:00"},"text":{"status":"generated","div":"<div xmlns=\"http://www.w3.org/1999/xhtml\"><p class=\"res-header-id\"><b>Generated Narrative: ValueSet SILPH-ExternalCauseofDrowningVS</b></p><a name=\"SILPH-ExternalCauseofDrowningVS\"> </a><a name=\"hcSILPH-ExternalCauseofDrowningVS\"> </a><div style=\"display: inline-block; background-color: #d9e0e7; padding: 6px; margin: 4px; border: 1px solid #8da1b4; border-radius: 5px; line-height: 60%\"><p style=\"margin-bottom: 0px\">version: 5; Last updated: 2025-10-30 00:34:01+0000</p></div><p style=\"border: black 1px dotted; background-color: #EEEEEE; padding: 8px; margin-bottom: 8px\">Expansion based on SNOMED CT International edition 01-Oct 2024</p><p>This value set contains 6 concepts</p><table class=\"codes\"><tr><td><b>System</b></td><td style=\"white-space:nowrap\"><b>Code</b></td><td><b>Display</b></td></tr><tr><td><a name=\"SILPH-ExternalCauseofDrowningVS-http://snomed.info/sct-225742004\"> </a><code>http://snomed.info/sct</code></td><td style=\"white-space:nowrap\">\u00a0\u00a0<a href=\"http://snomed.info/id/225742004\">225742004</a></td><td>Sea</td></tr><tr><td><a name=\"SILPH-ExternalCauseofDrowningVS-http://snomed.info/sct-420531007\"> </a><code>http://snomed.info/sct</code></td><td style=\"white-space:nowrap\">\u00a0\u00a0<a href=\"http://snomed.info/id/420531007\">420531007</a></td><td>River</td></tr><tr><td><a name=\"SILPH-ExternalCauseofDrowningVS-http://snomed.info/sct-421084007\"> </a><code>http://snomed.info/sct</code></td><td style=\"white-space:nowrap\">\u00a0\u00a0<a href=\"http://snomed.info/id/421084007\">421084007</a></td><td>Lake</td></tr><tr><td><a name=\"SILPH-ExternalCauseofDrowningVS-http://snomed.info/sct-69297003\"> </a><code>http://snomed.info/sct</code></td><td style=\"white-space:nowrap\">\u00a0\u00a0<a href=\"http://snomed.info/id/69297003\">69297003</a></td><td>Pool</td></tr><tr><td><a name=\"SILPH-ExternalCauseofDrowningVS-http://snomed.info/sct-75988000\"> </a><code>http://snomed.info/sct</code></td><td style=\"white-space:nowrap\">\u00a0\u00a0<a href=\"http://snomed.info/id/75988000\">75988000</a></td><td>Bath tub</td></tr><tr><td><a name=\"SILPH-ExternalCauseofDrowningVS-http://snomed.info/sct-74964007\"> </a><code>http://snomed.info/sct</code></td><td style=\"white-space:nowrap\">\u00a0\u00a0<a href=\"http://snomed.info/id/74964007\">74964007</a></td><td>Others</td></tr></table></div>"},"url":"http://www.roadsafetyph.doh.gov.ph/ValueSet/SILPH-ExternalCauseofDrowning","version":"0.3.0","name":"SILPH___External_Cause_of_Drowning__VS_","title":"SILPH - External Cause of Drowning (VS)","status":"draft","date":"2025-11-09T01:35:45+00:00","publisher":"UP Manila - National Institutes of Health - National Telehealth Center","contact":[{"name":"UP Manila - National Institutes of Health - National Telehealth Center","telecom":[{"system":"url","value":"https://github.com/UPM-NTHC/PH-RoadSafetyIG"}]},{"name":"PH Road Safety IG Repository","telecom":[{"system":"url","value":"https://github.com/UPM-NTHC/PH-RoadSafetyIG"}]}],"description":"SILPH Value Set for External Cause of Drowning","jurisdiction":[{"coding":[{"system":"urn:iso:std:iso:3166","code":"PH","display":"Philippines"}]}],"compose":{"include":[{"system":"http://snomed.info/sct","concept":[{"code":"225742004","display":"Sea"},{"code":"420531007","display":"River"},{"code":"421084007","display":"Lake"},{"code":"69297003","display":"Pool"},{"code":"75988000","display":"Bath tub"},{"code":"74964007","display":"Others"}]}]},"expansion":{"identifier":"urn:uuid:b2c4db64-92f3-4da6-9b4d-e765962357d0","timestamp":"2025-10-29T23:49:28+00:00","total":6,"parameter":[{"name":"used-codesystem","valueUri":"http://snomed.info/sct|http://snomed.info/sct/900000000000207008/version/20241001"},{"name":"version","valueUri":"http://snomed.info/sct|http://snomed.info/sct/900000000000207008/version/20241001"},{"name":"warning-draft","valueUri":"http://www.roadsafetyph.doh.gov.ph/ValueSet/SILPH-ExternalCauseofDrowning|1"}],"contains":[{"system":"http://snomed.info/sct","code":"225742004","display":"Sea"},{"system":"http://snomed.info/sct","code":"420531007","display":"River"},{"system":"http://snomed.info/sct","code":"421084007","display":"Lake"},{"system":"http://snomed.info/sct","code":"69297003","display":"Pool"},{"system":"http://snomed.info/sct","code":"75988000","display":"Bath tub"},{"system":"http://snomed.info/sct","code":"74964007","display":"Others"}]}}