{"resourceType":"ValueSet","id":"SILPH-TriageVS","meta":{"versionId":"3","lastUpdated":"2025-10-30T00:34:08.278+00:00"},"text":{"status":"generated","div":"<div xmlns=\"http://www.w3.org/1999/xhtml\"><p class=\"res-header-id\"><b>Generated Narrative: ValueSet SILPH-TriageVS</b></p><a name=\"SILPH-TriageVS\"> </a><a name=\"hcSILPH-TriageVS\"> </a><div style=\"display: inline-block; background-color: #d9e0e7; padding: 6px; margin: 4px; border: 1px solid #8da1b4; border-radius: 5px; line-height: 60%\"><p style=\"margin-bottom: 0px\">version: 3; Last updated: 2025-10-30 00:34:08+0000</p></div><div style=\"border: black 1px dotted; background-color: #EEEEEE; padding: 8px; margin-bottom: 8px\"><p>Expansion based on:</p><ul><li>Loinc v2.78</li><li>SNOMED CT International edition 01-Oct 2024</li></ul></div><p>This value set contains 5 concepts</p><table class=\"codes\"><tr><td><b>System</b></td><td><b>Version</b></td><td style=\"white-space:nowrap\"><b>Code</b></td><td><b>Display</b></td></tr><tr><td><a name=\"SILPH-TriageVS-http://loinc.org-LA17696-8\"> </a><code>http://loinc.org</code></td><td>2.78</td><td style=\"white-space:nowrap\">\u00a0\u00a0<a href=\"https://loinc.org/LA17696-8/\">LA17696-8</a></td><td>Red</td></tr><tr><td><a name=\"SILPH-TriageVS-http://loinc.org-LA17695-0\"> </a><code>http://loinc.org</code></td><td>2.78</td><td style=\"white-space:nowrap\">\u00a0\u00a0<a href=\"https://loinc.org/LA17695-0/\">LA17695-0</a></td><td>Yellow</td></tr><tr><td><a name=\"SILPH-TriageVS-http://loinc.org-LA17694-3\"> </a><code>http://loinc.org</code></td><td>2.78</td><td style=\"white-space:nowrap\">\u00a0\u00a0<a href=\"https://loinc.org/LA17694-3/\">LA17694-3</a></td><td>Green</td></tr><tr><td><a name=\"SILPH-TriageVS-http://loinc.org-LA17697-6\"> </a><code>http://loinc.org</code></td><td>2.78</td><td style=\"white-space:nowrap\">\u00a0\u00a0<a href=\"https://loinc.org/LA17697-6/\">LA17697-6</a></td><td>Black</td></tr><tr><td><a name=\"SILPH-TriageVS-http://snomed.info/sct-261665006\"> </a><code>http://snomed.info/sct</code></td><td>http://snomed.info/sct/900000000000207008/version/20241001</td><td style=\"white-space:nowrap\">\u00a0\u00a0<a href=\"http://snomed.info/sct/900000000000207008/id/261665006\">261665006</a></td><td>Unknown</td></tr></table></div>"},"url":"http://www.roadsafetyph.doh.gov.ph/ValueSet/SILPH-Triage","version":"0.3.0","name":"SILPH___Triage__VS_","title":"SILPH - Triage (VS)","status":"draft","date":"2025-11-04T05:19:01+00:00","publisher":"UP Manila - National Institutes of Health - National Telehealth Center","contact":[{"name":"UP Manila - National Institutes of Health - National Telehealth Center","telecom":[{"system":"url","value":"https://github.com/UPM-NTHC/PH-RoadSafetyIG"}]},{"name":"PH Road Safety IG Repository","telecom":[{"system":"url","value":"https://github.com/UPM-NTHC/PH-RoadSafetyIG"}]}],"description":"SILPH Value Set for Triage at Scene","jurisdiction":[{"coding":[{"system":"urn:iso:std:iso:3166","code":"PH","display":"Philippines"}]}],"compose":{"include":[{"system":"http://loinc.org","concept":[{"code":"LA17696-8","display":"Red"},{"code":"LA17695-0","display":"Yellow"},{"code":"LA17694-3","display":"Green"},{"code":"LA17697-6","display":"Black"}]},{"system":"http://snomed.info/sct","concept":[{"code":"261665006","display":"Unknown"}]}]},"expansion":{"identifier":"urn:uuid:cb924568-5b27-4e06-b732-b4c8c6ad7dc8","timestamp":"2025-10-29T23:49:33+00:00","total":5,"parameter":[{"name":"used-codesystem","valueUri":"http://snomed.info/sct|http://snomed.info/sct/900000000000207008/version/20241001"},{"name":"version","valueUri":"http://snomed.info/sct|http://snomed.info/sct/900000000000207008/version/20241001"},{"name":"used-codesystem","valueUri":"http://loinc.org|2.78"},{"name":"version","valueUri":"http://loinc.org|2.78"},{"name":"warning-draft","valueUri":"http://www.roadsafetyph.doh.gov.ph/ValueSet/SILPH-Triage|1"}],"contains":[{"system":"http://loinc.org","version":"2.78","code":"LA17696-8","display":"Red"},{"system":"http://loinc.org","version":"2.78","code":"LA17695-0","display":"Yellow"},{"system":"http://loinc.org","version":"2.78","code":"LA17694-3","display":"Green"},{"system":"http://loinc.org","version":"2.78","code":"LA17697-6","display":"Black"},{"system":"http://snomed.info/sct","version":"http://snomed.info/sct/900000000000207008/version/20241001","code":"261665006","display":"Unknown"}]}}