{"resourceType":"ValueSet","id":"SILPH-ExternalCauseofBurnsVS","meta":{"versionId":"4","lastUpdated":"2025-10-30T00:34:01.155+00:00"},"text":{"status":"generated","div":"<div xmlns=\"http://www.w3.org/1999/xhtml\"><p class=\"res-header-id\"><b>Generated Narrative: ValueSet SILPH-ExternalCauseofBurnsVS</b></p><a name=\"SILPH-ExternalCauseofBurnsVS\"> </a><a name=\"hcSILPH-ExternalCauseofBurnsVS\"> </a><div style=\"display: inline-block; background-color: #d9e0e7; padding: 6px; margin: 4px; border: 1px solid #8da1b4; border-radius: 5px; line-height: 60%\"><p style=\"margin-bottom: 0px\">version: 4; Last updated: 2025-10-30 00:34:01+0000</p></div><p style=\"border: black 1px dotted; background-color: #EEEEEE; padding: 8px; margin-bottom: 8px\">Expansion based on SNOMED CT International edition 01-Oct 2024</p><p>This value set contains 6 concepts</p><table class=\"codes\"><tr><td><b>System</b></td><td style=\"white-space:nowrap\"><b>Code</b></td><td><b>Display</b></td></tr><tr><td><a name=\"SILPH-ExternalCauseofBurnsVS-http://snomed.info/sct-88999006\"> </a><code>http://snomed.info/sct</code></td><td style=\"white-space:nowrap\">\u00a0\u00a0<a href=\"http://snomed.info/id/88999006\">88999006</a></td><td>Heat</td></tr><tr><td><a name=\"SILPH-ExternalCauseofBurnsVS-http://snomed.info/sct-80032004\"> </a><code>http://snomed.info/sct</code></td><td style=\"white-space:nowrap\">\u00a0\u00a0<a href=\"http://snomed.info/id/80032004\">80032004</a></td><td>Fire</td></tr><tr><td><a name=\"SILPH-ExternalCauseofBurnsVS-http://snomed.info/sct-18213006\"> </a><code>http://snomed.info/sct</code></td><td style=\"white-space:nowrap\">\u00a0\u00a0<a href=\"http://snomed.info/id/18213006\">18213006</a></td><td>Electricity</td></tr><tr><td><a name=\"SILPH-ExternalCauseofBurnsVS-http://snomed.info/sct-21847005\"> </a><code>http://snomed.info/sct</code></td><td style=\"white-space:nowrap\">\u00a0\u00a0<a href=\"http://snomed.info/id/21847005\">21847005</a></td><td>Oil</td></tr><tr><td><a name=\"SILPH-ExternalCauseofBurnsVS-http://snomed.info/sct-263762005\"> </a><code>http://snomed.info/sct</code></td><td style=\"white-space:nowrap\">\u00a0\u00a0<a href=\"http://snomed.info/id/263762005\">263762005</a></td><td>Friction</td></tr><tr><td><a name=\"SILPH-ExternalCauseofBurnsVS-http://snomed.info/sct-74964007\"> </a><code>http://snomed.info/sct</code></td><td style=\"white-space:nowrap\">\u00a0\u00a0<a href=\"http://snomed.info/id/74964007\">74964007</a></td><td>Others</td></tr></table></div>"},"url":"http://www.roadsafetyph.doh.gov.ph/ValueSet/SILPH-ExternalCauseofBurns","version":"0.3.0","name":"SILPH___External_Cause_of_Burns__VS_","title":"SILPH - External Cause of Burns (VS)","status":"draft","date":"2025-11-09T07:15:59+00:00","publisher":"UP Manila - National Institutes of Health - National Telehealth Center","contact":[{"name":"UP Manila - National Institutes of Health - National Telehealth Center","telecom":[{"system":"url","value":"https://github.com/UPM-NTHC/PH-RoadSafetyIG"}]},{"name":"PH Road Safety IG Repository","telecom":[{"system":"url","value":"https://github.com/UPM-NTHC/PH-RoadSafetyIG"}]}],"description":"SILPH Value Set for External Cause of Burns","jurisdiction":[{"coding":[{"system":"urn:iso:std:iso:3166","code":"PH","display":"Philippines"}]}],"compose":{"include":[{"system":"http://snomed.info/sct","concept":[{"code":"88999006","display":"Heat"},{"code":"80032004","display":"Fire"},{"code":"18213006","display":"Electricity"},{"code":"21847005","display":"Oil"},{"code":"263762005","display":"Friction"},{"code":"74964007","display":"Others"}]}]},"expansion":{"identifier":"urn:uuid:a2ab2dd4-0213-4f31-8e3a-34fd18cab0d9","timestamp":"2025-10-29T23:49:28+00:00","total":6,"parameter":[{"name":"used-codesystem","valueUri":"http://snomed.info/sct|http://snomed.info/sct/900000000000207008/version/20241001"},{"name":"version","valueUri":"http://snomed.info/sct|http://snomed.info/sct/900000000000207008/version/20241001"},{"name":"warning-draft","valueUri":"http://www.roadsafetyph.doh.gov.ph/ValueSet/SILPH-ExternalCauseofBurns|1"}],"contains":[{"system":"http://snomed.info/sct","code":"88999006","display":"Heat"},{"system":"http://snomed.info/sct","code":"80032004","display":"Fire"},{"system":"http://snomed.info/sct","code":"18213006","display":"Electricity"},{"system":"http://snomed.info/sct","code":"21847005","display":"Oil"},{"system":"http://snomed.info/sct","code":"263762005","display":"Friction"},{"system":"http://snomed.info/sct","code":"74964007","display":"Others"}]}}