{"resourceType":"ValueSet","id":"MDS-DrowningWaterBody-VS","text":{"status":"generated","div":"<div xmlns=\"http://www.w3.org/1999/xhtml\"><p class=\"res-header-id\"><b>Generated Narrative: ValueSet MDS-DrowningWaterBody-VS</b></p><a name=\"MDS-DrowningWaterBody-VS\"> </a><a name=\"hcMDS-DrowningWaterBody-VS\"> </a><ul><li>Include these codes as defined in <a href=\"http://www.snomed.org/\"><code>http://snomed.info/sct</code></a> version <span title=\"Version is not explicity stated. No matching Code System found\">Not Stated (use latest from terminology server)</span><table class=\"none\"><tr><td style=\"white-space:nowrap\"><b>Code</b></td><td><b>Display</b></td></tr><tr><td><a href=\"http://snomed.info/id/225742004\">225742004</a></td><td>Sea (environment)</td></tr><tr><td><a href=\"http://snomed.info/id/420531007\">420531007</a></td><td>River (environment)</td></tr><tr><td><a href=\"http://snomed.info/id/421084007\">421084007</a></td><td>Lake (environment)</td></tr><tr><td><a href=\"http://snomed.info/id/69297003\">69297003</a></td><td>Pool (environment)</td></tr><tr><td><a href=\"http://snomed.info/id/75988000\">75988000</a></td><td>Bathtub, device (physical object)</td></tr></table></li></ul></div>"},"url":"http://hl7.org/fhir/ValueSet/PH-RoadSafety-DrowningWaterBody","version":"0.1.0","name":"MDSDrowningWaterBodyVS","title":"MDS Drowning Body of Water","status":"draft","date":"2025-10-09T07:33:25+00:00","publisher":"UP Manila - National Institutes of Health - National Telehealth Center","contact":[{"name":"UP Manila - National Institutes of Health - National Telehealth Center","telecom":[{"system":"url","value":"https://github.com/UPM-NTHC/PH-RoadSafetyIG"}]},{"name":"PH Road Safety IG Repository","telecom":[{"system":"url","value":"https://github.com/UPM-NTHC/PH-RoadSafetyIG"}]}],"description":"Type/body of water involved in drowning.","jurisdiction":[{"coding":[{"system":"urn:iso:std:iso:3166","code":"PH","display":"Philippines"}]}],"compose":{"include":[{"system":"http://snomed.info/sct","concept":[{"code":"225742004","display":"Sea (environment)"},{"code":"420531007","display":"River (environment)"},{"code":"421084007","display":"Lake (environment)"},{"code":"69297003","display":"Pool (environment)"},{"code":"75988000","display":"Bathtub, device (physical object)"}]}]}}