{"resourceType":"ValueSet","id":"SILPH-ModeofTransportVS","meta":{"versionId":"4","lastUpdated":"2025-10-30T00:34:05.224+00:00"},"text":{"status":"generated","div":"<div xmlns=\"http://www.w3.org/1999/xhtml\"><p class=\"res-header-id\"><b>Generated Narrative: ValueSet SILPH-ModeofTransportVS</b></p><a name=\"SILPH-ModeofTransportVS\"> </a><a name=\"hcSILPH-ModeofTransportVS\"> </a><div style=\"display: inline-block; background-color: #d9e0e7; padding: 6px; margin: 4px; border: 1px solid #8da1b4; border-radius: 5px; line-height: 60%\"><p style=\"margin-bottom: 0px\">version: 4; Last updated: 2025-10-30 00:34:05+0000</p></div><div style=\"border: black 1px dotted; background-color: #EEEEEE; padding: 8px; margin-bottom: 8px\"><p>Expansion based on:</p><ul><li>Loinc v2.78</li><li>SNOMED CT International edition 01-Oct 2024</li></ul></div><p>This value set contains 4 concepts</p><table class=\"codes\"><tr><td><b>System</b></td><td><b>Version</b></td><td style=\"white-space:nowrap\"><b>Code</b></td><td><b>Display</b></td></tr><tr><td><a name=\"SILPH-ModeofTransportVS-http://snomed.info/sct-49122002\"> </a><code>http://snomed.info/sct</code></td><td>http://snomed.info/sct/900000000000207008/version/20241001</td><td style=\"white-space:nowrap\">\u00a0\u00a0<a href=\"http://snomed.info/sct/900000000000207008/id/49122002\">49122002</a></td><td>Ambulance</td></tr><tr><td><a name=\"SILPH-ModeofTransportVS-http://snomed.info/sct-74964007\"> </a><code>http://snomed.info/sct</code></td><td>http://snomed.info/sct/900000000000207008/version/20241001</td><td style=\"white-space:nowrap\">\u00a0\u00a0<a href=\"http://snomed.info/sct/900000000000207008/id/74964007\">74964007</a></td><td>Others</td></tr><tr><td><a name=\"SILPH-ModeofTransportVS-http://loinc.org-LA9321-6\"> </a><code>http://loinc.org</code></td><td>2.78</td><td style=\"white-space:nowrap\">\u00a0\u00a0<a href=\"https://loinc.org/LA9321-6/\">LA9321-6</a></td><td>Police vehicle</td></tr><tr><td><a name=\"SILPH-ModeofTransportVS-http://loinc.org-LA9319-0\"> </a><code>http://loinc.org</code></td><td>2.78</td><td style=\"white-space:nowrap\">\u00a0\u00a0<a href=\"https://loinc.org/LA9319-0/\">LA9319-0</a></td><td>Private vehicle</td></tr></table></div>"},"url":"http://www.roadsafetyph.doh.gov.ph/ValueSet/SILPH-ModeofTransport","version":"0.3.0","name":"SILPH___Mode_of_Transport__VS_","title":"SILPH - Mode of Transport (VS)","status":"draft","date":"2025-11-16T14:40:58+00:00","publisher":"UP Manila - National Institutes of Health - National Telehealth Center","contact":[{"name":"UP Manila - National Institutes of Health - National Telehealth Center","telecom":[{"system":"url","value":"https://github.com/UPM-NTHC/PH-RoadSafetyIG"}]},{"name":"PH Road Safety IG Repository","telecom":[{"system":"url","value":"https://github.com/UPM-NTHC/PH-RoadSafetyIG"}]}],"description":"SILPH Value Set for Mode of Transport of Patient to Healthcare Facility","jurisdiction":[{"coding":[{"system":"urn:iso:std:iso:3166","code":"PH","display":"Philippines"}]}],"compose":{"include":[{"system":"http://snomed.info/sct","version":"http://snomed.info/sct/900000000000207008/version/20241001","concept":[{"code":"49122002","display":"Ambulance"},{"code":"74964007","display":"Others"}]},{"system":"http://loinc.org","concept":[{"code":"LA9321-6","display":"Police vehicle"},{"code":"LA9319-0","display":"Private vehicle"}]}]},"expansion":{"identifier":"urn:uuid:5ca91754-ed69-430f-95c0-b9eb36b1b8b1","timestamp":"2025-10-29T23:49:32+00:00","total":4,"parameter":[{"name":"used-codesystem","valueUri":"http://snomed.info/sct|http://snomed.info/sct/900000000000207008/version/20241001"},{"name":"version","valueUri":"http://snomed.info/sct|http://snomed.info/sct/900000000000207008/version/20241001"},{"name":"used-codesystem","valueUri":"http://loinc.org|2.78"},{"name":"version","valueUri":"http://loinc.org|2.78"},{"name":"warning-draft","valueUri":"http://www.roadsafetyph.doh.gov.ph/ValueSet/SILPH-ModeofTransport|1"}],"contains":[{"system":"http://snomed.info/sct","version":"http://snomed.info/sct/900000000000207008/version/20241001","code":"49122002","display":"Ambulance"},{"system":"http://snomed.info/sct","version":"http://snomed.info/sct/900000000000207008/version/20241001","code":"74964007","display":"Others"},{"system":"http://loinc.org","version":"2.78","code":"LA9321-6","display":"Police vehicle"},{"system":"http://loinc.org","version":"2.78","code":"LA9319-0","display":"Private vehicle"}]}}