{"resourceType":"ValueSet","id":"MDS-AVPU-VS","text":{"status":"generated","div":"<div xmlns=\"http://www.w3.org/1999/xhtml\"><p class=\"res-header-id\"><b>Generated Narrative: ValueSet MDS-AVPU-VS</b></p><a name=\"MDS-AVPU-VS\"> </a><a name=\"hcMDS-AVPU-VS\"> </a><ul><li>Include these codes as defined in <a href=\"http://www.snomed.org/\"><code>http://snomed.info/sct</code></a> version <span title=\"Version is not explicity stated. No matching Code System found\">Not Stated (use latest from terminology server)</span><table class=\"none\"><tr><td style=\"white-space:nowrap\"><b>Code</b></td><td><b>Display</b></td></tr><tr><td><a href=\"http://snomed.info/id/248234008\">248234008</a></td><td>Mentally alert (finding)</td></tr><tr><td><a href=\"http://snomed.info/id/300202002\">300202002</a></td><td>Responds to voice (finding)</td></tr><tr><td><a href=\"http://snomed.info/id/450847001\">450847001</a></td><td>Responds to pain (finding)</td></tr><tr><td><a href=\"http://snomed.info/id/422768004\">422768004</a></td><td>Unresponsive (finding)</td></tr></table></li></ul></div>"},"url":"http://hl7.org/fhir/ValueSet/PH-RoadSafety-AVPU","version":"0.1.0","name":"MDSAVPUVS","title":"MDS AVPU Level of Consciousness","status":"draft","date":"2025-10-09T08:41:35+00:00","publisher":"UP Manila - National Institutes of Health - National Telehealth Center","contact":[{"name":"UP Manila - National Institutes of Health - National Telehealth Center","telecom":[{"system":"url","value":"https://github.com/UPM-NTHC/PH-RoadSafetyIG"}]},{"name":"PH Road Safety IG Repository","telecom":[{"system":"url","value":"https://github.com/UPM-NTHC/PH-RoadSafetyIG"}]}],"description":"AVPU scale coded in SNOMED CT.","jurisdiction":[{"coding":[{"system":"urn:iso:std:iso:3166","code":"PH","display":"Philippines"}]}],"compose":{"include":[{"system":"http://snomed.info/sct","concept":[{"code":"248234008","display":"Mentally alert (finding)"},{"code":"300202002","display":"Responds to voice (finding)"},{"code":"450847001","display":"Responds to pain (finding)"},{"code":"422768004","display":"Unresponsive (finding)"}]}]}}