{"resourceType":"ValueSet","id":"age-units-vs","text":{"status":"generated","div":"<div xmlns=\"http://www.w3.org/1999/xhtml\"><p class=\"res-header-id\"><b>Generated Narrative: ValueSet age-units-vs</b></p><a name=\"age-units-vs\"> </a><a name=\"hcage-units-vs\"> </a><ul><li>Include these codes as defined in <a href=\"http://unitsofmeasure.org\"><code>http://unitsofmeasure.org</code></a><span title=\"Version is not explicity stated. No matching Code System found\"> version Not Stated (use latest from terminology server)</span><table class=\"none\"><tr><td style=\"white-space:nowrap\"><b>Code</b></td><td><b>Display</b></td></tr><tr><td>a</td><td>years</td></tr><tr><td>mo</td><td>months</td></tr><tr><td>d</td><td>days</td></tr></table></li></ul></div>"},"url":"https://build.fhir.org/ig/UPM-NTHC/PH-RoadSafetyIG/ValueSet/age-units-vs","version":"0.1.0","name":"AgeUnitsVS","title":"Age Units ValueSet","status":"active","experimental":true,"date":"2025-10-21T09:02:18+00:00","publisher":"UP Manila - National Institutes of Health - National Telehealth Center","contact":[{"name":"UP Manila - National Institutes of Health - National Telehealth Center","telecom":[{"system":"url","value":"https://github.com/UPM-NTHC/PH-RoadSafetyIG"}]},{"name":"PH Road Safety IG Repository","telecom":[{"system":"url","value":"https://github.com/UPM-NTHC/PH-RoadSafetyIG"}]}],"description":"Allowed units for Patient Age when Date of Birth is not available.","jurisdiction":[{"coding":[{"system":"urn:iso:std:iso:3166","code":"PH","display":"Philippines"}]}],"compose":{"include":[{"system":"http://unitsofmeasure.org","concept":[{"code":"a","display":"years"},{"code":"mo","display":"months"},{"code":"d","display":"days"}]}]}}