{"resourceType":"ValueSet","id":"SILPH-Cyanosis","meta":{"versionId":"4","lastUpdated":"2025-10-30T00:34:00.769+00:00"},"text":{"status":"generated","div":"<div xmlns=\"http://www.w3.org/1999/xhtml\"><p class=\"res-header-id\"><b>Generated Narrative: ValueSet SILPH-Cyanosis</b></p><a name=\"SILPH-Cyanosis\"> </a><a name=\"hcSILPH-Cyanosis\"> </a><div style=\"display: inline-block; background-color: #d9e0e7; padding: 6px; margin: 4px; border: 1px solid #8da1b4; border-radius: 5px; line-height: 60%\"><p style=\"margin-bottom: 0px\">version: 4; Last updated: 2025-10-30 00:34:00+0000</p></div><p style=\"border: black 1px dotted; background-color: #EEEEEE; padding: 8px; margin-bottom: 8px\">Expansion based on SNOMED CT International edition 01-Oct 2024</p><p>This value set contains 3 concepts</p><table class=\"codes\"><tr><td><b>System</b></td><td style=\"white-space:nowrap\"><b>Code</b></td><td><b>Display</b></td></tr><tr><td><a name=\"SILPH-Cyanosis-http://snomed.info/sct-54622005\"> </a><code>http://snomed.info/sct</code></td><td style=\"white-space:nowrap\">\u00a0\u00a0<a href=\"http://snomed.info/id/54622005\">54622005</a></td><td>Negative</td></tr><tr><td><a name=\"SILPH-Cyanosis-http://snomed.info/sct-95837007\"> </a><code>http://snomed.info/sct</code></td><td style=\"white-space:nowrap\">\u00a0\u00a0<a href=\"http://snomed.info/id/95837007\">95837007</a></td><td>General</td></tr><tr><td><a name=\"SILPH-Cyanosis-http://snomed.info/sct-95442007\"> </a><code>http://snomed.info/sct</code></td><td style=\"white-space:nowrap\">\u00a0\u00a0<a href=\"http://snomed.info/id/95442007\">95442007</a></td><td>Peripheral</td></tr></table></div>"},"url":"http://www.roadsafetyph.doh.gov.ph/ValueSet/SILPH-Cyanosis","version":"0.3.0","name":"SILPH___Cyanosis__VS_","title":"SILPH - Cyanosis (VS)","status":"draft","date":"2025-11-16T14:11:53+00:00","publisher":"UP Manila - National Institutes of Health - National Telehealth Center","contact":[{"name":"UP Manila - National Institutes of Health - National Telehealth Center","telecom":[{"system":"url","value":"https://github.com/UPM-NTHC/PH-RoadSafetyIG"}]},{"name":"PH Road Safety IG Repository","telecom":[{"system":"url","value":"https://github.com/UPM-NTHC/PH-RoadSafetyIG"}]}],"description":"SILPH Value Set for Presence of Cyanosis","jurisdiction":[{"coding":[{"system":"urn:iso:std:iso:3166","code":"PH","display":"Philippines"}]}],"compose":{"include":[{"system":"http://snomed.info/sct","version":"http://snomed.info/sct/900000000000207008/version/20241001","concept":[{"code":"54622005","display":"Negative"},{"code":"95837007","display":"General"},{"code":"95442007","display":"Peripheral"}]}]},"expansion":{"identifier":"urn:uuid:fc5f7a9b-868b-4f9f-a80a-b88160bec17f","timestamp":"2025-10-29T23:49:28+00:00","total":3,"parameter":[{"name":"used-codesystem","valueUri":"http://snomed.info/sct|http://snomed.info/sct/900000000000207008/version/20241001"},{"name":"version","valueUri":"http://snomed.info/sct|http://snomed.info/sct/900000000000207008/version/20241001"},{"name":"warning-draft","valueUri":"http://www.roadsafetyph.doh.gov.ph/ValueSet/SILPH-Cyanosis|1"}],"contains":[{"system":"http://snomed.info/sct","code":"54622005","display":"Negative"},{"system":"http://snomed.info/sct","code":"95837007","display":"General"},{"system":"http://snomed.info/sct","code":"95442007","display":"Peripheral"}]}}