{"resourceType":"ValueSet","id":"MDS-RespiratoryRhythm-VS","text":{"status":"generated","div":"<div xmlns=\"http://www.w3.org/1999/xhtml\"><p class=\"res-header-id\"><b>Generated Narrative: ValueSet MDS-RespiratoryRhythm-VS</b></p><a name=\"MDS-RespiratoryRhythm-VS\"> </a><a name=\"hcMDS-RespiratoryRhythm-VS\"> </a><ul><li>Include these codes as defined in <a href=\"http://www.snomed.org/\"><code>http://snomed.info/sct</code></a> version <span title=\"Version is not explicity stated. No matching Code System found\">Not Stated (use latest from terminology server)</span><table class=\"none\"><tr><td style=\"white-space:nowrap\"><b>Code</b></td><td><b>Display</b></td></tr><tr><td><a href=\"http://snomed.info/id/5467003\">5467003</a></td><td>Normal respiratory rhythm (finding)</td></tr><tr><td><a href=\"http://snomed.info/id/248585001\">248585001</a></td><td>Irregular breathing (finding)</td></tr><tr><td><a href=\"http://snomed.info/id/248549001\">248549001</a></td><td>Labored breathing (finding)</td></tr></table></li></ul></div>"},"url":"http://hl7.org/fhir/ValueSet/PH-RoadSafety-RespiratoryRhythm","version":"0.1.0","name":"MDSRespiratoryRhythmVS","title":"MDS Respiratory Rhythm","status":"draft","date":"2025-10-08T01:44:50+00:00","publisher":"UP Manila - National Institutes of Health - National Telehealth Center","contact":[{"name":"UP Manila - National Institutes of Health - National Telehealth Center","telecom":[{"system":"url","value":"https://github.com/UPM-NTHC/PH-RoadSafetyIG"}]},{"name":"PH Road Safety IG Repository","telecom":[{"system":"url","value":"https://github.com/UPM-NTHC/PH-RoadSafetyIG"}]}],"description":"Respiratory rhythm findings.","jurisdiction":[{"coding":[{"system":"urn:iso:std:iso:3166","code":"PH","display":"Philippines"}]}],"compose":{"include":[{"system":"http://snomed.info/sct","concept":[{"code":"5467003","display":"Normal respiratory rhythm (finding)"},{"code":"248585001","display":"Irregular breathing (finding)"},{"code":"248549001","display":"Labored breathing (finding)"}]}]}}