{"resourceType":"ValueSet","id":"coordination","text":{"status":"generated","div":"<div xmlns=\"http://www.w3.org/1999/xhtml\"><p class=\"res-header-id\"><b>Generated Narrative: ValueSet coordination</b></p><a name=\"coordination\"> </a><a name=\"hccoordination\"> </a><ul><li>Include these codes as defined in <a href=\"http://www.snomed.org/\"><code>http://snomed.info/sct</code></a> version <span title=\"Version is not explicity stated. No matching Code System found\">Not Stated (use latest from terminology server)</span><table class=\"none\"><tr><td style=\"white-space:nowrap\"><b>Code</b></td><td><b>Display</b></td></tr><tr><td><a href=\"http://snomed.info/id/373873005\">373873005</a></td><td>Yes</td></tr><tr><td><a href=\"http://snomed.info/id/373874004\">373874004</a></td><td>No</td></tr></table></li></ul></div>"},"url":"https://build.fhir.org/ig/UPM-NTHC/PH-RoadSafetyIG/ValueSet/coordination","version":"0.1.0","name":"CoordinationVS","title":"Transport Coordination Codes","status":"active","experimental":true,"date":"2025-10-09T07:37:26+00:00","publisher":"UP Manila - National Institutes of Health - National Telehealth Center","contact":[{"name":"UP Manila - National Institutes of Health - National Telehealth Center","telecom":[{"system":"url","value":"https://github.com/UPM-NTHC/PH-RoadSafetyIG"}]},{"name":"PH Road Safety IG Repository","telecom":[{"system":"url","value":"https://github.com/UPM-NTHC/PH-RoadSafetyIG"}]}],"description":"Standard codes for documenting transport coordination.","jurisdiction":[{"coding":[{"system":"urn:iso:std:iso:3166","code":"PH","display":"Philippines"}]}],"compose":{"include":[{"system":"http://snomed.info/sct","concept":[{"code":"373873005","display":"Yes"},{"code":"373874004","display":"No"}]}]}}