{"resourceType":"ValueSet","id":"SILPH-GCSMotorVS","meta":{"versionId":"5","lastUpdated":"2025-10-30T00:34:01.792+00:00"},"text":{"status":"generated","div":"<div xmlns=\"http://www.w3.org/1999/xhtml\"><p class=\"res-header-id\"><b>Generated Narrative: ValueSet SILPH-GCSMotorVS</b></p><a name=\"SILPH-GCSMotorVS\"> </a><a name=\"hcSILPH-GCSMotorVS\"> </a><div style=\"display: inline-block; background-color: #d9e0e7; padding: 6px; margin: 4px; border: 1px solid #8da1b4; border-radius: 5px; line-height: 60%\"><p style=\"margin-bottom: 0px\">version: 5; Last updated: 2025-10-30 00:34:01+0000</p></div><p style=\"border: black 1px dotted; background-color: #EEEEEE; padding: 8px; margin-bottom: 8px\">Expansion based on Loinc v2.78</p><p>This value set contains 6 concepts</p><table class=\"codes\"><tr><td><b>System</b></td><td style=\"white-space:nowrap\"><b>Code</b></td><td><b>Display</b></td></tr><tr><td><a name=\"SILPH-GCSMotorVS-http://loinc.org-LA6567-7\"> </a><code>http://loinc.org</code></td><td style=\"white-space:nowrap\">\u00a0\u00a0<a href=\"https://loinc.org/LA6567-7/\">LA6567-7</a></td><td>6 To command</td></tr><tr><td><a name=\"SILPH-GCSMotorVS-http://loinc.org-LA6566-9\"> </a><code>http://loinc.org</code></td><td style=\"white-space:nowrap\">\u00a0\u00a0<a href=\"https://loinc.org/LA6566-9/\">LA6566-9</a></td><td>5 Localizes pain</td></tr><tr><td><a name=\"SILPH-GCSMotorVS-http://loinc.org-LA6565-1\"> </a><code>http://loinc.org</code></td><td style=\"white-space:nowrap\">\u00a0\u00a0<a href=\"https://loinc.org/LA6565-1/\">LA6565-1</a></td><td>4 Withdraws from pain</td></tr><tr><td><a name=\"SILPH-GCSMotorVS-http://loinc.org-LA6564-4\"> </a><code>http://loinc.org</code></td><td style=\"white-space:nowrap\">\u00a0\u00a0<a href=\"https://loinc.org/LA6564-4/\">LA6564-4</a></td><td>3 Abnormal flexion</td></tr><tr><td><a name=\"SILPH-GCSMotorVS-http://loinc.org-LA6563-6\"> </a><code>http://loinc.org</code></td><td style=\"white-space:nowrap\">\u00a0\u00a0<a href=\"https://loinc.org/LA6563-6/\">LA6563-6</a></td><td>2 Abnormal extension</td></tr><tr><td><a name=\"SILPH-GCSMotorVS-http://loinc.org-LA6562-8\"> </a><code>http://loinc.org</code></td><td style=\"white-space:nowrap\">\u00a0\u00a0<a href=\"https://loinc.org/LA6562-8/\">LA6562-8</a></td><td>1 None</td></tr></table></div>"},"url":"http://www.roadsafetyph.doh.gov.ph/ValueSet/SILPH-GCS-Motor","version":"0.3.0","name":"SILPH___GCS___Motor__VS_","title":"SILPH - GCS - Motor (VS)","status":"draft","date":"2025-11-09T12:21:17+00:00","publisher":"UP Manila - National Institutes of Health - National Telehealth Center","contact":[{"name":"UP Manila - National Institutes of Health - National Telehealth Center","telecom":[{"system":"url","value":"https://github.com/UPM-NTHC/PH-RoadSafetyIG"}]},{"name":"PH Road Safety IG Repository","telecom":[{"system":"url","value":"https://github.com/UPM-NTHC/PH-RoadSafetyIG"}]}],"description":"SILPH Value Set for GCS Motor Score","jurisdiction":[{"coding":[{"system":"urn:iso:std:iso:3166","code":"PH","display":"Philippines"}]}],"compose":{"include":[{"system":"http://loinc.org","concept":[{"code":"LA6567-7","display":"6 To command"},{"code":"LA6566-9","display":"5 Localizes pain"},{"code":"LA6565-1","display":"4 Withdraws from pain"},{"code":"LA6564-4","display":"3 Abnormal flexion"},{"code":"LA6563-6","display":"2 Abnormal extension"},{"code":"LA6562-8","display":"1 None"}]}]},"expansion":{"identifier":"urn:uuid:c7439f17-b180-4823-862e-0819941b3658","timestamp":"2025-10-29T23:49:38+00:00","total":6,"parameter":[{"name":"used-codesystem","valueUri":"http://loinc.org|2.78"},{"name":"version","valueUri":"http://loinc.org|2.78"},{"name":"warning-draft","valueUri":"http://www.roadsafetyph.doh.gov.ph/ValueSet/SILPH-GCS-Motor|0.1.1"}],"contains":[{"system":"http://loinc.org","code":"LA6567-7","display":"6 To command"},{"system":"http://loinc.org","code":"LA6566-9","display":"5 Localizes pain"},{"system":"http://loinc.org","code":"LA6565-1","display":"4 Withdraws from pain"},{"system":"http://loinc.org","code":"LA6564-4","display":"3 Abnormal flexion"},{"system":"http://loinc.org","code":"LA6563-6","display":"2 Abnormal extension"},{"system":"http://loinc.org","code":"LA6562-8","display":"1 None"}]}}