{"resourceType":"ValueSet","id":"MDSRoadSafetyVS","text":{"status":"generated","div":"<div xmlns=\"http://www.w3.org/1999/xhtml\"><p class=\"res-header-id\"><b>Generated Narrative: ValueSet MDSRoadSafetyVS</b></p><a name=\"MDSRoadSafetyVS\"> </a><a name=\"hcMDSRoadSafetyVS\"> </a><p>This value set includes codes based on the following rules:</p><ul><li>Include these codes as defined in <a href=\"http://www.snomed.org/\"><code>http://snomed.info/sct</code></a> version <span title=\"Version is not explicity stated. No matching Code System found\">Not Stated (use latest from terminology server)</span><table class=\"none\"><tr><td style=\"white-space:nowrap\"><b>Code</b></td><td><b>Display</b></td></tr><tr><td><a href=\"http://snomed.info/id/248153007\">248153007</a></td><td>Male (finding)</td></tr><tr><td><a href=\"http://snomed.info/id/248152002\">248152002</a></td><td>Female (finding)</td></tr><tr><td><a href=\"http://snomed.info/id/74964007\">74964007</a></td><td>Other (qualifier value)</td></tr><tr><td><a href=\"http://snomed.info/id/261665006\">261665006</a></td><td>Unknown (qualifier value)</td></tr><tr><td><a href=\"http://snomed.info/id/248234008\">248234008</a></td><td>Mentally alert (finding)</td></tr><tr><td><a href=\"http://snomed.info/id/300202002\">300202002</a></td><td>Responds to voice (finding)</td></tr><tr><td><a href=\"http://snomed.info/id/450847001\">450847001</a></td><td>Responds to pain (finding)</td></tr><tr><td><a href=\"http://snomed.info/id/422768004\">422768004</a></td><td>Unresponsive (finding)</td></tr><tr><td><a href=\"http://snomed.info/id/5467003\">5467003</a></td><td>Normal respiratory rhythm (finding)</td></tr><tr><td><a href=\"http://snomed.info/id/248585001\">248585001</a></td><td>Irregular breathing (finding)</td></tr><tr><td><a href=\"http://snomed.info/id/248549001\">248549001</a></td><td>Labored breathing (finding)</td></tr><tr><td><a href=\"http://snomed.info/id/301708006\">301708006</a></td><td>Chest clear (finding)</td></tr><tr><td><a href=\"http://snomed.info/id/56018004\">56018004</a></td><td>Wheezing (finding)</td></tr><tr><td><a href=\"http://snomed.info/id/271636001\">271636001</a></td><td>Pulse regular (finding)</td></tr><tr><td><a href=\"http://snomed.info/id/61086009\">61086009</a></td><td>Pulse irregular (finding)</td></tr><tr><td><a href=\"http://snomed.info/id/12146004\">12146004</a></td><td>Normal pulse (finding)</td></tr><tr><td><a href=\"http://snomed.info/id/64661000\">64661000</a></td><td>Thready pulse (finding)</td></tr><tr><td><a href=\"http://snomed.info/id/271640005\">271640005</a></td><td>Bounding pulse (finding)</td></tr><tr><td><a href=\"http://snomed.info/id/386666001\">386666001</a></td><td>Pupils equal and reacting to light (finding)</td></tr><tr><td><a href=\"http://snomed.info/id/37125009\">37125009</a></td><td>Dilated pupil (finding)</td></tr><tr><td><a href=\"http://snomed.info/id/301939004\">301939004</a></td><td>Constricted pupil (finding)</td></tr><tr><td><a href=\"http://snomed.info/id/823998002\">823998002</a></td><td>Unequal reaction of bilateral pupils (finding)</td></tr><tr><td><a href=\"http://snomed.info/id/301944006\">301944006</a></td><td>No pupillary reaction to light (finding)</td></tr><tr><td><a href=\"http://snomed.info/id/260385009\">260385009</a></td><td>Negative (qualifier value)</td></tr><tr><td><a href=\"http://snomed.info/id/95837007\">95837007</a></td><td>Central cyanosis (disorder)</td></tr><tr><td><a href=\"http://snomed.info/id/95442007\">95442007</a></td><td>Peripheral cyanosis (finding)</td></tr><tr><td><a href=\"http://snomed.info/id/399963005\">399963005</a></td><td>Abrasion (disorder)</td></tr><tr><td><a href=\"http://snomed.info/id/284554003\">284554003</a></td><td>Avulsion - injury (disorder)</td></tr><tr><td><a href=\"http://snomed.info/id/125666000\">125666000</a></td><td>Burn (disorder)</td></tr><tr><td><a href=\"http://snomed.info/id/46541008\">46541008</a></td><td>Second degree burn injury (morphologic abnormality)</td></tr><tr><td><a href=\"http://snomed.info/id/77140003\">77140003</a></td><td>First degree burn injury (morphologic abnormality)</td></tr><tr><td><a href=\"http://snomed.info/id/80247002\">80247002</a></td><td>Third degree burn injury (morphologic abnormality)</td></tr><tr><td><a href=\"http://snomed.info/id/770400008\">770400008</a></td><td>Fourth degree burn injury (morphologic abnormality)</td></tr><tr><td><a href=\"http://snomed.info/id/110030002\">110030002</a></td><td>Concussion injury of brain (disorder)</td></tr><tr><td><a href=\"http://snomed.info/id/125667009\">125667009</a></td><td>Contusion (disorder)</td></tr><tr><td><a href=\"http://snomed.info/id/72704001\">72704001</a></td><td>Fracture (morphologic abnormality)</td></tr><tr><td><a href=\"http://snomed.info/id/423125000\">423125000</a></td><td>Closed fracture of bone (disorder)</td></tr><tr><td><a href=\"http://snomed.info/id/397181002\">397181002</a></td><td>Open fracture (disorder)</td></tr><tr><td><a href=\"http://snomed.info/id/125643001\">125643001</a></td><td>Open wound (disorder)</td></tr><tr><td><a href=\"http://snomed.info/id/262595009\">262595009</a></td><td>Traumatic amputation (disorder)</td></tr><tr><td><a href=\"http://snomed.info/id/40947009\">40947009</a></td><td>Drowning (event)</td></tr><tr><td><a href=\"http://snomed.info/id/88999006\">88999006</a></td><td>Heat (physical force)</td></tr><tr><td><a href=\"http://snomed.info/id/80032004\">80032004</a></td><td>Fire (physical force)</td></tr><tr><td><a href=\"http://snomed.info/id/18213006\">18213006</a></td><td>Electricity (physical force)</td></tr><tr><td><a href=\"http://snomed.info/id/21847005\">21847005</a></td><td>Oil (substance)</td></tr><tr><td><a href=\"http://snomed.info/id/263762005\">263762005</a></td><td>Friction (physical force)</td></tr><tr><td><a href=\"http://snomed.info/id/1912002\">1912002</a></td><td>Fall (event)</td></tr><tr><td><a href=\"http://snomed.info/id/225742004\">225742004</a></td><td>Sea (environment)</td></tr><tr><td><a href=\"http://snomed.info/id/420531007\">420531007</a></td><td>River (environment)</td></tr><tr><td><a href=\"http://snomed.info/id/421084007\">421084007</a></td><td>Lake (environment)</td></tr><tr><td><a href=\"http://snomed.info/id/69297003\">69297003</a></td><td>Pool (environment)</td></tr><tr><td><a href=\"http://snomed.info/id/75988000\">75988000</a></td><td>Bathtub, device (physical object)</td></tr><tr><td><a href=\"http://snomed.info/id/242056005\">242056005</a></td><td>Accidental injury (disorder)</td></tr><tr><td><a href=\"http://snomed.info/id/361269008\">361269008</a></td><td>Intentional (qualifier value)</td></tr><tr><td><a href=\"http://snomed.info/id/276853009\">276853009</a></td><td>Self inflicted injury (disorder)</td></tr><tr><td><a href=\"http://snomed.info/id/269735005\">269735005</a></td><td>Injury undetermined whether accidentally or purposely inflicted (disorder)</td></tr><tr><td><a href=\"http://snomed.info/id/274215009\">274215009</a></td><td>Transport accident (event)</td></tr><tr><td><a href=\"http://snomed.info/id/214031005\">214031005</a></td><td>Motor vehicle traffic accident (event)</td></tr><tr><td><a href=\"http://snomed.info/id/257518000\">257518000</a></td><td>Pedestrian (person)</td></tr><tr><td><a href=\"http://snomed.info/id/71783008\">71783008</a></td><td>Automobile, device (physical object)</td></tr><tr><td><a href=\"http://snomed.info/id/224832000\">224832000</a></td><td>Van (physical object)</td></tr><tr><td><a href=\"http://snomed.info/id/224830008\">224830008</a></td><td>Coach (physical object)</td></tr><tr><td><a href=\"http://snomed.info/id/90748009\">90748009</a></td><td>Motorcycle, device (physical object)</td></tr><tr><td><a href=\"http://snomed.info/id/70224005\">70224005</a></td><td>Bicycle, device (physical object)</td></tr><tr><td><a href=\"http://snomed.info/id/12247004\">12247004</a></td><td>Truck, device (physical object)</td></tr><tr><td><a href=\"http://snomed.info/id/32906002\">32906002</a></td><td>Victim, pedestrian in vehicular/traffic accident (finding)</td></tr><tr><td><a href=\"http://snomed.info/id/48084008\">48084008</a></td><td>Driver in vehicular/traffic accident (finding)</td></tr><tr><td><a href=\"http://snomed.info/id/55062001\">55062001</a></td><td>Front seat passenger in vehicular/traffic accident (finding)</td></tr><tr><td><a href=\"http://snomed.info/id/69290001\">69290001</a></td><td>Rear seat passenger in vehicular/traffic accident (finding)</td></tr><tr><td><a href=\"http://snomed.info/id/264362003\">264362003</a></td><td>Home (environment)</td></tr><tr><td><a href=\"http://snomed.info/id/257698009\">257698009</a></td><td>School (environment)</td></tr><tr><td><a href=\"http://snomed.info/id/272510001\">272510001</a></td><td>Road (environment)</td></tr><tr><td><a href=\"http://snomed.info/id/285141008\">285141008</a></td><td>Work environment (environment)</td></tr><tr><td><a href=\"http://snomed.info/id/443786003\">443786003</a></td><td>Injury while engaged in sports activity (disorder)</td></tr><tr><td><a href=\"http://snomed.info/id/17542004\">17542004</a></td><td>Accident while engaged in work-related activity (event)</td></tr><tr><td><a href=\"http://snomed.info/id/63238001\">63238001</a></td><td>Dead on arrival at hospital (finding)</td></tr><tr><td><a href=\"http://snomed.info/id/438949009\">438949009</a></td><td>Alive (finding)</td></tr><tr><td><a href=\"http://snomed.info/id/271591004\">271591004</a></td><td>Fully conscious (finding)</td></tr><tr><td><a href=\"http://snomed.info/id/418107008\">418107008</a></td><td>Unconscious (finding)</td></tr><tr><td><a href=\"http://snomed.info/id/32485007\">32485007</a></td><td>Hospital admission (procedure)</td></tr><tr><td><a href=\"http://snomed.info/id/306689006\">306689006</a></td><td>Discharge to home (procedure)</td></tr><tr><td><a href=\"http://snomed.info/id/225928004\">225928004</a></td><td>Patient self-discharge against medical advice (procedure)</td></tr><tr><td><a href=\"http://snomed.info/id/34596002\">34596002</a></td><td>Patient discharge, elopement (procedure)</td></tr><tr><td><a href=\"http://snomed.info/id/19712007\">19712007</a></td><td>Patient transfer to another health care facility (procedure)</td></tr><tr><td><a href=\"http://snomed.info/id/183960004\">183960004</a></td><td>Patient refuses hospital admission (situation)</td></tr><tr><td><a href=\"http://snomed.info/id/18632008\">18632008</a></td><td>Patient status determination, deceased (finding)</td></tr><tr><td><a href=\"http://snomed.info/id/268910001\">268910001</a></td><td>Patient's condition improved (finding)</td></tr><tr><td><a href=\"http://snomed.info/id/373864002\">373864002</a></td><td>Outpatient (person)</td></tr><tr><td><a href=\"http://snomed.info/id/416800000\">416800000</a></td><td>Inpatient (person)</td></tr><tr><td><a href=\"http://snomed.info/id/398099009\">398099009</a></td><td>Street address (observable entity)</td></tr><tr><td><a href=\"http://snomed.info/id/703852005\">703852005</a></td><td>Narrative comment section (record artifact)</td></tr></table></li><li>Include these codes as defined in <a href=\"http://loinc.org\"><code>http://loinc.org</code></a> version <span title=\"Version is not explicity stated. No matching Code System found\">Not Stated (use latest from terminology server)</span><table class=\"none\"><tr><td style=\"white-space:nowrap\"><b>Code</b></td><td><b>Display</b></td></tr><tr><td><a href=\"https://loinc.org/30976-5/\">30976-5</a></td><td>Date received Form</td></tr><tr><td><a href=\"https://loinc.org/91877-1/\">91877-1</a></td><td>Date and time report was received</td></tr><tr><td><a href=\"https://loinc.org/69472-9/\">69472-9</a></td><td>Unit responded [Date and time] Vehicle</td></tr><tr><td><a href=\"https://loinc.org/69473-7/\">69473-7</a></td><td>Responding unit arrived on the scene [Date and time] Vehicle</td></tr><tr><td><a href=\"https://loinc.org/69475-2/\">69475-2</a></td><td>Responding unit left the scene with a patient [Date and time] Vehicle</td></tr><tr><td><a href=\"https://loinc.org/69476-0/\">69476-0</a></td><td>Responding unit arrived with the patient at the destination or transfer point [Date and time] Vehicle</td></tr><tr><td><a href=\"https://loinc.org/11288-8/\">11288-8</a></td><td>Arrival time documented</td></tr><tr><td><a href=\"https://loinc.org/8661-1/\">8661-1</a></td><td>Chief complaint - Reported</td></tr><tr><td><a href=\"https://loinc.org/30525-0/\">30525-0</a></td><td>Age</td></tr><tr><td><a href=\"https://loinc.org/46098-0/\">46098-0</a></td><td>Sex</td></tr><tr><td><a href=\"https://loinc.org/56799-0/\">56799-0</a></td><td>Address</td></tr><tr><td><a href=\"https://loinc.org/9279-1/\">9279-1</a></td><td>Respiratory rate</td></tr><tr><td><a href=\"https://loinc.org/9304-7/\">9304-7</a></td><td>Respiration rhythm</td></tr><tr><td><a href=\"https://loinc.org/80319-7/\">80319-7</a></td><td>Breath sounds by Auscultation</td></tr><tr><td><a href=\"https://loinc.org/8889-8/\">8889-8</a></td><td>Heart rate by Pulse oximetry</td></tr><tr><td><a href=\"https://loinc.org/8884-9/\">8884-9</a></td><td>Heart rate rhythm</td></tr><tr><td><a href=\"https://loinc.org/8866-6/\">8866-6</a></td><td>Arterial pulse quality by palpation</td></tr><tr><td><a href=\"https://loinc.org/8480-6/\">8480-6</a></td><td>Systolic blood pressure</td></tr><tr><td><a href=\"https://loinc.org/8462-4/\">8462-4</a></td><td>Diastolic blood pressure</td></tr><tr><td><a href=\"https://loinc.org/8310-5/\">8310-5</a></td><td>Body temperature</td></tr><tr><td><a href=\"https://loinc.org/67775-7/\">67775-7</a></td><td>Level of responsiveness</td></tr><tr><td><a href=\"https://loinc.org/9267-6/\">9267-6</a></td><td>Glasgow coma score eye opening</td></tr><tr><td><a href=\"https://loinc.org/9270-0/\">9270-0</a></td><td>Glasgow coma score verbal</td></tr><tr><td><a href=\"https://loinc.org/9268-4/\">9268-4</a></td><td>Glasgow coma score motor</td></tr><tr><td><a href=\"https://loinc.org/9269-2/\">9269-2</a></td><td>Glasgow coma score total</td></tr><tr><td><a href=\"https://loinc.org/88088-0/\">88088-0</a></td><td>EMS transport destination name [Identifier] of Facility</td></tr><tr><td><a href=\"https://loinc.org/42077-8/\">42077-8</a></td><td>Patient phone number</td></tr><tr><td><a href=\"https://loinc.org/67842-5/\">67842-5</a></td><td>EMS past medical history Narrative NEMSIS</td></tr><tr><td><a href=\"https://loinc.org/67844-1/\">67844-1</a></td><td>EMS current medications Narrative NEMSIS</td></tr><tr><td><a href=\"https://loinc.org/67841-7/\">67841-7</a></td><td>EMS allergies and adverse reactions Narrative NEMSIS</td></tr><tr><td><a href=\"https://loinc.org/67499-4/\">67499-4</a></td><td>Safety equipment NEMSIS</td></tr><tr><td><a href=\"https://loinc.org/67489-5/\">67489-5</a></td><td>Total patients at the scene NEMSIS</td></tr><tr><td><a href=\"https://loinc.org/67482-0/\">67482-0</a></td><td>Response mode to scene NEMSIS</td></tr><tr><td><a href=\"https://loinc.org/67162-8/\">67162-8</a></td><td>Patient Disposition</td></tr><tr><td><a href=\"https://loinc.org/69543-7/\">69543-7</a></td><td>Cause of injury NEMSIS</td></tr><tr><td><a href=\"https://loinc.org/52797-8/\">52797-8</a></td><td>Diagnosis ICD code [Identifier]</td></tr><tr><td><a href=\"https://loinc.org/56801-4/\">56801-4</a></td><td>Date and time ED consult starts</td></tr><tr><td><a href=\"https://loinc.org/11368-8/\">11368-8</a></td><td>Illness or injury onset date and time</td></tr><tr><td><a href=\"https://loinc.org/LA6556-0/\">LA6556-0</a></td><td>Eyes open spontaneously</td></tr><tr><td><a href=\"https://loinc.org/LA6555-2/\">LA6555-2</a></td><td>Eye opening to verbal command</td></tr><tr><td><a href=\"https://loinc.org/LA6554-5/\">LA6554-5</a></td><td>Eye opening to pain</td></tr><tr><td><a href=\"https://loinc.org/LA6553-7/\">LA6553-7</a></td><td>No eye opening</td></tr><tr><td><a href=\"https://loinc.org/LA6561-0/\">LA6561-0</a></td><td>Oriented</td></tr><tr><td><a href=\"https://loinc.org/LA6560-2/\">LA6560-2</a></td><td>Confused</td></tr><tr><td><a href=\"https://loinc.org/LA6559-4/\">LA6559-4</a></td><td>Inappropriate words</td></tr><tr><td><a href=\"https://loinc.org/LA6558-6/\">LA6558-6</a></td><td>Incomprehensible sounds</td></tr><tr><td><a href=\"https://loinc.org/LA6557-8/\">LA6557-8</a></td><td>No verbal response (&gt;2 yrs); no vocal response (&lt;=2 yrs)</td></tr><tr><td><a href=\"https://loinc.org/LA6567-7/\">LA6567-7</a></td><td>Obeys commands</td></tr><tr><td><a href=\"https://loinc.org/LA6566-9/\">LA6566-9</a></td><td>Localizing pain</td></tr><tr><td><a href=\"https://loinc.org/LA6565-1/\">LA6565-1</a></td><td>Withdrawal from pain</td></tr><tr><td><a href=\"https://loinc.org/LA6564-4/\">LA6564-4</a></td><td>Flexion to pain</td></tr><tr><td><a href=\"https://loinc.org/LA6563-6/\">LA6563-6</a></td><td>Extension to pain</td></tr><tr><td><a href=\"https://loinc.org/LA6562-8/\">LA6562-8</a></td><td>No motor response</td></tr><tr><td><a href=\"https://loinc.org/LA9318-2/\">LA9318-2</a></td><td>Ambulance</td></tr><tr><td><a href=\"https://loinc.org/LA9321-6/\">LA9321-6</a></td><td>Walk-in following nonambulance, law enforcement transport</td></tr><tr><td><a href=\"https://loinc.org/LA9319-0/\">LA9319-0</a></td><td>Walk-in following transport via private transportation</td></tr><tr><td><a href=\"https://loinc.org/LA9323-2/\">LA9323-2</a></td><td>Other mode of transport</td></tr></table></li><li>Include these codes as defined in <code>https://psgc.gitlab.io/psgc</code> version <span title=\"Version is not explicity stated. No matching Code System found\">Not Stated (use latest from terminology server)</span><table class=\"none\"><tr><td style=\"white-space:nowrap\"><b>Code</b></td><td><b>Display</b></td></tr><tr><td>OTHERS</td><td>Others</td></tr><tr><td>UNKNOWN</td><td>Unknown</td></tr></table></li></ul></div>"},"url":"http://hl7.org/fhir/ValueSet/PH-RoadSafety-MDSRoadSafety","version":"0.1.0","name":"MDSRoadSafetyVS","title":"MDSRoadSafety ValueSet","status":"draft","date":"2025-10-08T01:44:50+00:00","publisher":"UP Manila - National Institutes of Health - National Telehealth Center","contact":[{"name":"UP Manila - National Institutes of Health - National Telehealth Center","telecom":[{"system":"url","value":"https://github.com/UPM-NTHC/PH-RoadSafetyIG"}]},{"name":"PH Road Safety IG Repository","telecom":[{"system":"url","value":"https://github.com/UPM-NTHC/PH-RoadSafetyIG"}]}],"description":"Aggregated ValueSet of coded options from the MDS Road Safety dataset, prioritizing SNOMED CT first, then LOINC. One code per sheet row is retained based on this priority.","jurisdiction":[{"coding":[{"system":"urn:iso:std:iso:3166","code":"PH","display":"Philippines"}]}],"compose":{"include":[{"system":"http://snomed.info/sct","concept":[{"code":"248153007","display":"Male (finding)"},{"code":"248152002","display":"Female (finding)"},{"code":"74964007","display":"Other (qualifier value)"},{"code":"261665006","display":"Unknown (qualifier value)"},{"code":"248234008","display":"Mentally alert (finding)"},{"code":"300202002","display":"Responds to voice (finding)"},{"code":"450847001","display":"Responds to pain (finding)"},{"code":"422768004","display":"Unresponsive (finding)"},{"code":"5467003","display":"Normal respiratory rhythm (finding)"},{"code":"248585001","display":"Irregular breathing (finding)"},{"code":"248549001","display":"Labored breathing (finding)"},{"code":"301708006","display":"Chest clear (finding)"},{"code":"56018004","display":"Wheezing (finding)"},{"code":"271636001","display":"Pulse regular (finding)"},{"code":"61086009","display":"Pulse irregular (finding)"},{"code":"12146004","display":"Normal pulse (finding)"},{"code":"64661000","display":"Thready pulse (finding)"},{"code":"271640005","display":"Bounding pulse (finding)"},{"code":"386666001","display":"Pupils equal and reacting to light (finding)"},{"code":"37125009","display":"Dilated pupil (finding)"},{"code":"301939004","display":"Constricted pupil (finding)"},{"code":"823998002","display":"Unequal reaction of bilateral pupils (finding)"},{"code":"301944006","display":"No pupillary reaction to light (finding)"},{"code":"260385009","display":"Negative (qualifier value)"},{"code":"95837007","display":"Central cyanosis (disorder)"},{"code":"95442007","display":"Peripheral cyanosis (finding)"},{"code":"399963005","display":"Abrasion (disorder)"},{"code":"284554003","display":"Avulsion - injury (disorder)"},{"code":"125666000","display":"Burn (disorder)"},{"code":"46541008","display":"Second degree burn injury (morphologic abnormality)"},{"code":"77140003","display":"First degree burn injury (morphologic abnormality)"},{"code":"80247002","display":"Third degree burn injury (morphologic abnormality)"},{"code":"770400008","display":"Fourth degree burn injury (morphologic abnormality)"},{"code":"110030002","display":"Concussion injury of brain (disorder)"},{"code":"125667009","display":"Contusion (disorder)"},{"code":"72704001","display":"Fracture (morphologic abnormality)"},{"code":"423125000","display":"Closed fracture of bone (disorder)"},{"code":"397181002","display":"Open fracture (disorder)"},{"code":"125643001","display":"Open wound (disorder)"},{"code":"262595009","display":"Traumatic amputation (disorder)"},{"code":"40947009","display":"Drowning (event)"},{"code":"88999006","display":"Heat (physical force)"},{"code":"80032004","display":"Fire (physical force)"},{"code":"18213006","display":"Electricity (physical force)"},{"code":"21847005","display":"Oil (substance)"},{"code":"263762005","display":"Friction (physical force)"},{"code":"1912002","display":"Fall (event)"},{"code":"225742004","display":"Sea (environment)"},{"code":"420531007","display":"River (environment)"},{"code":"421084007","display":"Lake (environment)"},{"code":"69297003","display":"Pool (environment)"},{"code":"75988000","display":"Bathtub, device (physical object)"},{"code":"242056005","display":"Accidental injury (disorder)"},{"code":"361269008","display":"Intentional (qualifier value)"},{"code":"276853009","display":"Self inflicted injury (disorder)"},{"code":"269735005","display":"Injury undetermined whether accidentally or purposely inflicted (disorder)"},{"code":"274215009","display":"Transport accident (event)"},{"code":"214031005","display":"Motor vehicle traffic accident (event)"},{"code":"257518000","display":"Pedestrian (person)"},{"code":"71783008","display":"Automobile, device (physical object)"},{"code":"224832000","display":"Van (physical object)"},{"code":"224830008","display":"Coach (physical object)"},{"code":"90748009","display":"Motorcycle, device (physical object)"},{"code":"70224005","display":"Bicycle, device (physical object)"},{"code":"12247004","display":"Truck, device (physical object)"},{"code":"32906002","display":"Victim, pedestrian in vehicular/traffic accident (finding)"},{"code":"48084008","display":"Driver in vehicular/traffic accident (finding)"},{"code":"55062001","display":"Front seat passenger in vehicular/traffic accident (finding)"},{"code":"69290001","display":"Rear seat passenger in vehicular/traffic accident (finding)"},{"code":"264362003","display":"Home (environment)"},{"code":"257698009","display":"School (environment)"},{"code":"272510001","display":"Road (environment)"},{"code":"285141008","display":"Work environment (environment)"},{"code":"443786003","display":"Injury while engaged in sports activity (disorder)"},{"code":"17542004","display":"Accident while engaged in work-related activity (event)"},{"code":"63238001","display":"Dead on arrival at hospital (finding)"},{"code":"438949009","display":"Alive (finding)"},{"code":"271591004","display":"Fully conscious (finding)"},{"code":"418107008","display":"Unconscious (finding)"},{"code":"32485007","display":"Hospital admission (procedure)"},{"code":"306689006","display":"Discharge to home (procedure)"},{"code":"225928004","display":"Patient self-discharge against medical advice (procedure)"},{"code":"34596002","display":"Patient discharge, elopement (procedure)"},{"code":"19712007","display":"Patient transfer to another health care facility (procedure)"},{"code":"183960004","display":"Patient refuses hospital admission (situation)"},{"code":"18632008","display":"Patient status determination, deceased (finding)"},{"code":"268910001","display":"Patient's condition improved (finding)"},{"code":"373864002","display":"Outpatient (person)"},{"code":"416800000","display":"Inpatient (person)"},{"code":"398099009","display":"Street address (observable entity)"},{"code":"703852005","display":"Narrative comment section (record artifact)"}]},{"system":"http://loinc.org","concept":[{"code":"30976-5","display":"Date received Form"},{"code":"91877-1","display":"Date and time report was received"},{"code":"69472-9","display":"Unit responded [Date and time] Vehicle"},{"code":"69473-7","display":"Responding unit arrived on the scene [Date and time] Vehicle"},{"code":"69475-2","display":"Responding unit left the scene with a patient [Date and time] Vehicle"},{"code":"69476-0","display":"Responding unit arrived with the patient at the destination or transfer point [Date and time] Vehicle"},{"code":"11288-8","display":"Arrival time documented"},{"code":"8661-1","display":"Chief complaint - Reported"},{"code":"30525-0","display":"Age"},{"code":"46098-0","display":"Sex"},{"code":"56799-0","display":"Address"},{"code":"9279-1","display":"Respiratory rate"},{"code":"9304-7","display":"Respiration rhythm"},{"code":"80319-7","display":"Breath sounds by Auscultation"},{"code":"8889-8","display":"Heart rate by Pulse oximetry"},{"code":"8884-9","display":"Heart rate rhythm"},{"code":"8866-6","display":"Arterial pulse quality by palpation"},{"code":"8480-6","display":"Systolic blood pressure"},{"code":"8462-4","display":"Diastolic blood pressure"},{"code":"8310-5","display":"Body temperature"},{"code":"67775-7","display":"Level of responsiveness"},{"code":"9267-6","display":"Glasgow coma score eye opening"},{"code":"9270-0","display":"Glasgow coma score verbal"},{"code":"9268-4","display":"Glasgow coma score motor"},{"code":"9269-2","display":"Glasgow coma score total"},{"code":"88088-0","display":"EMS transport destination name [Identifier] of Facility"},{"code":"42077-8","display":"Patient phone number"},{"code":"67842-5","display":"EMS past medical history Narrative NEMSIS"},{"code":"67844-1","display":"EMS current medications Narrative NEMSIS"},{"code":"67841-7","display":"EMS allergies and adverse reactions Narrative NEMSIS"},{"code":"67499-4","display":"Safety equipment NEMSIS"},{"code":"67489-5","display":"Total patients at the scene NEMSIS"},{"code":"67482-0","display":"Response mode to scene NEMSIS"},{"code":"67162-8","display":"Patient Disposition"},{"code":"69543-7","display":"Cause of injury NEMSIS"},{"code":"52797-8","display":"Diagnosis ICD code [Identifier]"},{"code":"56801-4","display":"Date and time ED consult starts"},{"code":"11368-8","display":"Illness or injury onset date and time"},{"code":"LA6556-0","display":"Eyes open spontaneously"},{"code":"LA6555-2","display":"Eye opening to verbal command"},{"code":"LA6554-5","display":"Eye opening to pain"},{"code":"LA6553-7","display":"No eye opening"},{"code":"LA6561-0","display":"Oriented"},{"code":"LA6560-2","display":"Confused"},{"code":"LA6559-4","display":"Inappropriate words"},{"code":"LA6558-6","display":"Incomprehensible sounds"},{"code":"LA6557-8","display":"No verbal response (>2 yrs); no vocal response (<=2 yrs)"},{"code":"LA6567-7","display":"Obeys commands"},{"code":"LA6566-9","display":"Localizing pain"},{"code":"LA6565-1","display":"Withdrawal from pain"},{"code":"LA6564-4","display":"Flexion to pain"},{"code":"LA6563-6","display":"Extension to pain"},{"code":"LA6562-8","display":"No motor response"},{"code":"LA9318-2","display":"Ambulance"},{"code":"LA9321-6","display":"Walk-in following nonambulance, law enforcement transport"},{"code":"LA9319-0","display":"Walk-in following transport via private transportation"},{"code":"LA9323-2","display":"Other mode of transport"}]},{"system":"https://psgc.gitlab.io/psgc","concept":[{"code":"OTHERS","display":"Others"},{"code":"UNKNOWN","display":"Unknown"}]}]}}