{"resourceType":"ValueSet","id":"vehicle-condition-vs","text":{"status":"generated","div":"<div xmlns=\"http://www.w3.org/1999/xhtml\"><p class=\"res-header-id\"><b>Generated Narrative: ValueSet vehicle-condition-vs</b></p><a name=\"vehicle-condition-vs\"> </a><a name=\"hcvehicle-condition-vs\"> </a><ul><li>Include all codes defined in <a href=\"CodeSystem-vehicle-condition-cs.html\"><code>https://build.fhir.org/ig/UPM-NTHC/PH-RoadSafetyIG/CodeSystem/vehicle-condition-cs</code></a> version <span title=\"Version is not explicitly stated, which means it is fixed to the version provided in this specification\">&#x1F4E6;0.1.0</span></li></ul></div>"},"url":"https://build.fhir.org/ig/UPM-NTHC/PH-RoadSafetyIG/ValueSet/vehicle-condition-vs","version":"0.1.0","name":"VehicleConditionVS","title":"Vehicle Condition","status":"draft","date":"2025-10-08T02:57:10+00:00","publisher":"UP Manila - National Institutes of Health - National Telehealth Center","contact":[{"name":"UP Manila - National Institutes of Health - National Telehealth Center","telecom":[{"system":"url","value":"https://github.com/UPM-NTHC/PH-RoadSafetyIG"}]},{"name":"PH Road Safety IG Repository","telecom":[{"system":"url","value":"https://github.com/UPM-NTHC/PH-RoadSafetyIG"}]}],"description":"ValueSet indicating the condition of a vehicle.","jurisdiction":[{"coding":[{"system":"urn:iso:std:iso:3166","code":"PH","display":"Philippines"}]}],"compose":{"include":[{"system":"https://build.fhir.org/ig/UPM-NTHC/PH-RoadSafetyIG/CodeSystem/vehicle-condition-cs"}]}}