{"resourceType":"ValueSet","id":"SILPH-InjuryIntentVS","meta":{"versionId":"9","lastUpdated":"2025-10-30T00:34:04.226+00:00"},"text":{"status":"generated","div":"<div xmlns=\"http://www.w3.org/1999/xhtml\"><p class=\"res-header-id\"><b>Generated Narrative: ValueSet SILPH-InjuryIntentVS</b></p><a name=\"SILPH-InjuryIntentVS\"> </a><a name=\"hcSILPH-InjuryIntentVS\"> </a><div style=\"display: inline-block; background-color: #d9e0e7; padding: 6px; margin: 4px; border: 1px solid #8da1b4; border-radius: 5px; line-height: 60%\"><p style=\"margin-bottom: 0px\">version: 9; Last updated: 2025-10-30 00:34:04+0000</p></div><div style=\"border: black 1px dotted; background-color: #EEEEEE; padding: 8px; margin-bottom: 8px\"><p>Expansion based on:</p><ul><li>SNOMED CT International edition 01-Oct 2024</li><li>codesystem SILPH Road Safety Local Codes version 0.2.0</li></ul></div><p>This value set contains 5 concepts</p><table class=\"codes\"><tr><td><b>System</b></td><td><b>Version</b></td><td style=\"white-space:nowrap\"><b>Code</b></td><td><b>Display</b></td></tr><tr><td><a name=\"SILPH-InjuryIntentVS-http://snomed.info/sct-242056005\"> </a><code>http://snomed.info/sct</code></td><td>http://snomed.info/sct/900000000000207008/version/20241001</td><td style=\"white-space:nowrap\">\u00a0\u00a0<a href=\"http://snomed.info/sct/900000000000207008/id/242056005\">242056005</a></td><td>Unintentional/Accidental</td></tr><tr><td><a name=\"SILPH-InjuryIntentVS-http://snomed.info/sct-361269008\"> </a><code>http://snomed.info/sct</code></td><td>http://snomed.info/sct/900000000000207008/version/20241001</td><td style=\"white-space:nowrap\">\u00a0\u00a0<a href=\"http://snomed.info/sct/900000000000207008/id/361269008\">361269008</a></td><td>Intentional(violence)</td></tr><tr><td><a name=\"SILPH-InjuryIntentVS-http://snomed.info/sct-276853009\"> </a><code>http://snomed.info/sct</code></td><td>http://snomed.info/sct/900000000000207008/version/20241001</td><td style=\"white-space:nowrap\">\u00a0\u00a0<a href=\"http://snomed.info/sct/900000000000207008/id/276853009\">276853009</a></td><td>Intentional(self-inflicted)</td></tr><tr><td><a name=\"SILPH-InjuryIntentVS-http://snomed.info/sct-269735005\"> </a><code>http://snomed.info/sct</code></td><td>http://snomed.info/sct/900000000000207008/version/20241001</td><td style=\"white-space:nowrap\">\u00a0\u00a0<a href=\"http://snomed.info/sct/900000000000207008/id/269735005\">269735005</a></td><td>Undetermined</td></tr><tr><td><a name=\"SILPH-InjuryIntentVS-http://www.roadsafetyph.doh.gov.ph/CodeSystem-VAWC\"> </a><code>http://www.roadsafetyph.doh.gov.ph/CodeSystem</code></td><td>0.2.0</td><td style=\"white-space:nowrap\">\u00a0\u00a0VAWC</td><td>VAWC Patient</td></tr></table></div>"},"url":"http://www.roadsafetyph.doh.gov.ph/ValueSet/SILPH-InjuryIntent","version":"0.3.0","name":"SILPH___Injury_Intent__VS_","title":"SILPH - Injury Intent (VS)","status":"draft","date":"2025-11-09T01:35:45+00:00","publisher":"UP Manila - National Institutes of Health - National Telehealth Center","contact":[{"name":"UP Manila - National Institutes of Health - National Telehealth Center","telecom":[{"system":"url","value":"https://github.com/UPM-NTHC/PH-RoadSafetyIG"}]},{"name":"PH Road Safety IG Repository","telecom":[{"system":"url","value":"https://github.com/UPM-NTHC/PH-RoadSafetyIG"}]}],"description":"SILPH Value Set for Injury Intent","jurisdiction":[{"coding":[{"system":"urn:iso:std:iso:3166","code":"PH","display":"Philippines"}]}],"compose":{"include":[{"system":"http://snomed.info/sct","concept":[{"code":"242056005","display":"Unintentional/Accidental"},{"code":"361269008","display":"Intentional(violence)"},{"code":"276853009","display":"Intentional(self-inflicted)"},{"code":"269735005","display":"Undetermined"}]},{"system":"http://www.roadsafetyph.doh.gov.ph/CodeSystem","concept":[{"code":"VAWC","display":"VAWC Patient"}]}]},"expansion":{"identifier":"urn:uuid:67b2131d-b9ec-416e-9a5a-2f6109893397","timestamp":"2025-10-29T23:49:35+00:00","total":5,"parameter":[{"name":"used-codesystem","valueUri":"http://snomed.info/sct|http://snomed.info/sct/900000000000207008/version/20241001"},{"name":"version","valueUri":"http://snomed.info/sct|http://snomed.info/sct/900000000000207008/version/20241001"},{"name":"used-codesystem","valueUri":"http://www.roadsafetyph.doh.gov.ph/CodeSystem|0.2.0"},{"name":"version","valueUri":"http://www.roadsafetyph.doh.gov.ph/CodeSystem|0.2.0"},{"name":"warning-draft","valueUri":"http://www.roadsafetyph.doh.gov.ph/CodeSystem|0.2.0"},{"name":"warning-draft","valueUri":"http://www.roadsafetyph.doh.gov.ph/ValueSet/SILPH-InjuryIntent|0.1.2"}],"contains":[{"system":"http://snomed.info/sct","version":"http://snomed.info/sct/900000000000207008/version/20241001","code":"242056005","display":"Unintentional/Accidental"},{"system":"http://snomed.info/sct","version":"http://snomed.info/sct/900000000000207008/version/20241001","code":"361269008","display":"Intentional(violence)"},{"system":"http://snomed.info/sct","version":"http://snomed.info/sct/900000000000207008/version/20241001","code":"276853009","display":"Intentional(self-inflicted)"},{"system":"http://snomed.info/sct","version":"http://snomed.info/sct/900000000000207008/version/20241001","code":"269735005","display":"Undetermined"},{"system":"http://www.roadsafetyph.doh.gov.ph/CodeSystem","version":"0.2.0","code":"VAWC","display":"VAWC Patient"}]}}