{"resourceType":"ValueSet","id":"SILPH-LocalCodesVS","meta":{"versionId":"3","lastUpdated":"2025-10-30T00:34:05.052+00:00"},"text":{"status":"generated","div":"<div xmlns=\"http://www.w3.org/1999/xhtml\"><p class=\"res-header-id\"><b>Generated Narrative: ValueSet SILPH-LocalCodesVS</b></p><a name=\"SILPH-LocalCodesVS\"> </a><a name=\"hcSILPH-LocalCodesVS\"> </a><div style=\"display: inline-block; background-color: #d9e0e7; padding: 6px; margin: 4px; border: 1px solid #8da1b4; border-radius: 5px; line-height: 60%\"><p style=\"margin-bottom: 0px\">version: 3; Last updated: 2025-10-30 00:34:05+0000</p></div><p style=\"border: black 1px dotted; background-color: #EEEEEE; padding: 8px; margin-bottom: 8px\">Expansion based on codesystem SILPH Road Safety Local Codes version 0.2.0</p><p>This value set contains 23 concepts</p><table class=\"codes\"><tr><td><b>System</b></td><td style=\"white-space:nowrap\"><b>Code</b></td><td><b>Display</b></td></tr><tr><td><a name=\"SILPH-LocalCodesVS-http://www.roadsafetyph.doh.gov.ph/CodeSystem-XE5XH\"> </a><code>http://www.roadsafetyph.doh.gov.ph/CodeSystem</code></td><td style=\"white-space:nowrap\">\u00a0\u00a0<a href=\"CodeSystem-SILPH-LocalCodesCS.html#SILPH-LocalCodesCS-XE5XH\">XE5XH</a></td><td>Air</td></tr><tr><td><a name=\"SILPH-LocalCodesVS-http://www.roadsafetyph.doh.gov.ph/CodeSystem-BHS\"> </a><code>http://www.roadsafetyph.doh.gov.ph/CodeSystem</code></td><td style=\"white-space:nowrap\">\u00a0\u00a0<a href=\"CodeSystem-SILPH-LocalCodesCS.html#SILPH-LocalCodesCS-BHS\">BHS</a></td><td>BHS</td></tr><tr><td><a name=\"SILPH-LocalCodesVS-http://www.roadsafetyph.doh.gov.ph/CodeSystem-COLLISIONTYPE\"> </a><code>http://www.roadsafetyph.doh.gov.ph/CodeSystem</code></td><td style=\"white-space:nowrap\">\u00a0\u00a0<a href=\"CodeSystem-SILPH-LocalCodesCS.html#SILPH-LocalCodesCS-COLLISIONTYPE\">COLLISIONTYPE</a></td><td>Collision Type</td></tr><tr><td><a name=\"SILPH-LocalCodesVS-http://www.roadsafetyph.doh.gov.ph/CodeSystem-DIED\"> </a><code>http://www.roadsafetyph.doh.gov.ph/CodeSystem</code></td><td style=\"white-space:nowrap\">\u00a0\u00a0<a href=\"CodeSystem-SILPH-LocalCodesCS.html#SILPH-LocalCodesCS-DIED\">DIED</a></td><td>Died</td></tr><tr><td><a name=\"SILPH-LocalCodesVS-http://www.roadsafetyph.doh.gov.ph/CodeSystem-MVA-COLLISION\"> </a><code>http://www.roadsafetyph.doh.gov.ph/CodeSystem</code></td><td style=\"white-space:nowrap\">\u00a0\u00a0<a href=\"CodeSystem-SILPH-LocalCodesCS.html#SILPH-LocalCodesCS-MVA-COLLISION\">MVA-COLLISION</a></td><td>FOR TRANSPORT/VEHICULAR ACCIDENT ONLY (Collision; Non-Collision)</td></tr><tr><td><a name=\"SILPH-LocalCodesVS-http://www.roadsafetyph.doh.gov.ph/CodeSystem-JEEPNEY\"> </a><code>http://www.roadsafetyph.doh.gov.ph/CodeSystem</code></td><td style=\"white-space:nowrap\">\u00a0\u00a0<a href=\"CodeSystem-SILPH-LocalCodesCS.html#SILPH-LocalCodesCS-JEEPNEY\">JEEPNEY</a></td><td>Jeepney</td></tr><tr><td><a name=\"SILPH-LocalCodesVS-http://www.roadsafetyph.doh.gov.ph/CodeSystem-XE9S7\"> </a><code>http://www.roadsafetyph.doh.gov.ph/CodeSystem</code></td><td style=\"white-space:nowrap\">\u00a0\u00a0<a href=\"CodeSystem-SILPH-LocalCodesCS.html#SILPH-LocalCodesCS-XE9S7\">XE9S7</a></td><td>Land</td></tr><tr><td><a name=\"SILPH-LocalCodesVS-http://www.roadsafetyph.doh.gov.ph/CodeSystem-LEISURE\"> </a><code>http://www.roadsafetyph.doh.gov.ph/CodeSystem</code></td><td style=\"white-space:nowrap\">\u00a0\u00a0<a href=\"CodeSystem-SILPH-LocalCodesCS.html#SILPH-LocalCodesCS-LEISURE\">LEISURE</a></td><td>Leisure</td></tr><tr><td><a name=\"SILPH-LocalCodesVS-http://www.roadsafetyph.doh.gov.ph/CodeSystem-NONCOLLISION\"> </a><code>http://www.roadsafetyph.doh.gov.ph/CodeSystem</code></td><td style=\"white-space:nowrap\">\u00a0\u00a0<a href=\"CodeSystem-SILPH-LocalCodesCS.html#SILPH-LocalCodesCS-NONCOLLISION\">NONCOLLISION</a></td><td>Non-Collision</td></tr><tr><td><a name=\"SILPH-LocalCodesVS-http://www.roadsafetyph.doh.gov.ph/CodeSystem-OTHERVEHICLE\"> </a><code>http://www.roadsafetyph.doh.gov.ph/CodeSystem</code></td><td style=\"white-space:nowrap\">\u00a0\u00a0<a href=\"CodeSystem-SILPH-LocalCodesCS.html#SILPH-LocalCodesCS-OTHERVEHICLE\">OTHERVEHICLE</a></td><td>Other Vehicle/Object Involved (for COLLISION accident ONLY)</td></tr><tr><td><a name=\"SILPH-LocalCodesVS-http://www.roadsafetyph.doh.gov.ph/CodeSystem-PLACEOCCURRENCE\"> </a><code>http://www.roadsafetyph.doh.gov.ph/CodeSystem</code></td><td style=\"white-space:nowrap\">\u00a0\u00a0<a href=\"CodeSystem-SILPH-LocalCodesCS.html#SILPH-LocalCodesCS-PLACEOCCURRENCE\">PLACEOCCURRENCE</a></td><td>Place of Occurrence</td></tr><tr><td><a name=\"SILPH-LocalCodesVS-http://www.roadsafetyph.doh.gov.ph/CodeSystem-PATIENTPOSITION\"> </a><code>http://www.roadsafetyph.doh.gov.ph/CodeSystem</code></td><td style=\"white-space:nowrap\">\u00a0\u00a0<a href=\"CodeSystem-SILPH-LocalCodesCS.html#SILPH-LocalCodesCS-PATIENTPOSITION\">PATIENTPOSITION</a></td><td>Position of Patient</td></tr><tr><td><a name=\"SILPH-LocalCodesVS-http://www.roadsafetyph.doh.gov.ph/CodeSystem-RHU\"> </a><code>http://www.roadsafetyph.doh.gov.ph/CodeSystem</code></td><td style=\"white-space:nowrap\">\u00a0\u00a0<a href=\"CodeSystem-SILPH-LocalCodesCS.html#SILPH-LocalCodesCS-RHU\">RHU</a></td><td>RHU</td></tr><tr><td><a name=\"SILPH-LocalCodesVS-http://www.roadsafetyph.doh.gov.ph/CodeSystem-RRFREMARKS\"> </a><code>http://www.roadsafetyph.doh.gov.ph/CodeSystem</code></td><td style=\"white-space:nowrap\">\u00a0\u00a0<a href=\"CodeSystem-SILPH-LocalCodesCS.html#SILPH-LocalCodesCS-RRFREMARKS\">RRFREMARKS</a></td><td>Run Report Form Remarks</td></tr><tr><td><a name=\"SILPH-LocalCodesVS-http://www.roadsafetyph.doh.gov.ph/CodeSystem-INJURYBACK\"> </a><code>http://www.roadsafetyph.doh.gov.ph/CodeSystem</code></td><td style=\"white-space:nowrap\">\u00a0\u00a0<a href=\"CodeSystem-SILPH-LocalCodesCS.html#SILPH-LocalCodesCS-INJURYBACK\">INJURYBACK</a></td><td>Site of Injury/Pain - Back Part of Body</td></tr><tr><td><a name=\"SILPH-LocalCodesVS-http://www.roadsafetyph.doh.gov.ph/CodeSystem-INJURYFRONT\"> </a><code>http://www.roadsafetyph.doh.gov.ph/CodeSystem</code></td><td style=\"white-space:nowrap\">\u00a0\u00a0<a href=\"CodeSystem-SILPH-LocalCodesCS.html#SILPH-LocalCodesCS-INJURYFRONT\">INJURYFRONT</a></td><td>Site of Injury/Pain - Front Part of Body</td></tr><tr><td><a name=\"SILPH-LocalCodesVS-http://www.roadsafetyph.doh.gov.ph/CodeSystem-TRICYCLE\"> </a><code>http://www.roadsafetyph.doh.gov.ph/CodeSystem</code></td><td style=\"white-space:nowrap\">\u00a0\u00a0<a href=\"CodeSystem-SILPH-LocalCodesCS.html#SILPH-LocalCodesCS-TRICYCLE\">TRICYCLE</a></td><td>Tricycle</td></tr><tr><td><a name=\"SILPH-LocalCodesVS-http://www.roadsafetyph.doh.gov.ph/CodeSystem-UNIMPROVED\"> </a><code>http://www.roadsafetyph.doh.gov.ph/CodeSystem</code></td><td style=\"white-space:nowrap\">\u00a0\u00a0<a href=\"CodeSystem-SILPH-LocalCodesCS.html#SILPH-LocalCodesCS-UNIMPROVED\">UNIMPROVED</a></td><td>Unimproved</td></tr><tr><td><a name=\"SILPH-LocalCodesVS-http://www.roadsafetyph.doh.gov.ph/CodeSystem-VAWC\"> </a><code>http://www.roadsafetyph.doh.gov.ph/CodeSystem</code></td><td style=\"white-space:nowrap\">\u00a0\u00a0<a href=\"CodeSystem-SILPH-LocalCodesCS.html#SILPH-LocalCodesCS-VAWC\">VAWC</a></td><td>VAWC Patient</td></tr><tr><td><a name=\"SILPH-LocalCodesVS-http://www.roadsafetyph.doh.gov.ph/CodeSystem-PATIENTVEHICLE\"> </a><code>http://www.roadsafetyph.doh.gov.ph/CodeSystem</code></td><td style=\"white-space:nowrap\">\u00a0\u00a0<a href=\"CodeSystem-SILPH-LocalCodesCS.html#SILPH-LocalCodesCS-PATIENTVEHICLE\">PATIENTVEHICLE</a></td><td>Vehicles Involved: Patient's Vehicle</td></tr><tr><td><a name=\"SILPH-LocalCodesVS-http://www.roadsafetyph.doh.gov.ph/CodeSystem-VIDEOBAR\"> </a><code>http://www.roadsafetyph.doh.gov.ph/CodeSystem</code></td><td style=\"white-space:nowrap\">\u00a0\u00a0<a href=\"CodeSystem-SILPH-LocalCodesCS.html#SILPH-LocalCodesCS-VIDEOBAR\">VIDEOBAR</a></td><td>Videoke Bars</td></tr><tr><td><a name=\"SILPH-LocalCodesVS-http://www.roadsafetyph.doh.gov.ph/CodeSystem-COORDINATIONDONE\"> </a><code>http://www.roadsafetyph.doh.gov.ph/CodeSystem</code></td><td style=\"white-space:nowrap\">\u00a0\u00a0<a href=\"CodeSystem-SILPH-LocalCodesCS.html#SILPH-LocalCodesCS-COORDINATIONDONE\">COORDINATIONDONE</a></td><td>Was Transport Coordinated with Receiving Hospital?</td></tr><tr><td><a name=\"SILPH-LocalCodesVS-http://www.roadsafetyph.doh.gov.ph/CodeSystem-XE85L\"> </a><code>http://www.roadsafetyph.doh.gov.ph/CodeSystem</code></td><td style=\"white-space:nowrap\">\u00a0\u00a0<a href=\"CodeSystem-SILPH-LocalCodesCS.html#SILPH-LocalCodesCS-XE85L\">XE85L</a></td><td>Water</td></tr></table></div>"},"url":"http://www.roadsafetyph.doh.gov.ph/ValueSet","version":"0.3.0","name":"SILPH___Local_Codes__VS_","title":"SILPH - Local Codes (VS)","status":"draft","date":"2025-11-16T14:11:53+00:00","publisher":"UP Manila - National Institutes of Health - National Telehealth Center","contact":[{"name":"UP Manila - National Institutes of Health - National Telehealth Center","telecom":[{"system":"url","value":"https://github.com/UPM-NTHC/PH-RoadSafetyIG"}]},{"name":"PH Road Safety IG Repository","telecom":[{"system":"url","value":"https://github.com/UPM-NTHC/PH-RoadSafetyIG"}]}],"description":"SILPH Value Set for containing all Road Safety Local Codes (data element terminology codes and codes for value sets)","jurisdiction":[{"coding":[{"system":"urn:iso:std:iso:3166","code":"PH","display":"Philippines"}]}],"compose":{"include":[{"system":"http://www.roadsafetyph.doh.gov.ph/CodeSystem","version":"0.2.0"}]},"expansion":{"identifier":"urn:uuid:1ec81ede-6b35-4b7f-934a-91328a96acae","timestamp":"2025-10-29T23:49:34+00:00","total":23,"parameter":[{"name":"used-codesystem","valueUri":"http://www.roadsafetyph.doh.gov.ph/CodeSystem|0.2.0"},{"name":"version","valueUri":"http://www.roadsafetyph.doh.gov.ph/CodeSystem|0.2.0"},{"name":"warning-draft","valueUri":"http://www.roadsafetyph.doh.gov.ph/CodeSystem|0.2.0"},{"name":"warning-draft","valueUri":"http://www.roadsafetyph.doh.gov.ph/ValueSet|0.1.0"}],"contains":[{"system":"http://www.roadsafetyph.doh.gov.ph/CodeSystem","code":"XE5XH","display":"Air"},{"system":"http://www.roadsafetyph.doh.gov.ph/CodeSystem","code":"BHS","display":"BHS"},{"system":"http://www.roadsafetyph.doh.gov.ph/CodeSystem","code":"COLLISIONTYPE","display":"Collision Type"},{"system":"http://www.roadsafetyph.doh.gov.ph/CodeSystem","code":"DIED","display":"Died"},{"system":"http://www.roadsafetyph.doh.gov.ph/CodeSystem","code":"MVA-COLLISION","display":"FOR TRANSPORT/VEHICULAR ACCIDENT ONLY (Collision; Non-Collision)"},{"system":"http://www.roadsafetyph.doh.gov.ph/CodeSystem","code":"JEEPNEY","display":"Jeepney"},{"system":"http://www.roadsafetyph.doh.gov.ph/CodeSystem","code":"XE9S7","display":"Land"},{"system":"http://www.roadsafetyph.doh.gov.ph/CodeSystem","code":"LEISURE","display":"Leisure"},{"system":"http://www.roadsafetyph.doh.gov.ph/CodeSystem","code":"NONCOLLISION","display":"Non-Collision"},{"system":"http://www.roadsafetyph.doh.gov.ph/CodeSystem","code":"OTHERVEHICLE","display":"Other Vehicle/Object Involved (for COLLISION accident ONLY)"},{"system":"http://www.roadsafetyph.doh.gov.ph/CodeSystem","code":"PLACEOCCURRENCE","display":"Place of Occurrence"},{"system":"http://www.roadsafetyph.doh.gov.ph/CodeSystem","code":"PATIENTPOSITION","display":"Position of Patient"},{"system":"http://www.roadsafetyph.doh.gov.ph/CodeSystem","code":"RHU","display":"RHU"},{"system":"http://www.roadsafetyph.doh.gov.ph/CodeSystem","code":"RRFREMARKS","display":"Run Report Form Remarks"},{"system":"http://www.roadsafetyph.doh.gov.ph/CodeSystem","code":"INJURYBACK","display":"Site of Injury/Pain - Back Part of Body"},{"system":"http://www.roadsafetyph.doh.gov.ph/CodeSystem","code":"INJURYFRONT","display":"Site of Injury/Pain - Front Part of Body"},{"system":"http://www.roadsafetyph.doh.gov.ph/CodeSystem","code":"TRICYCLE","display":"Tricycle"},{"system":"http://www.roadsafetyph.doh.gov.ph/CodeSystem","code":"UNIMPROVED","display":"Unimproved"},{"system":"http://www.roadsafetyph.doh.gov.ph/CodeSystem","code":"VAWC","display":"VAWC Patient"},{"system":"http://www.roadsafetyph.doh.gov.ph/CodeSystem","code":"PATIENTVEHICLE","display":"Vehicles Involved: Patient's Vehicle"},{"system":"http://www.roadsafetyph.doh.gov.ph/CodeSystem","code":"VIDEOBAR","display":"Videoke Bars"},{"system":"http://www.roadsafetyph.doh.gov.ph/CodeSystem","code":"COORDINATIONDONE","display":"Was Transport Coordinated with Receiving Hospital?"},{"system":"http://www.roadsafetyph.doh.gov.ph/CodeSystem","code":"XE85L","display":"Water"}]}}