{"resourceType":"ValueSet","id":"SILPH-OutcomeVS","meta":{"versionId":"5","lastUpdated":"2025-10-30T00:34:05.533+00:00"},"text":{"status":"generated","div":"<div xmlns=\"http://www.w3.org/1999/xhtml\"><p class=\"res-header-id\"><b>Generated Narrative: ValueSet SILPH-OutcomeVS</b></p><a name=\"SILPH-OutcomeVS\"> </a><a name=\"hcSILPH-OutcomeVS\"> </a><div style=\"display: inline-block; background-color: #d9e0e7; padding: 6px; margin: 4px; border: 1px solid #8da1b4; border-radius: 5px; line-height: 60%\"><p style=\"margin-bottom: 0px\">version: 5; Last updated: 2025-10-30 00:34:05+0000</p></div><div style=\"border: black 1px dotted; background-color: #EEEEEE; padding: 8px; margin-bottom: 8px\"><p>Expansion based on:</p><ul><li>SNOMED CT International edition 01-Oct 2024</li><li>codesystem SILPH Road Safety Local Codes version 0.2.0</li></ul></div><p>This value set contains 3 concepts</p><table class=\"codes\"><tr><td><b>System</b></td><td><b>Version</b></td><td style=\"white-space:nowrap\"><b>Code</b></td><td><b>Display</b></td></tr><tr><td><a name=\"SILPH-OutcomeVS-http://snomed.info/sct-268910001\"> </a><code>http://snomed.info/sct</code></td><td>http://snomed.info/sct/900000000000207008/version/20241001</td><td style=\"white-space:nowrap\">\u00a0\u00a0<a href=\"http://snomed.info/sct/900000000000207008/id/268910001\">268910001</a></td><td>Improved</td></tr><tr><td><a name=\"SILPH-OutcomeVS-http://www.roadsafetyph.doh.gov.ph/CodeSystem-UNIMPROVED\"> </a><code>http://www.roadsafetyph.doh.gov.ph/CodeSystem</code></td><td>0.2.0</td><td style=\"white-space:nowrap\">\u00a0\u00a0UNIMPROVED</td><td>Unimproved</td></tr><tr><td><a name=\"SILPH-OutcomeVS-http://www.roadsafetyph.doh.gov.ph/CodeSystem-DIED\"> </a><code>http://www.roadsafetyph.doh.gov.ph/CodeSystem</code></td><td>0.2.0</td><td style=\"white-space:nowrap\">\u00a0\u00a0DIED</td><td>Died</td></tr></table></div>"},"url":"http://www.roadsafetyph.doh.gov.ph/ValueSet/SILPH-Outcome","version":"0.3.0","name":"SILPH___Outcome__VS_","title":"SILPH - Outcome (VS)","status":"draft","date":"2025-11-08T13:50:02+00:00","publisher":"UP Manila - National Institutes of Health - National Telehealth Center","contact":[{"name":"UP Manila - National Institutes of Health - National Telehealth Center","telecom":[{"system":"url","value":"https://github.com/UPM-NTHC/PH-RoadSafetyIG"}]},{"name":"PH Road Safety IG Repository","telecom":[{"system":"url","value":"https://github.com/UPM-NTHC/PH-RoadSafetyIG"}]}],"description":"SILPH Value Set for Outcome","jurisdiction":[{"coding":[{"system":"urn:iso:std:iso:3166","code":"PH","display":"Philippines"}]}],"compose":{"include":[{"system":"http://snomed.info/sct","concept":[{"code":"268910001","display":"Improved"}]},{"system":"http://www.roadsafetyph.doh.gov.ph/CodeSystem","concept":[{"code":"UNIMPROVED","display":"Unimproved"},{"code":"DIED","display":"Died"}]}]},"expansion":{"identifier":"urn:uuid:18b5ff30-145c-4cb0-b35d-44655c70cb9a","timestamp":"2025-10-29T23:49:37+00:00","total":3,"parameter":[{"name":"used-codesystem","valueUri":"http://snomed.info/sct|http://snomed.info/sct/900000000000207008/version/20241001"},{"name":"version","valueUri":"http://snomed.info/sct|http://snomed.info/sct/900000000000207008/version/20241001"},{"name":"used-codesystem","valueUri":"http://www.roadsafetyph.doh.gov.ph/CodeSystem|0.2.0"},{"name":"version","valueUri":"http://www.roadsafetyph.doh.gov.ph/CodeSystem|0.2.0"},{"name":"warning-draft","valueUri":"http://www.roadsafetyph.doh.gov.ph/CodeSystem|0.2.0"},{"name":"warning-draft","valueUri":"http://www.roadsafetyph.doh.gov.ph/ValueSet/SILPH-Outcome|0.1.2"}],"contains":[{"system":"http://snomed.info/sct","version":"http://snomed.info/sct/900000000000207008/version/20241001","code":"268910001","display":"Improved"},{"system":"http://www.roadsafetyph.doh.gov.ph/CodeSystem","version":"0.2.0","code":"UNIMPROVED","display":"Unimproved"},{"system":"http://www.roadsafetyph.doh.gov.ph/CodeSystem","version":"0.2.0","code":"DIED","display":"Died"}]}}