{"resourceType":"ValueSet","id":"SILPH-OtherVehicleVS","meta":{"versionId":"5","lastUpdated":"2025-10-30T00:34:05.382+00:00"},"text":{"status":"generated","div":"<div xmlns=\"http://www.w3.org/1999/xhtml\"><p class=\"res-header-id\"><b>Generated Narrative: ValueSet SILPH-OtherVehicleVS</b></p><a name=\"SILPH-OtherVehicleVS\"> </a><a name=\"hcSILPH-OtherVehicleVS\"> </a><div style=\"display: inline-block; background-color: #d9e0e7; padding: 6px; margin: 4px; border: 1px solid #8da1b4; border-radius: 5px; line-height: 60%\"><p style=\"margin-bottom: 0px\">version: 5; Last updated: 2025-10-30 00:34:05+0000</p></div><div style=\"border: black 1px dotted; background-color: #EEEEEE; padding: 8px; margin-bottom: 8px\"><p>Expansion based on:</p><ul><li>SNOMED CT International edition 01-Oct 2024</li><li>codesystem SILPH Road Safety Local Codes version 0.2.0</li></ul></div><p>This value set contains 11 concepts</p><table class=\"codes\"><tr><td><b>System</b></td><td><b>Version</b></td><td style=\"white-space:nowrap\"><b>Code</b></td><td><b>Display</b></td></tr><tr><td><a name=\"SILPH-OtherVehicleVS-http://snomed.info/sct-260413007\"> </a><code>http://snomed.info/sct</code></td><td>http://snomed.info/sct/900000000000207008/version/20241001</td><td style=\"white-space:nowrap\">\u00a0\u00a0<a href=\"http://snomed.info/sct/900000000000207008/id/260413007\">260413007</a></td><td>None</td></tr><tr><td><a name=\"SILPH-OtherVehicleVS-http://snomed.info/sct-71783008\"> </a><code>http://snomed.info/sct</code></td><td>http://snomed.info/sct/900000000000207008/version/20241001</td><td style=\"white-space:nowrap\">\u00a0\u00a0<a href=\"http://snomed.info/sct/900000000000207008/id/71783008\">71783008</a></td><td>Car</td></tr><tr><td><a name=\"SILPH-OtherVehicleVS-http://snomed.info/sct-224832000\"> </a><code>http://snomed.info/sct</code></td><td>http://snomed.info/sct/900000000000207008/version/20241001</td><td style=\"white-space:nowrap\">\u00a0\u00a0<a href=\"http://snomed.info/sct/900000000000207008/id/224832000\">224832000</a></td><td>Van</td></tr><tr><td><a name=\"SILPH-OtherVehicleVS-http://snomed.info/sct-224830008\"> </a><code>http://snomed.info/sct</code></td><td>http://snomed.info/sct/900000000000207008/version/20241001</td><td style=\"white-space:nowrap\">\u00a0\u00a0<a href=\"http://snomed.info/sct/900000000000207008/id/224830008\">224830008</a></td><td>Bus</td></tr><tr><td><a name=\"SILPH-OtherVehicleVS-http://snomed.info/sct-90748009\"> </a><code>http://snomed.info/sct</code></td><td>http://snomed.info/sct/900000000000207008/version/20241001</td><td style=\"white-space:nowrap\">\u00a0\u00a0<a href=\"http://snomed.info/sct/900000000000207008/id/90748009\">90748009</a></td><td>Motorcycle</td></tr><tr><td><a name=\"SILPH-OtherVehicleVS-http://snomed.info/sct-70224005\"> </a><code>http://snomed.info/sct</code></td><td>http://snomed.info/sct/900000000000207008/version/20241001</td><td style=\"white-space:nowrap\">\u00a0\u00a0<a href=\"http://snomed.info/sct/900000000000207008/id/70224005\">70224005</a></td><td>Bicycle</td></tr><tr><td><a name=\"SILPH-OtherVehicleVS-http://snomed.info/sct-12247004\"> </a><code>http://snomed.info/sct</code></td><td>http://snomed.info/sct/900000000000207008/version/20241001</td><td style=\"white-space:nowrap\">\u00a0\u00a0<a href=\"http://snomed.info/sct/900000000000207008/id/12247004\">12247004</a></td><td>Truck</td></tr><tr><td><a name=\"SILPH-OtherVehicleVS-http://snomed.info/sct-74964007\"> </a><code>http://snomed.info/sct</code></td><td>http://snomed.info/sct/900000000000207008/version/20241001</td><td style=\"white-space:nowrap\">\u00a0\u00a0<a href=\"http://snomed.info/sct/900000000000207008/id/74964007\">74964007</a></td><td>Others</td></tr><tr><td><a name=\"SILPH-OtherVehicleVS-http://snomed.info/sct-261665006\"> </a><code>http://snomed.info/sct</code></td><td>http://snomed.info/sct/900000000000207008/version/20241001</td><td style=\"white-space:nowrap\">\u00a0\u00a0<a href=\"http://snomed.info/sct/900000000000207008/id/261665006\">261665006</a></td><td>Unknown</td></tr><tr><td><a name=\"SILPH-OtherVehicleVS-http://www.roadsafetyph.doh.gov.ph/CodeSystem-TRICYCLE\"> </a><code>http://www.roadsafetyph.doh.gov.ph/CodeSystem</code></td><td>0.2.0</td><td style=\"white-space:nowrap\">\u00a0\u00a0TRICYCLE</td><td>Tricycle</td></tr><tr><td><a name=\"SILPH-OtherVehicleVS-http://www.roadsafetyph.doh.gov.ph/CodeSystem-JEEPNEY\"> </a><code>http://www.roadsafetyph.doh.gov.ph/CodeSystem</code></td><td>0.2.0</td><td style=\"white-space:nowrap\">\u00a0\u00a0JEEPNEY</td><td>Jeepney</td></tr></table></div>"},"url":"http://www.roadsafetyph.doh.gov.ph/ValueSet/SILPH-OtherVehicle","version":"0.3.0","name":"SILPH___Other_Vehicle_in_Collision__VS_","title":"SILPH - Other Vehicle in Collision (VS)","status":"draft","date":"2025-11-16T14:40:58+00:00","publisher":"UP Manila - National Institutes of Health - National Telehealth Center","contact":[{"name":"UP Manila - National Institutes of Health - National Telehealth Center","telecom":[{"system":"url","value":"https://github.com/UPM-NTHC/PH-RoadSafetyIG"}]},{"name":"PH Road Safety IG Repository","telecom":[{"system":"url","value":"https://github.com/UPM-NTHC/PH-RoadSafetyIG"}]}],"description":"SILPH Value Set for Other Vehicle in Collision Accident","jurisdiction":[{"coding":[{"system":"urn:iso:std:iso:3166","code":"PH","display":"Philippines"}]}],"compose":{"include":[{"system":"http://snomed.info/sct","version":"http://snomed.info/sct/900000000000207008/version/20241001","concept":[{"code":"260413007","display":"None"},{"code":"71783008","display":"Car"},{"code":"224832000","display":"Van"},{"code":"224830008","display":"Bus"},{"code":"90748009","display":"Motorcycle"},{"code":"70224005","display":"Bicycle"},{"code":"12247004","display":"Truck"},{"code":"74964007","display":"Others"},{"code":"261665006","display":"Unknown"}]},{"system":"http://www.roadsafetyph.doh.gov.ph/CodeSystem","concept":[{"code":"TRICYCLE","display":"Tricycle"},{"code":"JEEPNEY","display":"Jeepney"}]}]},"expansion":{"identifier":"urn:uuid:c5bbec0b-eacb-4ddd-9f25-6fa6343511ca","timestamp":"2025-10-29T23:49:36+00:00","total":11,"parameter":[{"name":"used-codesystem","valueUri":"http://snomed.info/sct|http://snomed.info/sct/900000000000207008/version/20241001"},{"name":"version","valueUri":"http://snomed.info/sct|http://snomed.info/sct/900000000000207008/version/20241001"},{"name":"used-codesystem","valueUri":"http://www.roadsafetyph.doh.gov.ph/CodeSystem|0.2.0"},{"name":"version","valueUri":"http://www.roadsafetyph.doh.gov.ph/CodeSystem|0.2.0"},{"name":"warning-draft","valueUri":"http://www.roadsafetyph.doh.gov.ph/CodeSystem|0.2.0"},{"name":"warning-draft","valueUri":"http://www.roadsafetyph.doh.gov.ph/ValueSet/SILPH-OtherVehicle|0.1.2"}],"contains":[{"system":"http://snomed.info/sct","version":"http://snomed.info/sct/900000000000207008/version/20241001","code":"260413007","display":"None"},{"system":"http://snomed.info/sct","version":"http://snomed.info/sct/900000000000207008/version/20241001","code":"71783008","display":"Car"},{"system":"http://snomed.info/sct","version":"http://snomed.info/sct/900000000000207008/version/20241001","code":"224832000","display":"Van"},{"system":"http://snomed.info/sct","version":"http://snomed.info/sct/900000000000207008/version/20241001","code":"224830008","display":"Bus"},{"system":"http://snomed.info/sct","version":"http://snomed.info/sct/900000000000207008/version/20241001","code":"90748009","display":"Motorcycle"},{"system":"http://snomed.info/sct","version":"http://snomed.info/sct/900000000000207008/version/20241001","code":"70224005","display":"Bicycle"},{"system":"http://snomed.info/sct","version":"http://snomed.info/sct/900000000000207008/version/20241001","code":"12247004","display":"Truck"},{"system":"http://snomed.info/sct","version":"http://snomed.info/sct/900000000000207008/version/20241001","code":"74964007","display":"Others"},{"system":"http://snomed.info/sct","version":"http://snomed.info/sct/900000000000207008/version/20241001","code":"261665006","display":"Unknown"},{"system":"http://www.roadsafetyph.doh.gov.ph/CodeSystem","version":"0.2.0","code":"TRICYCLE","display":"Tricycle"},{"system":"http://www.roadsafetyph.doh.gov.ph/CodeSystem","version":"0.2.0","code":"JEEPNEY","display":"Jeepney"}]}}