{"resourceType":"ValueSet","id":"intervention","text":{"status":"generated","div":"<div xmlns=\"http://www.w3.org/1999/xhtml\"><p class=\"res-header-id\"><b>Generated Narrative: ValueSet intervention</b></p><a name=\"intervention\"> </a><a name=\"hcintervention\"> </a><ul><li>Include these codes as defined in <a href=\"http://www.snomed.org/\"><code>http://snomed.info/sct</code></a> version <span title=\"Version is not explicity stated. No matching Code System found\">Not Stated (use latest from terminology server)</span><table class=\"none\"><tr><td style=\"white-space:nowrap\"><b>Code</b></td><td><b>Display</b></td></tr><tr><td><a href=\"http://snomed.info/id/80146002\">80146002</a></td><td>Appendectomy</td></tr><tr><td><a href=\"http://snomed.info/id/233604007\">233604007</a></td><td>Fracture reduction</td></tr></table></li></ul></div>"},"url":"https://build.fhir.org/ig/UPM-NTHC/PH-RoadSafetyIG/ValueSet/intervention","version":"0.1.0","name":"InterventionVS","title":"Medical Intervention Procedure Codes","status":"active","experimental":true,"date":"2025-10-09T07:33:25+00:00","publisher":"UP Manila - National Institutes of Health - National Telehealth Center","contact":[{"name":"UP Manila - National Institutes of Health - National Telehealth Center","telecom":[{"system":"url","value":"https://github.com/UPM-NTHC/PH-RoadSafetyIG"}]},{"name":"PH Road Safety IG Repository","telecom":[{"system":"url","value":"https://github.com/UPM-NTHC/PH-RoadSafetyIG"}]}],"description":"Procedure codes representing medical interventions.","jurisdiction":[{"coding":[{"system":"urn:iso:std:iso:3166","code":"PH","display":"Philippines"}]}],"compose":{"include":[{"system":"http://snomed.info/sct","concept":[{"code":"80146002","display":"Appendectomy"},{"code":"233604007","display":"Fracture reduction"}]}]}}