{
  "resourceType" : "AllergyIntolerance",
  "id" : "rs-example-allergy",
  "meta" : {
    "profile" : ["https://build.fhir.org/ig/UPM-NTHC/PH-RoadSafetyIG/StructureDefinition/rs-allergy-intolerance"]
  },
  "text" : {
    "status" : "generated",
    "div" : "<div xmlns=\"http://www.w3.org/1999/xhtml\">Example AllergyIntolerance: peanut allergy (SNOMED CT 91935009) confirmed for patient rs-example-patient; severe urticaria reaction recorded.</div>"
  },
  "clinicalStatus" : {
    "coding" : [{
      "system" : "http://terminology.hl7.org/CodeSystem/allergyintolerance-clinical",
      "code" : "active"
    }]
  },
  "verificationStatus" : {
    "coding" : [{
      "system" : "http://terminology.hl7.org/CodeSystem/allergyintolerance-verification",
      "code" : "unconfirmed"
    }]
  },
  "code" : {
    "text" : "Allergy to peanuts"
  },
  "patient" : {
    "reference" : "Patient/rs-example-patient"
  }
}