{
  "resourceType" : "Claim",
  "id" : "rs-bundle-example-claim",
  "meta" : {
    "profile" : ["https://build.fhir.org/ig/UPM-NTHC/PH-RoadSafetyIG/StructureDefinition/rs-claim"]
  },
  "text" : {
    "status" : "generated",
    "div" : "<div xmlns=\"http://www.w3.org/1999/xhtml\"><p class=\"res-header-id\"><b>Generated Narrative: Claim rs-bundle-example-claim</b></p><a name=\"rs-bundle-example-claim\"> </a><a name=\"hcrs-bundle-example-claim\"> </a><div style=\"display: inline-block; background-color: #d9e0e7; padding: 6px; margin: 4px; border: 1px solid #8da1b4; border-radius: 5px; line-height: 60%\"><p style=\"margin-bottom: 0px\"/><p style=\"margin-bottom: 0px\">Profile: <a href=\"StructureDefinition-rs-claim.html\">RS Claim</a></p></div><p><b>status</b>: Active</p><p><b>type</b>: <span title=\"Codes:{http://terminology.hl7.org/CodeSystem/claim-type institutional}\">Institutional</span></p><p><b>use</b>: Claim</p><p><b>patient</b>: <a href=\"Patient-rs-bundle-example-patient.html\">Thomas Niccolo Filamor Reyes (official) Male, DoB: 1990-01-01</a></p><p><b>created</b>: 2025-11-01</p><p><b>provider</b>: <a href=\"Organization-rs-bundle-example-organization.html\">Organization MetroCare EMS</a></p><p><b>priority</b>: <span title=\"Codes:{http://terminology.hl7.org/CodeSystem/processpriority normal}\">Normal</span></p><h3>Insurances</h3><table class=\"grid\"><tr><td style=\"display: none\">-</td><td><b>Sequence</b></td><td><b>Focal</b></td><td><b>Coverage</b></td></tr><tr><td style=\"display: none\">*</td><td>1</td><td>true</td><td><a href=\"Coverage-rs-bundle-example-coverage.html\">Coverage: status = active; type = extended healthcare; period = 2025-01-01 --&gt; 2025-12-31</a></td></tr></table><h3>Totals</h3><table class=\"grid\"><tr><td style=\"display: none\">-</td><td><b>Value</b></td><td><b>Currency</b></td></tr><tr><td style=\"display: none\">*</td><td>1500</td><td>Philippine piso[13]</td></tr></table></div>"
  },
  "status" : "active",
  "type" : {
    "coding" : [{
      "system" : "http://terminology.hl7.org/CodeSystem/claim-type",
      "code" : "institutional",
      "display" : "Institutional"
    }]
  },
  "use" : "claim",
  "patient" : {
    "reference" : "Patient/rs-bundle-example-patient"
  },
  "created" : "2025-11-01",
  "provider" : {
    "reference" : "Organization/rs-bundle-example-organization"
  },
  "priority" : {
    "coding" : [{
      "system" : "http://terminology.hl7.org/CodeSystem/processpriority",
      "code" : "normal"
    }]
  },
  "insurance" : [{
    "sequence" : 1,
    "focal" : true,
    "coverage" : {
      "reference" : "Coverage/rs-bundle-example-coverage"
    }
  }],
  "total" : {
    "value" : 1500,
    "currency" : "PHP"
  }
}