{
  "resourceType" : "Composition",
  "id" : "rs-bundle-example-composition-ems",
  "meta" : {
    "profile" : ["https://build.fhir.org/ig/UPM-NTHC/PH-RoadSafetyIG/StructureDefinition/rs-composition-ems"]
  },
  "text" : {
    "status" : "generated",
    "div" : "<div xmlns=\"http://www.w3.org/1999/xhtml\"><p class=\"res-header-id\"><b>Generated Narrative: Composition rs-bundle-example-composition-ems</b></p><a name=\"rs-bundle-example-composition-ems\"> </a><a name=\"hcrs-bundle-example-composition-ems\"> </a><div style=\"display: inline-block; background-color: #d9e0e7; padding: 6px; margin: 4px; border: 1px solid #8da1b4; border-radius: 5px; line-height: 60%\"><p style=\"margin-bottom: 0px\"/><p style=\"margin-bottom: 0px\">Profile: <a href=\"StructureDefinition-rs-composition-ems.html\">RS Composition — EMS Submission</a></p></div><p><b>status</b>: Final</p><p><b>type</b>: <span title=\"Codes:{http://loinc.org 92519-4}\">Emergency medical services patient care report</span></p><p><b>encounter</b>: <a href=\"Encounter-rs-bundle-example-encounter.html\">Encounter: identifier = Incident number: INC-2025-0102,Patient hospital visit number (observable entity): HCN-2025-1120; status = finished; class = ER (LOINC#LA10268-3); period = 2025-10-31 15:18:00+0800 --&gt; 2025-10-31 16:30:00+0800</a></p><p><b>date</b>: 2025-10-31 17:15:00+0800</p><p><b>author</b>: <a href=\"Practitioner-rs-bundle-example-practitioner-teamlead.html\">Practitioner Joel Rivera (official)</a></p><p><b>title</b>: EMS Referral to DOH Central ER</p></div>"
  },
  "status" : "final",
  "type" : {
    "coding" : [{
      "system" : "http://loinc.org",
      "code" : "92519-4",
      "display" : "Emergency medical services patient care report"
    }]
  },
  "subject" : {
    "reference" : "Patient/rs-bundle-example-patient"
  },
  "encounter" : {
    "reference" : "Encounter/rs-bundle-example-encounter"
  },
  "date" : "2025-10-31T17:15:00+08:00",
  "author" : [{
    "reference" : "Practitioner/rs-bundle-example-practitioner-teamlead"
  }],
  "title" : "EMS Referral to DOH Central ER",
  "section" : [{
    "title" : "Workflow / Timeline",
    "code" : {
      "coding" : [{
        "system" : "http://loinc.org",
        "code" : "55110-1",
        "display" : "Emergency medical services response narrative"
      }]
    },
    "entry" : [{
      "reference" : "Observation/rs-bundle-example-timeline-date-received"
    },
    {
      "reference" : "Observation/rs-bundle-example-timeline-time-enroute"
    },
    {
      "reference" : "Observation/rs-bundle-example-timeline-time-on-scene"
    },
    {
      "reference" : "Observation/rs-bundle-example-timeline-time-departed"
    },
    {
      "reference" : "Observation/rs-bundle-example-timeline-time-hospital"
    },
    {
      "reference" : "Observation/rs-bundle-example-timeline-time-station"
    },
    {
      "reference" : "Observation/rs-bundle-example-observation-runreport-comments"
    }]
  },
  {
    "title" : "Incident",
    "code" : {
      "coding" : [{
        "system" : "http://loinc.org",
        "code" : "11307-9",
        "display" : "Injury history narrative"
      }]
    },
    "entry" : [{
      "reference" : "Location/rs-bundle-example-incident-location"
    },
    {
      "reference" : "Observation/rs-bundle-example-observation-injury-datetime"
    },
    {
      "reference" : "Observation/rs-bundle-example-observation-injury-intent"
    },
    {
      "reference" : "Observation/rs-bundle-example-observation-transport-accident"
    },
    {
      "reference" : "Observation/rs-bundle-example-observation-mode-transport"
    },
    {
      "reference" : "Observation/rs-bundle-example-observation-reported-complaint"
    },
    {
      "reference" : "Observation/rs-bundle-example-observation-call-source"
    }]
  },
  {
    "title" : "Vital signs",
    "code" : {
      "coding" : [{
        "system" : "http://loinc.org",
        "code" : "8716-3",
        "display" : "Vital signs"
      }]
    },
    "entry" : [{
      "reference" : "Observation/rs-bundle-example-observation-respiratory-rate"
    },
    {
      "reference" : "Observation/rs-bundle-example-observation-pulse-rate"
    },
    {
      "reference" : "Observation/rs-bundle-example-observation-blood-pressure"
    },
    {
      "reference" : "Observation/rs-bundle-example-observation-body-temperature"
    },
    {
      "reference" : "Observation/rs-bundle-example-observation-cyanosis"
    },
    {
      "reference" : "Observation/rs-bundle-example-observation-gcs"
    }]
  },
  {
    "title" : "Clinical / Assessment",
    "code" : {
      "coding" : [{
        "system" : "http://loinc.org",
        "code" : "8648-8",
        "display" : "Emergency department clinical impressions"
      }]
    },
    "entry" : [{
      "reference" : "Observation/rs-bundle-example-observation-clinical-remarks"
    },
    {
      "reference" : "Procedure/rs-bundle-example-procedure-education"
    }]
  },
  {
    "title" : "Documents / Evidence",
    "code" : {
      "coding" : [{
        "system" : "http://loinc.org",
        "code" : "55109-3",
        "display" : "Clinical attachments"
      }]
    },
    "entry" : [{
      "reference" : "DocumentReference/rs-bundle-example-documentreference"
    }]
  },
  {
    "title" : "Procedures and Workflow Items",
    "code" : {
      "coding" : [{
        "system" : "http://loinc.org",
        "code" : "8714-3",
        "display" : "Procedures"
      }]
    },
    "entry" : [{
      "reference" : "ServiceRequest/rs-bundle-example-service-request"
    },
    {
      "reference" : "Task/rs-bundle-example-task"
    },
    {
      "reference" : "Procedure/rs-bundle-example-procedure-transport"
    }]
  }]
}