{
  "resourceType" : "DocumentReference",
  "id" : "rs-bundle-example-documentreference",
  "meta" : {
    "profile" : ["https://build.fhir.org/ig/UPM-NTHC/PH-RoadSafetyIG/StructureDefinition/rs-document-reference"]
  },
  "text" : {
    "status" : "generated",
    "div" : "<div xmlns=\"http://www.w3.org/1999/xhtml\"><p class=\"res-header-id\"><b>Generated Narrative: DocumentReference rs-bundle-example-documentreference</b></p><a name=\"rs-bundle-example-documentreference\"> </a><a name=\"hcrs-bundle-example-documentreference\"> </a><div style=\"display: inline-block; background-color: #d9e0e7; padding: 6px; margin: 4px; border: 1px solid #8da1b4; border-radius: 5px; line-height: 60%\"><p style=\"margin-bottom: 0px\"/><p style=\"margin-bottom: 0px\">Profile: <a href=\"StructureDefinition-rs-document-reference.html\">RS DocumentReference (Evidence)</a></p></div><p><b>status</b>: Current</p><p><b>type</b>: <span title=\"Codes:{http://loinc.org 18748-4}\">Document image</span></p><p><b>subject</b>: <a href=\"Patient-rs-bundle-example-patient.html\">Thomas Niccolo Filamor Reyes (official) Male, DoB: 1990-01-01</a></p><blockquote><p><b>content</b></p><h3>Attachments</h3><table class=\"grid\"><tr><td style=\"display: none\">-</td><td><b>ContentType</b></td><td><b>Url</b></td><td><b>Title</b></td></tr><tr><td style=\"display: none\">*</td><td>image/jpeg</td><td><a href=\"https://example.org/fhir/Binary/ems-crash-photo\">https://example.org/fhir/Binary/ems-crash-photo</a></td><td>Intersection scene photo</td></tr></table><p><b>format</b>: formatcodes: urn:ihe:pcc:dsr:2016 (urn:ihe:pcc:dsr:2016)</p></blockquote><h3>Contexts</h3><table class=\"grid\"><tr><td style=\"display: none\">-</td><td><b>Encounter</b></td></tr><tr><td style=\"display: none\">*</td><td><a href=\"Encounter-rs-bundle-example-encounter.html\">Encounter: identifier = Incident number: INC-2025-0102,Patient hospital visit number (observable entity): HCN-2025-1120; status = finished; class = ER (LOINC#LA10268-3); period = 2025-10-31 15:18:00+0800 --&gt; 2025-10-31 16:30:00+0800</a></td></tr></table></div>"
  },
  "status" : "current",
  "type" : {
    "coding" : [{
      "system" : "http://loinc.org",
      "code" : "18748-4",
      "display" : "Document image"
    }]
  },
  "subject" : {
    "reference" : "Patient/rs-bundle-example-patient"
  },
  "content" : [{
    "attachment" : {
      "contentType" : "image/jpeg",
      "url" : "https://example.org/fhir/Binary/ems-crash-photo",
      "title" : "Intersection scene photo"
    },
    "format" : {
      "system" : "http://terminology.hl7.org/CodeSystem/formatcodes",
      "code" : "urn:ihe:pcc:dsr:2016"
    }
  }],
  "context" : {
    "encounter" : [{
      "reference" : "Encounter/rs-bundle-example-encounter"
    }]
  }
}