{
  "resourceType" : "Location",
  "id" : "rs-bundle-example-incident-location",
  "meta" : {
    "profile" : ["https://build.fhir.org/ig/UPM-NTHC/PH-RoadSafetyIG/StructureDefinition/rs-incident-location-incident"]
  },
  "text" : {
    "status" : "generated",
    "div" : "<div xmlns=\"http://www.w3.org/1999/xhtml\"><p class=\"res-header-id\"><b>Generated Narrative: Location rs-bundle-example-incident-location</b></p><a name=\"rs-bundle-example-incident-location\"> </a><a name=\"hcrs-bundle-example-incident-location\"> </a><div style=\"display: inline-block; background-color: #d9e0e7; padding: 6px; margin: 4px; border: 1px solid #8da1b4; border-radius: 5px; line-height: 60%\"><p style=\"margin-bottom: 0px\"/><p style=\"margin-bottom: 0px\">Profile: <a href=\"StructureDefinition-rs-incident-location-incident.html\">RS Incident Location</a></p></div><p><b>name</b>: EDSA corner Ayala Ave</p><p><b>address</b>: Epifanio de los Santos Ave Makati City NCR 1223 PH (work)</p><h3>Positions</h3><table class=\"grid\"><tr><td style=\"display: none\">-</td><td><b>Longitude</b></td><td><b>Latitude</b></td></tr><tr><td style=\"display: none\">*</td><td>121.0225</td><td>14.5513</td></tr></table></div>"
  },
  "name" : "EDSA corner Ayala Ave",
  "address" : {
    "use" : "work",
    "line" : ["Epifanio de los Santos Ave"],
    "city" : "Makati City",
    "state" : "NCR",
    "postalCode" : "1223",
    "country" : "PH"
  },
  "position" : {
    "longitude" : 121.0225,
    "latitude" : 14.5513
  }
}