{
  "resourceType" : "Location",
  "id" : "rs-example-incident-location",
  "meta" : {
    "profile" : ["https://build.fhir.org/ig/UPM-NTHC/PH-RoadSafetyIG/StructureDefinition/rs-incident-location-incident"]
  },
  "text" : {
    "status" : "generated",
    "div" : "<div xmlns=\"http://www.w3.org/1999/xhtml\">Collision site along Epifanio de los Santos Avenue near Ayala Avenue, Makati City.</div>"
  },
  "name" : "EDSA - Ayala Southbound",
  "type" : [{
    "coding" : [{
      "system" : "http://terminology.hl7.org/CodeSystem/service-type",
      "code" : "236",
      "display" : "Accident"
    }]
  }],
  "address" : {
    "use" : "work",
    "line" : ["Epifanio de los Santos Ave"],
    "city" : "Makati City",
    "district" : "Barangay San Lorenzo",
    "state" : "NCR",
    "postalCode" : "1223",
    "country" : "PH"
  },
  "position" : {
    "longitude" : 121.0225,
    "latitude" : 14.5513
  }
}