{
  "resourceType" : "Location",
  "id" : "RSMinimumExampleLocation",
  "meta" : {
    "profile" : ["https://build.fhir.org/ig/UPM-NTHC/PH-RoadSafetyIG/StructureDefinition/rs-incident-location-incident"]
  },
  "text" : {
    "status" : "generated",
    "div" : "<div xmlns=\"http://www.w3.org/1999/xhtml\"><p class=\"res-header-id\"><b>Generated Narrative: Location RSMinimumExampleLocation</b></p><a name=\"RSMinimumExampleLocation\"> </a><a name=\"hcRSMinimumExampleLocation\"> </a><div style=\"display: inline-block; background-color: #d9e0e7; padding: 6px; margin: 4px; border: 1px solid #8da1b4; border-radius: 5px; line-height: 60%\"><p style=\"margin-bottom: 0px\"/><p style=\"margin-bottom: 0px\">Profile: <a href=\"StructureDefinition-rs-incident-location-incident.html\">RS Incident Location</a></p></div><p><b>description</b>: Incident at the corner of EDSA and Ayala Avenue</p><p><b>address</b>: EDSA corner Ayala Avenue Makati PH </p></div>"
  },
  "description" : "Incident at the corner of EDSA and Ayala Avenue",
  "address" : {
    "line" : ["EDSA corner Ayala Avenue"],
    "city" : "Makati",
    "country" : "PH"
  }
}