{
  "resourceType" : "Location",
  "id" : "rs-example-service-location-er",
  "meta" : {
    "profile" : ["https://build.fhir.org/ig/UPM-NTHC/PH-RoadSafetyIG/StructureDefinition/rs-location-service"]
  },
  "text" : {
    "status" : "generated",
    "div" : "<div xmlns=\"http://www.w3.org/1999/xhtml\">Emergency Room, Department of Health - Central Office.</div>"
  },
  "name" : "DOH Central ER",
  "type" : [{
    "coding" : [{
      "system" : "http://terminology.hl7.org/CodeSystem/v3-ServiceDeliveryLocationRoleType",
      "code" : "ER",
      "display" : "Emergency room"
    }]
  }],
  "address" : {
    "line" : ["San Lazaro Compound, Rizal Avenue"],
    "city" : "Manila",
    "state" : "NCR",
    "postalCode" : "1003",
    "country" : "PH"
  }
}