{
  "resourceType" : "MedicationStatement",
  "id" : "rs-example-medication-statement",
  "meta" : {
    "profile" : ["https://build.fhir.org/ig/UPM-NTHC/PH-RoadSafetyIG/StructureDefinition/rs-medication-statement"]
  },
  "text" : {
    "status" : "generated",
    "div" : "<div xmlns=\"http://www.w3.org/1999/xhtml\">Metformin 500 mg tablet taken twice daily by rs-example-patient.</div>"
  },
  "status" : "active",
  "medicationCodeableConcept" : {
    "coding" : [{
      "system" : "http://www.whocc.no/atc",
      "code" : "A10BA02",
      "display" : "metformin"
    }],
    "text" : "Metformin 500 mg tablet"
  },
  "subject" : {
    "reference" : "Patient/rs-example-patient"
  },
  "effectiveDateTime" : "2025-10-30"
}