{
  "resourceType" : "MedicationStatement",
  "id" : "RSMinimumExampleMedication",
  "meta" : {
    "profile" : ["https://build.fhir.org/ig/UPM-NTHC/PH-RoadSafetyIG/StructureDefinition/rs-medication-statement"]
  },
  "text" : {
    "status" : "generated",
    "div" : "<div xmlns=\"http://www.w3.org/1999/xhtml\"><p class=\"res-header-id\"><b>Generated Narrative: MedicationStatement RSMinimumExampleMedication</b></p><a name=\"RSMinimumExampleMedication\"> </a><a name=\"hcRSMinimumExampleMedication\"> </a><div style=\"display: inline-block; background-color: #d9e0e7; padding: 6px; margin: 4px; border: 1px solid #8da1b4; border-radius: 5px; line-height: 60%\"><p style=\"margin-bottom: 0px\"/><p style=\"margin-bottom: 0px\">Profile: <a href=\"StructureDefinition-rs-medication-statement.html\">RS MedicationStatement</a></p></div><p><b>status</b>: Active</p><p><b>medication</b>: <span title=\"Codes:\">Aspirin</span></p><p><b>subject</b>: <a href=\"Bundle-RSMinimumExampleBundle.html#urn-uuid-aaaa1111-bbbb-cccc-dddd-eeeeffff0001\">Thomas Niccolo Filamor Reyes (official) Male, DoB: 1990-01-01</a></p></div>"
  },
  "status" : "active",
  "medicationCodeableConcept" : {
    "text" : "Aspirin"
  },
  "subject" : {
    "reference" : "urn:uuid:aaaa1111-bbbb-cccc-dddd-eeeeffff0001"
  }
}