{
  "resourceType" : "Observation",
  "id" : "rs-bundle-example-observation-gcs",
  "meta" : {
    "profile" : ["https://build.fhir.org/ig/UPM-NTHC/PH-RoadSafetyIG/StructureDefinition/rs-observation-gcs"]
  },
  "text" : {
    "status" : "generated",
    "div" : "<div xmlns=\"http://www.w3.org/1999/xhtml\"><p class=\"res-header-id\"><b>Generated Narrative: Observation rs-bundle-example-observation-gcs</b></p><a name=\"rs-bundle-example-observation-gcs\"> </a><a name=\"hcrs-bundle-example-observation-gcs\"> </a><div style=\"display: inline-block; background-color: #d9e0e7; padding: 6px; margin: 4px; border: 1px solid #8da1b4; border-radius: 5px; line-height: 60%\"><p style=\"margin-bottom: 0px\"/><p style=\"margin-bottom: 0px\">Profile: <a href=\"StructureDefinition-rs-observation-gcs.html\">RS Observation - Glasgow Coma Scale</a></p></div><p><b>status</b>: Final</p><p><b>code</b>: <span title=\"Codes:{http://snomed.info/sct 248241002}\">Glasgow coma score (observable entity)</span></p><p><b>subject</b>: <a href=\"Patient-rs-bundle-example-patient.html\">Thomas Niccolo Filamor Reyes (official) Male, DoB: 1990-01-01</a></p><p><b>encounter</b>: <a href=\"Encounter-rs-bundle-example-encounter.html\">Encounter: identifier = Incident number: INC-2025-0102,Patient hospital visit number (observable entity): HCN-2025-1120; status = finished; class = ER (LOINC#LA10268-3); period = 2025-10-31 15:18:00+0800 --&gt; 2025-10-31 16:30:00+0800</a></p><p><b>effective</b>: 2025-10-31 16:05:00+0800</p><p><b>value</b>: 15</p><blockquote><p><b>component</b></p><p><b>code</b>: <span title=\"Codes:{http://snomed.info/sct 281395000}\">Glasgow Coma Score eye opening subscore (observable entity)</span></p><p><b>value</b>: <span title=\"Codes:{http://loinc.org LA6556-0}\">4 Spontaneous</span></p></blockquote><blockquote><p><b>component</b></p><p><b>code</b>: <span title=\"Codes:{http://snomed.info/sct 281397008}\">Glasgow Coma Scale verbal response subscore (observable entity)</span></p><p><b>value</b>: <span title=\"Codes:{http://loinc.org LA6561-0}\">5 Oriented</span></p></blockquote><blockquote><p><b>component</b></p><p><b>code</b>: <span title=\"Codes:{http://snomed.info/sct 281396004}\">Glasgow Coma Scale motor response subscore (observable entity)</span></p><p><b>value</b>: <span title=\"Codes:{http://loinc.org LA6567-7}\">6 To command</span></p></blockquote></div>"
  },
  "status" : "final",
  "code" : {
    "coding" : [{
      "system" : "http://snomed.info/sct",
      "version" : "http://snomed.info/sct/900000000000207008/version/20241001",
      "code" : "248241002",
      "display" : "Glasgow coma score (observable entity)"
    }]
  },
  "subject" : {
    "reference" : "Patient/rs-bundle-example-patient"
  },
  "encounter" : {
    "reference" : "Encounter/rs-bundle-example-encounter"
  },
  "effectiveDateTime" : "2025-10-31T16:05:00+08:00",
  "valueInteger" : 15,
  "component" : [{
    "code" : {
      "coding" : [{
        "system" : "http://snomed.info/sct",
        "version" : "http://snomed.info/sct/900000000000207008/version/20241001",
        "code" : "281395000",
        "display" : "Glasgow Coma Score eye opening subscore (observable entity)"
      }]
    },
    "valueCodeableConcept" : {
      "coding" : [{
        "system" : "http://loinc.org",
        "code" : "LA6556-0",
        "display" : "4 Spontaneous"
      }]
    }
  },
  {
    "code" : {
      "coding" : [{
        "system" : "http://snomed.info/sct",
        "version" : "http://snomed.info/sct/900000000000207008/version/20241001",
        "code" : "281397008",
        "display" : "Glasgow Coma Scale verbal response subscore (observable entity)"
      }]
    },
    "valueCodeableConcept" : {
      "coding" : [{
        "system" : "http://loinc.org",
        "code" : "LA6561-0",
        "display" : "5 Oriented"
      }]
    }
  },
  {
    "code" : {
      "coding" : [{
        "system" : "http://snomed.info/sct",
        "version" : "http://snomed.info/sct/900000000000207008/version/20241001",
        "code" : "281396004",
        "display" : "Glasgow Coma Scale motor response subscore (observable entity)"
      }]
    },
    "valueCodeableConcept" : {
      "coding" : [{
        "system" : "http://loinc.org",
        "code" : "LA6567-7",
        "display" : "6 To command"
      }]
    }
  }]
}