{
  "resourceType" : "Observation",
  "id" : "rs-example-observation-other-injury",
  "meta" : {
    "profile" : ["https://build.fhir.org/ig/UPM-NTHC/PH-RoadSafetyIG/StructureDefinition/rs-observation-other-injury"]
  },
  "text" : {
    "status" : "generated",
    "div" : "<div xmlns=\"http://www.w3.org/1999/xhtml\"><p class=\"res-header-id\"><b>Generated Narrative: Observation rs-example-observation-other-injury</b></p><a name=\"rs-example-observation-other-injury\"> </a><a name=\"hcrs-example-observation-other-injury\"> </a><div style=\"display: inline-block; background-color: #d9e0e7; padding: 6px; margin: 4px; border: 1px solid #8da1b4; border-radius: 5px; line-height: 60%\"><p style=\"margin-bottom: 0px\"/><p style=\"margin-bottom: 0px\">Profile: <a href=\"StructureDefinition-rs-observation-other-injury.html\">RS Observation - Other Specified Injury</a></p></div><p><b>status</b>: Final</p><p><b>code</b>: <span title=\"Codes:{http://snomed.info/sct 417163006}\">Traumatic or non-traumatic injury (disorder)</span></p><p><b>subject</b>: <a href=\"Patient-rs-example-patient.html\">Thomas Niccolo Filamor Reyes (official) Male, DoB: 1990-01-01</a></p><p><b>encounter</b>: <a href=\"Encounter-rs-example-encounter.html\">Encounter: extension = ,; identifier = http://doh.incident.system/#INC-2025-0007,http://doh.hospitalno.system/#HCN-2025-0459; status = finished; class = ER (LOINC#LA10268-3); period = 2025-10-31 13:45:00+0800 --&gt; 2025-10-31 16:30:00+0800</a></p><p><b>effective</b>: 2025-10-31 17:48:00+0800</p><p><b>value</b>: <span title=\"Codes:\">Soft tissue swelling on ankle</span></p><p><b>bodySite</b>: <span title=\"Codes:{http://snomed.info/sct 70258002}\">Ankle structure</span></p></div>"
  },
  "status" : "final",
  "code" : {
    "coding" : [{
      "system" : "http://snomed.info/sct",
      "version" : "http://snomed.info/sct/900000000000207008/version/20241001",
      "code" : "417163006",
      "display" : "Traumatic or non-traumatic injury (disorder)"
    }]
  },
  "subject" : {
    "reference" : "Patient/rs-example-patient"
  },
  "encounter" : {
    "reference" : "Encounter/rs-example-encounter"
  },
  "effectiveDateTime" : "2025-10-31T17:48:00+08:00",
  "valueCodeableConcept" : {
    "text" : "Soft tissue swelling on ankle"
  },
  "bodySite" : {
    "coding" : [{
      "system" : "http://snomed.info/sct",
      "version" : "http://snomed.info/sct/900000000000207008/version/20241001",
      "code" : "70258002",
      "display" : "Ankle structure"
    }]
  }
}