{
  "resourceType" : "Observation",
  "id" : "RSMinimumExampleObsPositionOfPatient",
  "meta" : {
    "profile" : ["https://build.fhir.org/ig/UPM-NTHC/PH-RoadSafetyIG/StructureDefinition/rs-observation-position-of-patient"]
  },
  "text" : {
    "status" : "generated",
    "div" : "<div xmlns=\"http://www.w3.org/1999/xhtml\"><p class=\"res-header-id\"><b>Generated Narrative: Observation RSMinimumExampleObsPositionOfPatient</b></p><a name=\"RSMinimumExampleObsPositionOfPatient\"> </a><a name=\"hcRSMinimumExampleObsPositionOfPatient\"> </a><div style=\"display: inline-block; background-color: #d9e0e7; padding: 6px; margin: 4px; border: 1px solid #8da1b4; border-radius: 5px; line-height: 60%\"><p style=\"margin-bottom: 0px\"/><p style=\"margin-bottom: 0px\">Profile: <a href=\"StructureDefinition-rs-observation-position-of-patient.html\">RS Observation - Position of Patient</a></p></div><p><b>status</b>: Final</p><p><b>code</b>: <span title=\"Codes:{http://www.roadsafetyph.doh.gov.ph/CodeSystem PATIENTPOSITION}\">Position of Patient</span></p><p><b>subject</b>: <a href=\"Bundle-RSMinimumExampleBundle.html#urn-uuid-aaaa1111-bbbb-cccc-dddd-eeeeffff0001\">Thomas Niccolo Filamor Reyes (official) Male, DoB: 1990-01-01</a></p><p><b>encounter</b>: <a href=\"Bundle-RSMinimumExampleBundle.html#urn-uuid-aaaa1111-bbbb-cccc-dddd-eeeeffff0002\">Encounter: identifier = http://doh.incident.system/#INC-2025-0102,http://doh.hospitalno.system/#HCN-2025-1120; status = finished; class = ER (LOINC#LA10268-3); period = 2025-11-08 14:30:00+0800 --&gt; 2025-11-08 16:45:00+0800</a></p><p><b>effective</b>: 2025-11-08 15:00:00+0800</p><p><b>value</b>: <span title=\"Codes:{http://snomed.info/sct 33831005}\">Driver</span></p></div>"
  },
  "status" : "final",
  "code" : {
    "coding" : [{
      "system" : "http://www.roadsafetyph.doh.gov.ph/CodeSystem",
      "version" : "1",
      "code" : "PATIENTPOSITION",
      "display" : "Position of Patient"
    }]
  },
  "subject" : {
    "reference" : "urn:uuid:aaaa1111-bbbb-cccc-dddd-eeeeffff0001"
  },
  "encounter" : {
    "reference" : "urn:uuid:aaaa1111-bbbb-cccc-dddd-eeeeffff0002"
  },
  "effectiveDateTime" : "2025-11-08T15:00:00+08:00",
  "valueCodeableConcept" : {
    "coding" : [{
      "system" : "http://snomed.info/sct",
      "version" : "http://snomed.info/sct/900000000000207008/version/20241001",
      "code" : "33831005",
      "display" : "Driver of vehicle (person)"
    }],
    "text" : "Driver"
  }
}