{
  "resourceType" : "Organization",
  "id" : "organization-stjaylords",
  "meta" : {
    "profile" : ["urn://example.com/ph-core/fhir/StructureDefinition/ph-core-organization"]
  },
  "text" : {
    "status" : "generated",
    "div" : "<div xmlns=\"http://www.w3.org/1999/xhtml\"><p class=\"res-header-id\"><b>Generated Narrative: Organization organization-stjaylords</b></p><a name=\"organization-stjaylords\"> </a><a name=\"hcorganization-stjaylords\"> </a><div style=\"display: inline-block; background-color: #d9e0e7; padding: 6px; margin: 4px; border: 1px solid #8da1b4; border-radius: 5px; line-height: 60%\"><p style=\"margin-bottom: 0px\"/><p style=\"margin-bottom: 0px\">Profile: <a href=\"https://build.fhir.org/ig/UP-Manila-SILab/ph-core/StructureDefinition-ph-core-organization.html\">PH Core Organization</a></p></div><p><b>type</b>: <span title=\"Codes:{http://terminology.hl7.org/CodeSystem/organization-type prov}\">Healthcare Provider</span></p><p><b>name</b>: St. Jaylord's Medical Center</p><p><b>address</b>: Quezon City, NCR, Philippines</p></div>"
  },
  "type" : [{
    "coding" : [{
      "system" : "http://terminology.hl7.org/CodeSystem/organization-type",
      "code" : "prov",
      "display" : "Healthcare Provider"
    }]
  }],
  "name" : "St. Jaylord's Medical Center",
  "address" : [{
    "text" : "Quezon City, NCR, Philippines"
  }]
}