{
  "resourceType" : "Organization",
  "id" : "rs-organization-single-ex",
  "meta" : {
    "profile" : ["https://build.fhir.org/ig/UPM-NTHC/PH-RoadSafetyIG/StructureDefinition/rs-organization"]
  },
  "text" : {
    "status" : "generated",
    "div" : "<div xmlns=\"http://www.w3.org/1999/xhtml\">The Department of Health - Central Office is a PH Core Organization located at San Lazaro Compound, Rizal Avenue, Manila, NCR, 1003, Philippines. The organization can be contacted through its health facility contact at +63-2-8651-7800. The regional designation is Ilocos Norte.</div>"
  },
  "identifier" : [{
    "system" : "http://doh.gov.ph/fhir/Identifier/doh-nhfr-code",
    "value" : "1234567890"
  }],
  "name" : "Department of Health - Central Office",
  "address" : [{
    "extension" : [{
      "url" : "urn://example.com/ph-core/fhir/StructureDefinition/region",
      "valueCoding" : {
        "system" : "urn://example.com/ph-core/fhir/CodeSystem/PSGC",
        "code" : "0102800000",
        "display" : "Ilocos Norte"
      }
    }],
    "use" : "work",
    "line" : ["San Lazaro Compound",
    "Rizal Avenue",
    "Rizal Avenue"],
    "city" : "Manila",
    "state" : "NCR",
    "postalCode" : "1003",
    "country" : "PH"
  }],
  "contact" : [{
    "name" : {
      "text" : "Health Facility Contact"
    },
    "telecom" : [{
      "system" : "phone",
      "value" : "+63-2-8651-7800"
    }],
    "address" : {
      "use" : "work",
      "city" : "Manila",
      "state" : "NCR",
      "postalCode" : "1003",
      "country" : "PH"
    }
  }]
}