{
  "resourceType" : "Organization",
  "id" : "RSMinimumExampleOrganization",
  "meta" : {
    "profile" : ["https://build.fhir.org/ig/UPM-NTHC/PH-RoadSafetyIG/StructureDefinition/rs-organization"]
  },
  "text" : {
    "status" : "generated",
    "div" : "<div xmlns=\"http://www.w3.org/1999/xhtml\"><p class=\"res-header-id\"><b>Generated Narrative: Organization RSMinimumExampleOrganization</b></p><a name=\"RSMinimumExampleOrganization\"> </a><a name=\"hcRSMinimumExampleOrganization\"> </a><div style=\"display: inline-block; background-color: #d9e0e7; padding: 6px; margin: 4px; border: 1px solid #8da1b4; border-radius: 5px; line-height: 60%\"><p style=\"margin-bottom: 0px\"/><p style=\"margin-bottom: 0px\">Profile: <a href=\"StructureDefinition-rs-organization.html\">RS Organization</a></p></div><p><b>name</b>: Department of Health - Central Office</p><p><b>telecom</b>: <a href=\"tel:+63-2-752-8401\">+63-2-752-8401</a></p><p><b>address</b>: San Lazaro Compound, Rizal Avenue Manila NCR 1003 PH </p></div>"
  },
  "name" : "Department of Health - Central Office",
  "telecom" : [{
    "system" : "phone",
    "value" : "+63-2-752-8401"
  }],
  "address" : [{
    "line" : ["San Lazaro Compound, Rizal Avenue"],
    "city" : "Manila",
    "state" : "NCR",
    "postalCode" : "1003",
    "country" : "PH"
  }]
}