{
  "resourceType" : "Patient",
  "id" : "patient-road-safety-age2",
  "meta" : {
    "profile" : ["https://build.fhir.org/ig/UPM-NTHC/PH-RoadSafetyIG/StructureDefinition/RS-Patient"]
  },
  "text" : {
    "status" : "generated",
    "div" : "<div xmlns=\"http://www.w3.org/1999/xhtml\"><p><b>Patient:</b> Unknown Male</p><p><b>Age:</b> 45 years (birthDate not available)</p></div>"
  },
  "extension" : [{
    "url" : "https://build.fhir.org/ig/UPM-NTHC/PH-RoadSafetyIG/StructureDefinition/rs-patient-age",
    "valueAge" : {
      "value" : 45,
      "unit" : "years",
      "system" : "http://unitsofmeasure.org",
      "code" : "a"
    }
  },
  {
    "url" : "http://hl7.org.ph/fhir/StructureDefinition/indigenousPeople",
    "valueCoding" : {
      "system" : "http://hl7.org/fhir/v3/NullFlavor",
      "code" : "UNK",
      "display" : "Unknown"
    }
  }],
  "identifier" : [{
    "system" : "http://hospital.example.org/hospital-patient-id",
    "value" : "HOSP-2025-0003"
  }],
  "gender" : "male",
  "managingOrganization" : {
    "reference" : "Organization/organization-hospital-ex"
  }
}