{
  "resourceType" : "Practitioner",
  "id" : "rs-practitioner-treatment",
  "meta" : {
    "profile" : ["urn://example.com/ph-core/fhir/StructureDefinition/ph-core-practitioner"]
  },
  "text" : {
    "status" : "generated",
    "div" : "<div xmlns=\"http://www.w3.org/1999/xhtml\">Treatment Officer: Paramedic Lea Dominguez.</div>"
  },
  "name" : [{
    "use" : "official",
    "family" : "Dominguez",
    "given" : ["Lea"]
  }],
  "telecom" : [{
    "system" : "phone",
    "value" : "+63-917-555-0190"
  }]
}