{
  "resourceType" : "Practitioner",
  "id" : "rs-bundle-example-practitioner-receiver",
  "meta" : {
    "profile" : ["urn://example.com/ph-core/fhir/StructureDefinition/ph-core-practitioner"]
  },
  "text" : {
    "status" : "generated",
    "div" : "<div xmlns=\"http://www.w3.org/1999/xhtml\"><p class=\"res-header-id\"><b>Generated Narrative: Practitioner rs-bundle-example-practitioner-receiver</b></p><a name=\"rs-bundle-example-practitioner-receiver\"> </a><a name=\"hcrs-bundle-example-practitioner-receiver\"> </a><div style=\"display: inline-block; background-color: #d9e0e7; padding: 6px; margin: 4px; border: 1px solid #8da1b4; border-radius: 5px; line-height: 60%\"><p style=\"margin-bottom: 0px\"/><p style=\"margin-bottom: 0px\">Profile: <a href=\"https://build.fhir.org/ig/UP-Manila-SILab/ph-core/StructureDefinition-ph-core-practitioner.html\">PH Core Practitioner</a></p></div><p><b>name</b>: Maria Cristina Santos (Official)</p><p><b>telecom</b>: <a href=\"tel:+63-917-555-0101\">+63-917-555-0101</a></p></div>"
  },
  "name" : [{
    "use" : "official",
    "family" : "Santos",
    "given" : ["Maria Cristina"]
  }],
  "telecom" : [{
    "system" : "phone",
    "value" : "+63-917-555-0101"
  }]
}