{
  "resourceType" : "Practitioner",
  "id" : "practitioner-ana-cruz",
  "meta" : {
    "profile" : ["urn://example.com/ph-core/fhir/StructureDefinition/ph-core-practitioner"]
  },
  "text" : {
    "status" : "generated",
    "div" : "<div xmlns=\"http://www.w3.org/1999/xhtml\"><p class=\"res-header-id\"><b>Generated Narrative: Practitioner practitioner-ana-cruz</b></p><a name=\"practitioner-ana-cruz\"> </a><a name=\"hcpractitioner-ana-cruz\"> </a><div style=\"display: inline-block; background-color: #d9e0e7; padding: 6px; margin: 4px; border: 1px solid #8da1b4; border-radius: 5px; line-height: 60%\"><p style=\"margin-bottom: 0px\"/><p style=\"margin-bottom: 0px\">Profile: <a href=\"https://build.fhir.org/ig/UP-Manila-SILab/ph-core/StructureDefinition-ph-core-practitioner.html\">PH Core Practitioner</a></p></div><p><b>name</b>: Dr. Ana Cruz</p></div>"
  },
  "name" : [{
    "text" : "Dr. Ana Cruz"
  }]
}