{
  "resourceType" : "Procedure",
  "id" : "rs-bundle-example-procedure-transport",
  "meta" : {
    "profile" : ["https://build.fhir.org/ig/UPM-NTHC/PH-RoadSafetyIG/StructureDefinition/rs-procedure-transport-coordination"]
  },
  "text" : {
    "status" : "generated",
    "div" : "<div xmlns=\"http://www.w3.org/1999/xhtml\"><p class=\"res-header-id\"><b>Generated Narrative: Procedure rs-bundle-example-procedure-transport</b></p><a name=\"rs-bundle-example-procedure-transport\"> </a><a name=\"hcrs-bundle-example-procedure-transport\"> </a><div style=\"display: inline-block; background-color: #d9e0e7; padding: 6px; margin: 4px; border: 1px solid #8da1b4; border-radius: 5px; line-height: 60%\"><p style=\"margin-bottom: 0px\"/><p style=\"margin-bottom: 0px\">Profile: <a href=\"StructureDefinition-rs-procedure-transport-coordination.html\">RS Procedure - Transport Coordination</a></p></div><p><b>status</b>: Completed</p><p><b>code</b>: <span title=\"Codes:{http://www.roadsafetyph.doh.gov.ph/CodeSystem COORDINATIONDONE}\">Was Transport Coordinated with Receiving Hospital?</span></p><p><b>subject</b>: <a href=\"Patient-rs-bundle-example-patient.html\">Thomas Niccolo Filamor Reyes (official) Male, DoB: 1990-01-01</a></p><p><b>encounter</b>: <a href=\"Encounter-rs-bundle-example-encounter.html\">Encounter: identifier = Incident number: INC-2025-0102,Patient hospital visit number (observable entity): HCN-2025-1120; status = finished; class = ER (LOINC#LA10268-3); period = 2025-10-31 15:18:00+0800 --&gt; 2025-10-31 16:30:00+0800</a></p><p><b>performed</b>: 2025-10-31 15:35:00+0800</p><p><b>note</b>: </p><blockquote><div><p>Coordination established with ER charge nurse prior to departure.</p>\n</div></blockquote></div>"
  },
  "status" : "completed",
  "code" : {
    "coding" : [{
      "system" : "http://www.roadsafetyph.doh.gov.ph/CodeSystem",
      "version" : "1",
      "code" : "COORDINATIONDONE",
      "display" : "Was Transport Coordinated with Receiving Hospital?"
    }]
  },
  "subject" : {
    "reference" : "Patient/rs-bundle-example-patient"
  },
  "encounter" : {
    "reference" : "Encounter/rs-bundle-example-encounter"
  },
  "performedDateTime" : "2025-10-31T15:35:00+08:00",
  "note" : [{
    "text" : "Coordination established with ER charge nurse prior to departure."
  }]
}