{
  "resourceType" : "ServiceRequest",
  "id" : "rs-bundle-example-service-request",
  "meta" : {
    "profile" : ["https://build.fhir.org/ig/UPM-NTHC/PH-RoadSafetyIG/StructureDefinition/rs-service-request"]
  },
  "text" : {
    "status" : "generated",
    "div" : "<div xmlns=\"http://www.w3.org/1999/xhtml\"><p class=\"res-header-id\"><b>Generated Narrative: ServiceRequest rs-bundle-example-service-request</b></p><a name=\"rs-bundle-example-service-request\"> </a><a name=\"hcrs-bundle-example-service-request\"> </a><div style=\"display: inline-block; background-color: #d9e0e7; padding: 6px; margin: 4px; border: 1px solid #8da1b4; border-radius: 5px; line-height: 60%\"><p style=\"margin-bottom: 0px\"/><p style=\"margin-bottom: 0px\">Profile: <a href=\"StructureDefinition-rs-service-request.html\">RS ServiceRequest</a></p></div><p><b>status</b>: Revoked</p><p><b>intent</b>: Plan</p><p><b>code</b>: <span title=\"Codes:\">Refusal to admit</span></p><p><b>subject</b>: <a href=\"Patient-rs-bundle-example-patient.html\">Thomas Niccolo Filamor Reyes (official) Male, DoB: 1990-01-01</a></p><p><b>encounter</b>: <a href=\"Encounter-rs-bundle-example-encounter.html\">Encounter: identifier = Incident number: INC-2025-0102,Patient hospital visit number (observable entity): HCN-2025-1120; status = finished; class = ER (LOINC#LA10268-3); period = 2025-10-31 15:18:00+0800 --&gt; 2025-10-31 16:30:00+0800</a></p><p><b>occurrence</b>: 2025-10-31 15:50:00+0800</p><p><b>supportingInfo</b>: </p><ul><li><a href=\"Organization-rs-bundle-example-organization.html\">Organization MetroCare EMS</a></li><li><a href=\"Practitioner-rs-bundle-example-practitioner-receiver.html\">Practitioner Maria Cristina Santos (official)</a></li></ul></div>"
  },
  "status" : "revoked",
  "intent" : "plan",
  "code" : {
    "text" : "Refusal to admit"
  },
  "subject" : {
    "reference" : "Patient/rs-bundle-example-patient"
  },
  "encounter" : {
    "reference" : "Encounter/rs-bundle-example-encounter"
  },
  "occurrenceDateTime" : "2025-10-31T15:50:00+08:00",
  "supportingInfo" : [{
    "reference" : "Organization/rs-bundle-example-organization"
  },
  {
    "reference" : "Practitioner/rs-bundle-example-practitioner-receiver"
  }]
}